"ID","Source","Subject","Question (truncated)","Quality Score","Grade","Verdict","Issues","Fixes"
"0","source-file","04_আন্তর্জাতিক_বিষয়াবলি","ন্যাটো (NATO) কবে প্রতিষ্ঠিত হয়?","99","Excellent","CLEAN","0","0"
"1","source-file","04_আন্তর্জাতিক_বিষয়াবলি","'অকাস' (AUKUS) সামরিক জোটের সদস্য দেশগুলো কী কী?","99","Excellent","CLEAN","0","0"
"2","source-file","04_আন্তর্জাতিক_বিষয়াবলি","'কোয়াড' (QUAD) জোটের ধারণা প্রথম কোন নেতা প্রস্তাব করেন?","99","Excellent","CLEAN","0","0"
"3","source-file","04_আন্তর্জাতিক_বিষয়াবলি","'Comprehensive Nuclear-Test-Ban Treaty' (CTBT) কবে জাতিসংঘ সাধারণ পরিষদে গৃহীত হ","99","Excellent","CLEAN","0","0"
"4","source-file","04_আন্তর্জাতিক_বিষয়াবলি","স্নায়ুযুদ্ধ (Cold War) চলাকালীন সোভিয়েত ইউনিয়নের নেতৃত্বাধীন সামরিক জোটের নাম","99","Excellent","CLEAN","0","0"
"5","source-file","04_আন্তর্জাতিক_বিষয়াবলি","'ফাইভ আইজ' (Five Eyes) মূলত কী ধরনের জোট?","99","Excellent","CLEAN","0","0"
"6","source-file","04_আন্তর্জাতিক_বিষয়াবলি","চীনের 'স্ট্রিং অফ পার্লস' (String of Pearls) কৌশলটি মূলত কোন অঞ্চলকে কেন্দ্র করে","99","Excellent","CLEAN","0","0"
"7","source-file","04_আন্তর্জাতিক_বিষয়াবলি","যুক্তরাষ্ট্রের 'মনরো ডকট্রিন' (Monroe Doctrine) এর মূল উদ্দেশ্য কী ছিল?","99","Excellent","CLEAN","0","0"
"8","source-file","04_আন্তর্জাতিক_বিষয়াবলি","'আয়রন ডোম' (Iron Dome) কোন দেশের আকাশ প্রতিরক্ষা ব্যবস্থা?","99","Excellent","CLEAN","0","0"
"9","source-file","04_আন্তর্জাতিক_বিষয়াবলি","'কিউবার ক্ষেপণাস্ত্র সংকট' (Cuban Missile Crisis) কত সালে সংঘটিত হয়েছিল?","99","Excellent","CLEAN","0","0"
"10","source-file","04_আন্তর্জাতিক_বিষয়াবলি","'নাইন-ড্যাশ লাইন' (Nine-Dash Line) কোন সাগরের বিরোধপূর্ণ সামুদ্রিক সীমানার সাথে ","99","Excellent","CLEAN","0","0"
"11","source-file","04_আন্তর্জাতিক_বিষয়াবলি","স্ট্র্যাটেজিক আর্মস রিডাকশন ট্রিটি (START) চুক্তি কাদের মধ্যে স্বাক্ষরিত হয়েছিল","99","Excellent","CLEAN","0","0"
"12","source-file","04_আন্তর্জাতিক_বিষয়াবলি","ইন্টারপোল (INTERPOL) এর সদর দপ্তর কোথায় অবস্থিত?","99","Excellent","CLEAN","0","0"
"13","source-file","04_আন্তর্জাতিক_বিষয়াবলি","'এমআই-সিক্স' (MI6) কোন দেশের বৈদেশিক গোয়েন্দা সংস্থা?","99","Excellent","CLEAN","0","0"
"14","source-file","04_আন্তর্জাতিক_বিষয়াবলি","'ট্রুম্যান ডকট্রিন' (Truman Doctrine) এর মূল উদ্দেশ্য কী ছিল?","99","Excellent","CLEAN","0","0"
"15","source-file","04_আন্তর্জাতিক_বিষয়াবলি","ফিলিস্তিন ভূখণ্ডে ইহুদিদের জন্য একটি জাতীয় বাসভূমি প্রতিষ্ঠার প্রথম আনুষ্ঠানিক ","99","Excellent","CLEAN","0","0"
"16","source-file","04_আন্তর্জাতিক_বিষয়াবলি","জাতিসংঘের নিরাপত্তা পরিষদের অস্থায়ী সদস্য দেশগুলোর মেয়াদ কত বছর?","99","Excellent","CLEAN","0","0"
"17","source-file","04_আন্তর্জাতিক_বিষয়াবলি","'আকসাই চীন' (Aksai Chin) অঞ্চলটি নিয়ে কোন দুটি দেশের মধ্যে সীমানা বিরোধ রয়েছে?","99","Excellent","CLEAN","0","0"
"18","source-file","04_আন্তর্জাতিক_বিষয়াবলি","কোন চুক্তির মাধ্যমে যুক্তরাষ্ট্র ও সোভিয়েত ইউনিয়নের মধ্যে অ্যান্টি-ব্যালিস্টিক","99","Excellent","CLEAN","0","0"
"19","source-file","04_আন্তর্জাতিক_বিষয়াবলি","'লাইন অব কন্ট্রোল' (Line of Control বা LoC) কোন দুটি দেশের মধ্যকার সামরিক নিয়ন্","99","Excellent","CLEAN","0","0"
"20","source-file","04_আন্তর্জাতিক_বিষয়াবলি","সিয়াটো (SEATO) জোটের সদর দপ্তর কোথায় ছিল?","99","Excellent","CLEAN","0","0"
"21","source-file","04_আন্তর্জাতিক_বিষয়াবলি","'ডুরান্ড লাইন' (Durand Line) কোন দুটি দেশের মধ্যকার সীমানা নির্ধারণকারী রেখা?","99","Excellent","CLEAN","0","0"
"22","source-file","04_আন্তর্জাতিক_বিষয়াবলি","বিশ্বের অন্যতম শক্তিশালী বৈদেশিক গোয়েন্দা সংস্থা 'মোসাদ' (Mossad) কোন দেশের?","99","Excellent","CLEAN","0","0"
"23","source-file","04_আন্তর্জাতিক_বিষয়াবলি","নিচের কোন দেশটি পারমাণবিক অস্ত্র সম্প্রসারণ রোধ চুক্তিতে (NPT) কখনোই স্বাক্ষর কর","99","Excellent","CLEAN","0","0"
"24","source-file","04_আন্তর্জাতিক_বিষয়াবলি","'আনজুস' (ANZUS) চুক্তি কোন সালে স্বাক্ষরিত হয়?","99","Excellent","CLEAN","0","0"
"25","source-file","04_আন্তর্জাতিক_বিষয়াবলি","'ব্লু ওয়াটার নেভি' (Blue Water Navy) বলতে কী বোঝায়?","99","Excellent","CLEAN","0","0"
"26","source-file","04_আন্তর্জাতিক_বিষয়াবলি","'কেজিবি' (KGB) কোন দেশের সাবেক প্রধান গোয়েন্দা সংস্থা ছিল?","99","Excellent","CLEAN","0","0"
"27","source-file","04_আন্তর্জাতিক_বিষয়াবলি","৩৮তম সমান্তরাল রেখা (38th Parallel) কোন দুটি দেশের মধ্যে সীমানা নির্ধারণ করেছে?","99","Excellent","CLEAN","0","0"
"28","source-file","04_আন্তর্জাতিক_বিষয়াবলি","জাতিসংঘের সনদের কোন অধ্যায়ে 'যৌথ নিরাপত্তা' (Collective Security) এবং সামরিক পদ","99","Excellent","CLEAN","0","0"
"29","source-file","04_আন্তর্জাতিক_বিষয়াবলি","বিশ্বের তেল বাণিজ্যের অন্যতম গুরুত্বপূর্ণ 'চোক পয়েন্ট' (Choke point) হরমুজ প্রণ","99","Excellent","CLEAN","0","0"
"30","source-file","04_আন্তর্জাতিক_বিষয়াবলি","ন্যাটো (NATO) সনদের ৫ নম্বর অনুচ্ছেদ (আর্টিকেল ৫) ইতিহাসে প্রথমবারের মতো কখন প্র","99","Excellent","CLEAN","0","0"
"31","source-file","04_আন্তর্জাতিক_বিষয়াবলি","১৯৫৫ সালে স্বাক্ষরিত ""বাগদাদ চুক্তি"" (Baghdad Pact) পরবর্তীতে কী নামে পরিচিতি লা","99","Excellent","CLEAN","0","0"
"32","source-file","04_আন্তর্জাতিক_বিষয়াবলি","দক্ষিণ-পূর্ব এশিয়ার জন্য গঠিত সামরিক জোট ""সিয়াটো"" (SEATO) গঠনের ভিত্তি ছিল কোন","99","Excellent","CLEAN","0","0"
"33","source-file","04_আন্তর্জাতিক_বিষয়াবলি","""কোয়াড"" (QUAD) জোটের সদস্য দেশ নয় কোনটি?","99","Excellent","CLEAN","0","0"
"34","source-file","04_আন্তর্জাতিক_বিষয়াবলি","কালেকটিভ সিকিউরিটি ট্রিটি অর্গানাইজেশন (CSTO) জোটের সদর দপ্তর কোথায় অবস্থিত?","99","Excellent","CLEAN","0","0"
"35","source-file","04_আন্তর্জাতিক_বিষয়াবলি","ইউরোপীয় ইউনিয়নের (EU) নিজস্ব সামরিক ও প্রতিরক্ষা নীতি কোনটি?","99","Excellent","CLEAN","0","0"
"36","source-file","04_আন্তর্জাতিক_বিষয়াবলি","আফ্রিকান ইউনিয়নের (AU) নিরাপত্তা ও শান্তিরক্ষা সংক্রান্ত সর্বোচ্চ সিদ্ধান্ত গ্র","99","Excellent","CLEAN","0","0"
"37","source-file","04_আন্তর্জাতিক_বিষয়াবলি","২০২৪ সালের মার্চ মাসে ন্যাটোর (NATO) ৩২তম সদস্য হিসেবে কোন দেশ আনুষ্ঠানিকভাবে যো","99","Excellent","CLEAN","0","0"
"38","source-file","04_আন্তর্জাতিক_বিষয়াবলি","নিচের কোন চুক্তিটি ""আফ্রিকান পারমাণবিক অস্ত্রমুক্ত অঞ্চল চুক্তি"" নামে পরিচিত?","99","Excellent","CLEAN","0","0"
"39","source-file","04_আন্তর্জাতিক_বিষয়াবলি","""ওয়ারশ প্যাক্ট"" (Warsaw Pact) আনুষ্ঠানিকভাবে কবে বিলুপ্ত ঘোষণা করা হয়?","99","Excellent","CLEAN","0","0"
"40","source-file","04_আন্তর্জাতিক_বিষয়াবলি","""ফাইভ আইজ"" (Five Eyes) জোটের গোড়াপত্তন হয়েছিল মূলত কোন চুক্তির মাধ্যমে?","99","Excellent","CLEAN","0","0"
"41","source-file","04_আন্তর্জাতিক_বিষয়াবলি","সাংহাই সহযোগিতা সংস্থা (SCO) সদস্য দেশগুলোর মধ্যে পরিচালিত নিয়মিত যৌথ সামরিক মহ","99","Excellent","CLEAN","0","0"
"42","source-file","04_আন্তর্জাতিক_বিষয়াবলি","অ্যান্টি-ব্যালিস্টিক মিসাইল (ABM) চুক্তি থেকে যুক্তরাষ্ট্র নিজেকে আনুষ্ঠানিকভাবে","99","Excellent","CLEAN","0","0"
"43","source-file","04_আন্তর্জাতিক_বিষয়াবলি","পশ্চিম আফ্রিকার দেশগুলোর অর্থনৈতিক জোট ইকোয়াস (ECOWAS)-এর সামরিক হস্তক্ষেপকারী ","99","Excellent","CLEAN","0","0"
"44","source-file","04_আন্তর্জাতিক_বিষয়াবলি","পারমাণবিক অস্ত্র সম্প্রসারণ রোধ চুক্তির (NPT) পর্যালোচনা সম্মেলন (Review Confere","99","Excellent","CLEAN","0","0"
"45","source-file","04_আন্তর্জাতিক_বিষয়াবলি","নিচের কোনটি দক্ষিণ প্রশান্ত মহাসাগরীয় অঞ্চলকে পারমাণবিক অস্ত্রমুক্ত করার চুক্তি","99","Excellent","CLEAN","0","0"
"46","source-file","04_আন্তর্জাতিক_বিষয়াবলি","""অকাস"" (AUKUS) চুক্তির আওতায় অস্ট্রেলিয়া কোন দেশের প্রযুক্তিতে পারমাণবিক সাবমে","99","Excellent","CLEAN","0","0"
"47","source-file","04_আন্তর্জাতিক_বিষয়াবলি","""রিও চুক্তি"" (Rio Pact) নামে পরিচিত ইন্টার-আমেরিকান ট্রিটি অব রেসিপ্রোকাল অ্যাসি","99","Excellent","CLEAN","0","0"
"48","source-file","04_আন্তর্জাতিক_বিষয়াবলি","কমপ্রিহেনসিভ নিউক্লিয়ার-টেস্ট-ব্যান ট্রিটি অর্গানাইজেশন (CTBTO) এর প্রস্তুতিমূল","99","Excellent","CLEAN","0","0"
"49","source-file","04_আন্তর্জাতিক_বিষয়াবলি","যুক্তরাষ্ট্র ও জাপানের মধ্যে বর্তমান ""পারস্পরিক সহযোগিতা ও নিরাপত্তা চুক্তি"" (Tr","99","Excellent","CLEAN","0","0"
"50","source-file","04_আন্তর্জাতিক_বিষয়াবলি","স্ট্র্যাটেজিক আর্মস লিমিটেশন টকস-২ (SALT II) চুক্তি কবে স্বাক্ষরিত হয়?","99","Excellent","CLEAN","0","0"
"51","source-file","04_আন্তর্জাতিক_বিষয়াবলি","ইন্টারমিডিয়েট-রেঞ্জ নিউক্লিয়ার ফোর্সেস (INF) চুক্তি কত সালে স্বাক্ষরিত হয়েছিল","99","Excellent","CLEAN","0","0"
"52","source-file","04_আন্তর্জাতিক_বিষয়াবলি","কৌশলগত অস্ত্র হ্রাস চুক্তি বা স্টার্ট-১ (START I) কবে স্বাক্ষরিত হয়?","99","Excellent","CLEAN","0","0"
"53","source-file","04_আন্তর্জাতিক_বিষয়াবলি","স্টার্ট-২ (START II) চুক্তি কোন সালে স্বাক্ষরিত হয়েছিল?","99","Excellent","CLEAN","0","0"
"54","source-file","04_আন্তর্জাতিক_বিষয়াবলি","""ট্রিটি অব মস্কো"" বা সর্ট (SORT) চুক্তি কবে স্বাক্ষরিত হয়?","99","Excellent","CLEAN","0","0"
"55","source-file","04_আন্তর্জাতিক_বিষয়াবলি","যুক্তরাষ্ট্র ও রাশিয়ার মধ্যকার ""নিউ স্টার্ট"" (New START) চুক্তির মেয়াদ সর্বশেষ","99","Excellent","CLEAN","0","0"
"56","source-file","04_আন্তর্জাতিক_বিষয়াবলি","কনভেনショナル আর্মড ফোর্সেস ইন ইউরোপ (CFE) চুক্তি কবে স্বাক্ষরিত হয়?","99","Excellent","CLEAN","0","0"
"57","source-file","04_আন্তর্জাতিক_বিষয়াবলি","উন্মুক্ত আকাশ চুক্তি বা ""ওপেন স্কাইজ ট্রিটি"" (Open Skies Treaty) কবে স্বাক্ষরিত ","99","Excellent","CLEAN","0","0"
"58","source-file","04_আন্তর্জাতিক_বিষয়াবলি","যুক্তরাষ্ট্র আনুষ্ঠানিকভাবে কবে ""ওপেন স্কাইজ ট্রিটি"" থেকে নিজেকে প্রত্যাহার করে ","99","Excellent","CLEAN","0","0"
"59","source-file","04_আন্তর্জাতিক_বিষয়াবলি","আউটার স্পেস ট্রিটি (Outer Space Treaty) কত সালে কার্যকর হয়?","99","Excellent","CLEAN","0","0"
"60","source-file","04_আন্তর্জাতিক_বিষয়াবলি","সিবেড আর্মস কন্ট্রোল ট্রিটি (Seabed Arms Control Treaty) কবে স্বাক্ষরিত হয়?","99","Excellent","CLEAN","0","0"
"61","source-file","04_আন্তর্জাতিক_বিষয়াবলি","অ্যান্টার্কটিকা চুক্তি (Antarctic Treaty) অনুসারে অ্যান্টার্কটিকা মহাদেশকে কবে অ","99","Excellent","CLEAN","0","0"
"62","source-file","04_আন্তর্জাতিক_বিষয়াবলি","জীবাণু ও বিষাক্ত অস্ত্র কনভেনশন (BWC) কবে স্বাক্ষরিত হয়?","99","Excellent","CLEAN","0","0"
"63","source-file","04_আন্তর্জাতিক_বিষয়াবলি","রাসায়নিক অস্ত্র নিবারণ চুক্তি (CWC) কবে স্বাক্ষরিত হয়?","99","Excellent","CLEAN","0","0"
"64","source-file","04_আন্তর্জাতিক_বিষয়াবলি","নির্দিষ্ট প্রচলিত অস্ত্র কনভেনশন (CCW) কত সালে স্বাক্ষরিত হয়?","99","Excellent","CLEAN","0","0"
"65","source-file","04_আন্তর্জাতিক_বিষয়াবলি","অ্যান্টি-পার্সোনেল ল্যান্ডমাইন ব্যবহার, উৎপাদন ও মজুত নিষিদ্ধকারী চুক্তিটি কী না","99","Excellent","CLEAN","0","0"
"66","source-file","04_আন্তর্জাতিক_বিষয়াবলি","ক্লাস্টার মিউনিশন্স কনভেনশন (CCM) কবে স্বাক্ষরিত হয়?","99","Excellent","CLEAN","0","0"
"67","source-file","04_আন্তর্জাতিক_বিষয়াবলি","বৈশ্বিক অস্ত্র বাণিজ্য নিয়ন্ত্রণের জন্য আর্মস ট্রেড ট্রিটি (ATT) কবে জাতিসংঘ সা","99","Excellent","CLEAN","0","0"
"68","source-file","04_আন্তর্জাতিক_বিষয়াবলি","পারমাণবিক অস্ত্র নিষিদ্ধকরণ চুক্তি (TPNW) কবে জাতিসংঘে গৃহীত হয়?","99","Excellent","CLEAN","0","0"
"69","source-file","04_আন্তর্জাতিক_বিষয়াবলি","আংশিক পারমাণবিক পরীক্ষা নিষিদ্ধকরণ চুক্তি (PTBT) কবে স্বাক্ষরিত হয়?","99","Excellent","CLEAN","0","0"
"70","source-file","04_আন্তর্জাতিক_বিষয়াবলি","""সেমিপ্যালাটিনস্ক চুক্তি"" (Treaty of Semipalatinsk) কোন অঞ্চলকে পারমাণবিক অস্ত্র","99","Excellent","CLEAN","0","0"
"71","source-file","04_আন্তর্জাতিক_বিষয়াবলি","দক্ষিণ-পূর্ব এশিয়াকে পারমাণবিক অস্ত্রমুক্ত করার চুক্তি কোনটি?","99","Excellent","CLEAN","0","0"
"72","source-file","04_আন্তর্জাতিক_বিষয়াবলি","ফাইভ পাওয়ার ডিফেন্স অ্যারেঞ্জমেন্টস (FPDA)-এর সদস্য নয় কোন দেশটি?","99","Excellent","CLEAN","0","0"
"73","source-file","04_আন্তর্জাতিক_বিষয়াবলি","যুক্তরাষ্ট্র ও দক্ষিণ কোরিয়ার মধ্যে পারস্পরিক প্রতিরক্ষা চুক্তি (Mutual Defense","99","Excellent","CLEAN","0","0"
"74","source-file","04_আন্তর্জাতিক_বিষয়াবলি","যুক্তরাষ্ট্র ও ফিলিপাইনের মধ্যকার পারস্পরিক প্রতিরক্ষা চুক্তিটি কবে স্বাক্ষরিত হ","99","Excellent","CLEAN","0","0"
"75","source-file","04_আন্তর্জাতিক_বিষয়াবলি","ন্যাটো সনদের কোন অনুচ্ছেদে সদস্য দেশগুলোর মধ্যে যেকোনো হুমকি মোকাবিলায় ""পারস্পর","99","Excellent","CLEAN","0","0"
"76","source-file","04_আন্তর্জাতিক_বিষয়াবলি","ন্যাটো (NATO) এর সদর দপ্তর বর্তমানে কোথায় অবস্থিত?","99","Excellent","CLEAN","0","0"
"77","source-file","04_আন্তর্জাতিক_বিষয়াবলি","১৯৪৯ সালে যখন ন্যাটো গঠিত হয়, তখন এর প্রতিষ্ঠাতা সদস্য রাষ্ট্রের সংখ্যা কত ছিল?","99","Excellent","AUTO","0","1"
"78","source-file","04_আন্তর্জাতিক_বিষয়াবলি","ওয়ারশ প্যাক্ট (Warsaw Pact) জোটের সদর দপ্তর কোথায় অবস্থিত ছিল?","99","Excellent","CLEAN","0","0"
"79","source-file","04_আন্তর্জাতিক_বিষয়াবলি","জোট নিরপেক্ষ আন্দোলন (NAM) আনুষ্ঠানিকভাবে কবে আত্মপ্রকাশ করে?","99","Excellent","CLEAN","0","0"
"80","source-file","04_আন্তর্জাতিক_বিষয়াবলি","দক্ষিণ-পূর্ব এশিয়া চুক্তি সংস্থা (SEATO) কবে আনুষ্ঠানিকভাবে বিলুপ্ত হয়?","99","Excellent","CLEAN","0","0"
"81","source-file","04_আন্তর্জাতিক_বিষয়াবলি","বাগদাদ চুক্তি বা সেন্টো (CENTO) আনুষ্ঠানিকভাবে কবে বিলুপ্ত ঘোষণা করা হয়?","99","Excellent","CLEAN","0","0"
"82","source-file","04_আন্তর্জাতিক_বিষয়াবলি","আরব লিগের সদস্য দেশগুলোর মধ্যে যৌথ প্রতিরক্ষা এবং অর্থনৈতিক সহযোগিতা চুক্তি কবে ","99","Excellent","CLEAN","0","0"
"83","source-file","04_আন্তর্জাতিক_বিষয়াবলি","উপসাগরীয় সহযোগিতা পরিষদ (GCC) এর যৌথ সামরিক বাহিনীর নাম কী?","99","Excellent","CLEAN","0","0"
"84","source-file","04_আন্তর্জাতিক_বিষয়াবলি","যুক্তরাষ্ট্র ও কানাডার যৌথ বিমান প্রতিরক্ষা ব্যবস্থা ""নোরাড"" (NORAD) কবে প্রতিষ্","99","Excellent","CLEAN","0","0"
"85","source-file","04_আন্তর্জাতিক_বিষয়াবলি","২০০১ সালের ৯/১১ হামলার পর ল্যাটিন আমেরিকার দেশগুলো যুক্তরাষ্ট্রকে সমর্থন জানাতে ","99","Excellent","CLEAN","0","0"
"86","source-file","04_আন্তর্জাতিক_বিষয়াবলি","অর্গানাইজেশন অব আফ্রিকান ইউনিটি (OAU) কবে প্রতিষ্ঠিত হয়, যার মূল লক্ষ্য ছিল আফ্","99","Excellent","CLEAN","0","0"
"87","source-file","04_আন্তর্জাতিক_বিষয়াবলি","অর্গানাইজেশন অব আফ্রিকান ইউনিটি (OAU) আনুষ্ঠানিকভাবে কবে ""আফ্রিকান ইউনিয়ন"" (AU)","95","Excellent","CLEAN","0","0"
"88","source-file","04_আন্তর্জাতিক_বিষয়াবলি","ব্রিকস (BRICS) জোটের উদ্যোগে ২০১৪ সালে প্রতিষ্ঠিত ""নিউ ডেভেলপমেন্ট ব্যাংক"" (NDB)","99","Excellent","CLEAN","0","0"
"89","source-file","04_আন্তর্জাতিক_বিষয়াবলি","সাংহাই সহযোগিতা সংস্থা (SCO) আনুষ্ঠানিকভাবে কবে আত্মপ্রকাশ করে?","99","Excellent","CLEAN","0","0"
"90","source-file","04_আন্তর্জাতিক_বিষয়াবলি","কোন সালে ভারত এবং পাকিস্তান সাংহাই সহযোগিতা সংস্থার (SCO) পূর্ণাঙ্গ সদস্যপদ লাভ ","99","Excellent","CLEAN","0","0"
"91","source-file","04_আন্তর্জাতিক_বিষয়াবলি","২০২৩ সালে সাংহাই সহযোগিতা সংস্থার (SCO) নবম পূর্ণাঙ্গ সদস্য হিসেবে কোন দেশ যোগদা","99","Excellent","CLEAN","0","0"
"92","source-file","04_আন্তর্জাতিক_বিষয়াবলি","কালেকটিভ সিকিউরিটি ট্রিটি অর্গানাইজেশন (CSTO) এর সনদের কোন অনুচ্ছেদে ন্যাটোর ""আর","99","Excellent","CLEAN","0","0"
"93","source-file","04_আন্তর্জাতিক_বিষয়াবলি","২০২২ সালের জানুয়ারি মাসে সরকারবিরোধী সহিংস বিক্ষোভ দমনে সিএসটিও (CSTO) শান্তিরক","99","Excellent","CLEAN","0","0"
"94","source-file","04_আন্তর্জাতিক_বিষয়াবলি","১৯৮৬ সালে যুক্তরাষ্ট্র আনজুস (ANZUS) চুক্তির আওতায় কোন দেশের প্রতি তার নিরাপত্ত","99","Excellent","CLEAN","0","0"
"95","source-file","04_আন্তর্জাতিক_বিষয়াবলি","দ্বিতীয় বিশ্বযুদ্ধের পর গোয়েন্দা তথ্য আদান-প্রদানের জন্য গঠিত ""ইউকেইউএসএ"" (UKU","99","Excellent","CLEAN","0","0"
"96","source-file","04_আন্তর্জাতিক_বিষয়াবলি","""কোয়াড"" (QUAD) জোট যা ২০০৭ সালে প্রাথমিকভাবে গঠিত হয়ে পরে নিষ্ক্রিয় হয়ে যায়","99","Excellent","CLEAN","0","0"
"97","source-file","04_আন্তর্জাতিক_বিষয়াবলি","""অকাস"" (AUKUS) নিরাপত্তা জোট কবে আনুষ্ঠানিকভাবে ঘোষণা করা হয়?","99","Excellent","CLEAN","0","0"
"98","source-file","04_আন্তর্জাতিক_বিষয়াবলি","ফাইভ আইজ (Five Eyes) জোটের সম্প্রসারণ বা ""ফাইভ আইজ প্লাস"" কাঠামোর জন্য কোন দেশগু","99","Excellent","CLEAN","0","0"
"99","source-file","04_আন্তর্জাতিক_বিষয়াবলি","""আইটুইউটু"" (I2U2) জোটের সদস্য দেশগুলো কী কী?","99","Excellent","CLEAN","0","0"
"100","source-file","04_আন্তর্জাতিক_বিষয়াবলি","ইসরায়েলের সাথে সম্পর্ক স্বাভাবিকীকরণের জন্য ২০২০ সালে স্বাক্ষরিত ""আব্রাহাম চুক্","99","Excellent","CLEAN","0","0"
"101","source-file","04_আন্তর্জাতিক_বিষয়াবলি","ইসরায়েল ও মিশরের মধ্যে ঐতিহাসিক ""ক্যাম্প ডেভিড চুক্তি"" (Camp David Accords) কবে","99","Excellent","CLEAN","0","0"
"102","source-file","04_আন্তর্জাতিক_বিষয়াবলি","ক্যাম্প ডেভিড চুক্তির ধারাবাহিকতায় মিশর ও ইসরায়েলের মধ্যে আনুষ্ঠানিক শান্তি চু","99","Excellent","CLEAN","0","0"
"103","source-file","04_আন্তর্জাতিক_বিষয়াবলি","ইসরায়েল এবং জর্ডানের মধ্যে আনুষ্ঠানিক শান্তি চুক্তি কবে স্বাক্ষরিত হয়?","99","Excellent","CLEAN","0","0"
"104","source-file","04_আন্তর্জাতিক_বিষয়াবলি","ফিলিস্তিনি কর্তৃপক্ষ (PA) গঠনে সহায়তাকারী ""অসলো-১ চুক্তি"" (Oslo I Accord) আনুষ্","99","Excellent","CLEAN","0","0"
"105","source-file","04_আন্তর্জাতিক_বিষয়াবলি","বসনিয়া ও হার্জেগোভিনার তিন বছরব্যাপী রক্তক্ষয়ী যুদ্ধের অবসান ঘটিয়েছিল কোন চুক","99","Excellent","CLEAN","0","0"
"106","source-file","04_আন্তর্জাতিক_বিষয়াবলি","উত্তর আয়ারল্যান্ডের দীর্ঘ সংঘাতের অবসান ঘটিয়ে ১৯৯৮ সালে কোন শান্তি চুক্তি স্বা","99","Excellent","CLEAN","0","0"
"107","source-file","04_আন্তর্জাতিক_বিষয়াবলি","১৪৯৪ সালে স্বাক্ষরিত ""তোরদেসিয়াস চুক্তি"" (Treaty of Tordesillas) ইউরোপের কোন দু","99","Excellent","CLEAN","0","0"
"108","source-file","04_আন্তর্জাতিক_বিষয়াবলি","নেপোলিয়ন বোনাপার্টের পতনের পর ইউরোপের রাজনৈতিক সীমানা পুনর্নির্ধারণ এবং দীর্ঘস্","99","Excellent","CLEAN","0","0"
"109","source-file","04_আন্তর্জাতিক_বিষয়াবলি","প্রথম বিশ্বযুদ্ধের পর আন্তর্জাতিক শান্তি ও নিরাপত্তা বজায় রাখার জন্য ভার্সাই চু","99","Excellent","CLEAN","0","0"
"110","source-file","04_আন্তর্জাতিক_বিষয়াবলি","১৯২৮ সালে স্বাক্ষরিত কোন চুক্তির মাধ্যমে সদস্য রাষ্ট্রগুলো জাতীয় নীতির হাতিয়ার","99","Excellent","CLEAN","0","0"
"111","source-file","04_আন্তর্জাতিক_বিষয়াবলি","জাতিসংঘের সনদ (UN Charter) আনুষ্ঠানিকভাবে কবে স্বাক্ষরিত হয়?","95","Excellent","CLEAN","0","0"
"112","source-file","04_আন্তর্জাতিক_বিষয়াবলি","পারমাণবিক অস্ত্র সম্প্রসারণ রোধ চুক্তির (NPT) কোন অনুচ্ছেদে বলা হয়েছে যে, জাতীয","99","Excellent","CLEAN","0","0"
"113","source-file","04_আন্তর্জাতিক_বিষয়াবলি","আন্তর্জাতিক পারমাণবিক শক্তি সংস্থা (IAEA) জাতিসংঘের অধীনে কবে প্রতিষ্ঠিত হয়?","99","Excellent","CLEAN","0","0"
"114","source-file","04_আন্তর্জাতিক_বিষয়াবলি","রাসায়নিক অস্ত্র নিষিদ্ধকরণ সংস্থা বা ওপিসিডব্লিউ (OPCW)-এর সদর দপ্তর কোথায় অবস","99","Excellent","CLEAN","0","0"
"115","source-file","04_আন্তর্জাতিক_বিষয়াবলি","সিরিয়ায় রাসায়নিক অস্ত্র ধ্বংসের কার্যক্রমে গুরুত্বপূর্ণ ভূমিকা পালনের জন্য ওপ","99","Excellent","CLEAN","0","0"
"116","source-file","04_আন্তর্জাতিক_বিষয়াবলি","মিসাইল টেকনোলজি কন্ট্রোল রেজিম (MTCR) কবে প্রতিষ্ঠিত হয়?","99","Excellent","CLEAN","0","0"
"117","source-file","04_আন্তর্জাতিক_বিষয়াবলি","প্রচলিত অস্ত্র এবং দ্বৈত-ব্যবহারযোগ্য প্রযুক্তি (Dual-use technology) রপ্তানি নি","99","Excellent","CLEAN","0","0"
"118","source-file","04_আন্তর্জাতিক_বিষয়াবলি","রাসায়নিক ও জীবাণু অস্ত্র তৈরিতে ব্যবহৃত হতে পারে এমন রাসায়নিক উপাদান ও প্রযুক্","99","Excellent","CLEAN","0","0"
"119","source-file","04_আন্তর্জাতিক_বিষয়াবলি","১৯৭৪ সালে ভারতের প্রথম পারমাণবিক অস্ত্র পরীক্ষার (স্মাইলিং বুদ্ধ) প্রতিক্রিয়ায়","99","Excellent","CLEAN","0","0"
"120","source-file","04_আন্তর্জাতিক_বিষয়াবলি","কমপ্রিহেনসিভ নিউক্লিয়ার-টেস্ট-ব্যান ট্রিটি (CTBT) কার্যকর হওয়ার জন্য ""অ্যানেক্","99","Excellent","CLEAN","0","0"
"121","source-file","04_আন্তর্জাতিক_বিষয়াবলি","পারমাণবিক অস্ত্রের জন্য অতি-প্রয়োজনীয় প্লুটোনিয়াম এবং হাইলি এনরিচড ইউরেনিয়াম","99","Excellent","CLEAN","0","0"
"122","source-file","04_আন্তর্জাতিক_বিষয়াবলি","১৯৮৩ সালে মার্কিন প্রেসিডেন্ট রোনাল্ড রিগ্যান মহাকাশভিত্তিক অ্যান্টি-ব্যালিস্টিক","99","Excellent","CLEAN","0","0"
"123","source-file","04_আন্তর্জাতিক_বিষয়াবলি","ইউরোপীয় ইউনিয়নের কোন চুক্তিতে সদস্য রাষ্ট্রগুলোর জন্য ""পারস্পরিক প্রতিরক্ষার"" ","99","Excellent","CLEAN","0","0"
"124","source-file","04_আন্তর্জাতিক_বিষয়াবলি","ইউরোপীয় ইউনিয়নের সদস্য রাষ্ট্রগুলোর মধ্যে প্রতিরক্ষা ক্ষেত্রে কাঠামোগত সামরিক ","99","Excellent","CLEAN","0","0"
"125","source-file","04_আন্তর্জাতিক_বিষয়াবলি","সাবেক সোভিয়েত ও পূর্ব ইউরোপীয় দেশগুলোর সাথে ন্যাটোর আস্থার সম্পর্ক তৈরি এবং সা","99","Excellent","CLEAN","0","0"
"126","source-file","04_আন্তর্জাতিক_বিষয়াবলি","স্নায়ুযুদ্ধ-পরবর্তী যুগে ন্যাটো এবং রাশিয়ার মধ্যে নিরাপত্তা সম্পর্ক, সহযোগিতা ","99","Excellent","CLEAN","0","0"
"127","source-file","04_আন্তর্জাতিক_বিষয়াবলি","সোভিয়েত ইউনিয়নের পতনের পর ১৯৯৪ সালে কোন চুক্তির মাধ্যমে ইউক্রেন তাদের ভূখণ্ডে ","99","Excellent","CLEAN","0","0"
"128","source-file","04_আন্তর্জাতিক_বিষয়াবলি","২০১৪ সালে পূর্ব ইউক্রেনের ডনবাস অঞ্চলে রাশিয়া-সমর্থিত বিচ্ছিন্নতাবাদী ও ইউক্রেন","99","Excellent","CLEAN","0","0"
"129","source-file","04_আন্তর্জাতিক_বিষয়াবলি","ইন্টারমিডিয়েট-রেঞ্জ নিউক্লিয়ার ফোর্সেস (INF) চুক্তি অনুযায়ী কত পাল্লার ভূমি থ","99","Excellent","CLEAN","0","0"
"130","source-file","04_আন্তর্জাতিক_বিষয়াবলি","দক্ষিণ এশীয় আঞ্চলিক সহযোগিতা সংস্থা (সার্ক) কবে আনুষ্ঠানিকভাবে প্রতিষ্ঠিত হয়?","99","Excellent","CLEAN","0","0"
"131","source-file","04_আন্তর্জাতিক_বিষয়াবলি","সার্কের (SAARC) সদর দপ্তর বা সচিবালয় কোথায় অবস্থিত?","99","Excellent","CLEAN","0","0"
"132","source-file","04_আন্তর্জাতিক_বিষয়াবলি","সার্কের প্রথম মহাসচিব কে ছিলেন?","99","Excellent","CLEAN","0","0"
"133","source-file","04_আন্তর্জাতিক_বিষয়াবলি","সার্কের বর্তমান সদস্য রাষ্ট্রের সংখ্যা কত?","99","Excellent","CLEAN","0","0"
"134","source-file","04_আন্তর্জাতিক_বিষয়াবলি","সার্ক কৃষি কেন্দ্র (SAARC Agriculture Centre) কোথায় অবস্থিত?","99","Excellent","CLEAN","0","0"
"135","source-file","04_আন্তর্জাতিক_বিষয়াবলি","সাফটা (SAFTA) চুক্তি মূলত কীসের সাথে সম্পর্কিত?","99","Excellent","CLEAN","0","0"
"136","source-file","04_আন্তর্জাতিক_বিষয়াবলি","সার্ক দুর্যোগ ব্যবস্থাপনা কেন্দ্র (SDMC) বর্তমানে কোথায় অবস্থিত?","99","Excellent","CLEAN","0","0"
"137","source-file","04_আন্তর্জাতিক_বিষয়াবলি","সার্ক এনার্জি সেন্টার (SAARC Energy Centre) কোথায় অবস্থিত?","99","Excellent","CLEAN","0","0"
"138","source-file","04_আন্তর্জাতিক_বিষয়াবলি","বিমসটেক (BIMSTEC) কবে প্রতিষ্ঠিত হয়?","99","Excellent","CLEAN","0","0"
"139","source-file","04_আন্তর্জাতিক_বিষয়াবলি","বিমসটেক (BIMSTEC) এর স্থায়ী সচিবালয় কোথায় অবস্থিত?","99","Excellent","CLEAN","0","0"
"140","source-file","04_আন্তর্জাতিক_বিষয়াবলি","বিমসটেক-এর বর্তমান সদস্য রাষ্ট্রের সংখ্যা কত?","99","Excellent","CLEAN","0","0"
"141","source-file","04_আন্তর্জাতিক_বিষয়াবলি","ডি-৮ (Developing-8) জোটটি কবে প্রতিষ্ঠিত হয়?","99","Excellent","CLEAN","0","0"
"142","source-file","04_আন্তর্জাতিক_বিষয়াবলি","ডি-৮ জোটের প্রধান রূপকার বা প্রবক্তা কে ছিলেন?","99","Excellent","CLEAN","0","0"
"143","source-file","04_আন্তর্জাতিক_বিষয়াবলি","ডি-৮ (D-8) এর সদর দপ্তর কোথায় অবস্থিত?","99","Excellent","CLEAN","0","0"
"144","source-file","04_আন্তর্জাতিক_বিষয়াবলি","ডি-৮ ভুক্ত দেশগুলোর মধ্যে একমাত্র ইউরোপীয় দেশ কোনটি?","99","Excellent","CLEAN","0","0"
"145","source-file","04_আন্তর্জাতিক_বিষয়াবলি","সাপটা (SAPTA) চুক্তি কত সালে স্বাক্ষরিত হয়?","99","Excellent","CLEAN","0","0"
"146","source-file","04_আন্তর্জাতিক_বিষয়াবলি","সার্ক যক্ষ্মা ও এইচআইভি/এইডস কেন্দ্র কোথায় অবস্থিত?","99","Excellent","CLEAN","0","0"
"147","source-file","04_আন্তর্জাতিক_বিষয়াবলি","সার্কের পর্যবেক্ষক (Observer) রাষ্ট্রের সংখ্যা কতটি?","99","Excellent","CLEAN","0","0"
"148","source-file","04_আন্তর্জাতিক_বিষয়াবলি","বিমসটেক (BIMSTEC) প্রতিষ্ঠার সময় এর পূর্বনাম কী ছিল?","99","Excellent","CLEAN","0","0"
"149","source-file","04_আন্তর্জাতিক_বিষয়াবলি","সার্ক সাংস্কৃতিক কেন্দ্র (SAARC Cultural Centre) কোথায় অবস্থিত?","99","Excellent","CLEAN","0","0"
"150","source-file","04_আন্তর্জাতিক_বিষয়াবলি","আসিয়ান (ASEAN) কবে প্রতিষ্ঠিত হয়?","99","Excellent","CLEAN","0","0"
"151","source-file","04_আন্তর্জাতিক_বিষয়াবলি","আসিয়ান (ASEAN) এর সদর দপ্তর কোথায় অবস্থিত?","99","Excellent","CLEAN","0","0"
"152","source-file","04_আন্তর্জাতিক_বিষয়াবলি","আসিয়ানের (ASEAN) বর্তমান পূর্ণাঙ্গ সদস্য রাষ্ট্রের সংখ্যা কতটি?","99","Excellent","CLEAN","0","0"
"153","source-file","04_আন্তর্জাতিক_বিষয়াবলি","নিচের কোন দেশটি আসিয়ানের সদস্য নয়?","99","Excellent","CLEAN","0","0"
"154","source-file","04_আন্তর্জাতিক_বিষয়াবলি","আসিয়ান আঞ্চলিক ফোরাম (ARF) কবে গঠিত হয়?","99","Excellent","CLEAN","0","0"
"155","source-file","04_আন্তর্জাতিক_বিষয়াবলি","সাংহাই সহযোগিতা সংস্থা (SCO) আনুষ্ঠানিকভাবে কবে প্রতিষ্ঠিত হয়?","99","Excellent","CLEAN","0","0"
"156","source-file","04_আন্তর্জাতিক_বিষয়াবলি","সাংহাই সহযোগিতা সংস্থার (SCO) সদর দপ্তর কোথায় অবস্থিত?","99","Excellent","CLEAN","0","0"
"157","source-file","04_আন্তর্জাতিক_বিষয়াবলি","২০২৪ সাল পর্যন্ত সাংহাই সহযোগিতা সংস্থার (SCO) পূর্ণাঙ্গ সদস্য রাষ্ট্রের সংখ্যা ","99","Excellent","CLEAN","0","0"
"158","source-file","04_আন্তর্জাতিক_বিষয়াবলি","এসসিও (SCO) এর সন্ত্রাসবাদ বিরোধী আঞ্চলিক কাঠামো 'র্যাটস' (RATS) এর সদর দপ্তর কো","99","Excellent","CLEAN","0","0"
"159","source-file","04_আন্তর্জাতিক_বিষয়াবলি","উপসাগরীয় সহযোগিতা পরিষদ (GCC) কবে প্রতিষ্ঠিত হয়?","99","Excellent","CLEAN","0","0"
"160","source-file","04_আন্তর্জাতিক_বিষয়াবলি","জিসিসি (GCC) এর সদর দপ্তর কোথায় অবস্থিত?","99","Excellent","CLEAN","0","0"
"161","source-file","04_আন্তর্জাতিক_বিষয়াবলি","নিচের কোন দেশটি জিসিসি (GCC) এর সদস্য নয়?","99","Excellent","CLEAN","0","0"
"162","source-file","04_আন্তর্জাতিক_বিষয়াবলি","আরব লিগ (Arab League) কবে প্রতিষ্ঠিত হয়?","99","Excellent","CLEAN","0","0"
"163","source-file","04_আন্তর্জাতিক_বিষয়াবলি","আরব লিগের সদর দপ্তর কোথায় অবস্থিত?","99","Excellent","CLEAN","0","0"
"164","source-file","04_আন্তর্জাতিক_বিষয়াবলি","আরব লিগের বর্তমান সদস্য রাষ্ট্রের সংখ্যা কতটি?","99","Excellent","CLEAN","0","0"
"165","source-file","04_আন্তর্জাতিক_বিষয়াবলি","অরগানাইজেশন অব ইসলামিক কোঅপারেশন (OIC) কবে প্রতিষ্ঠিত হয়?","99","Excellent","CLEAN","0","0"
"166","source-file","04_আন্তর্জাতিক_বিষয়াবলি","ওআইসি (OIC) এর সদর দপ্তর কোথায় অবস্থিত?","99","Excellent","CLEAN","0","0"
"167","source-file","04_আন্তর্জাতিক_বিষয়াবলি","ওআইসি (OIC) এর বর্তমান সদস্য রাষ্ট্রের সংখ্যা কতটি?","99","Excellent","CLEAN","0","0"
"168","source-file","04_আন্তর্জাতিক_বিষয়াবলি","ওআইসি (OIC) এর দাপ্তরিক ভাষা কয়টি ও কী কী?","99","Excellent","CLEAN","0","0"
"169","source-file","04_আন্তর্জাতিক_বিষয়াবলি","এশিয়া-প্যাসিফিক ইকোনমিক কোঅপারেশন (APEC) কবে প্রতিষ্ঠিত হয়?","99","Excellent","CLEAN","0","0"
"170","source-file","04_আন্তর্জাতিক_বিষয়াবলি","এপেক (APEC) এর সদর দপ্তর বা সচিবালয় কোথায় অবস্থিত?","99","Excellent","CLEAN","0","0"
"171","source-file","04_আন্তর্জাতিক_বিষয়াবলি","এশীয় উন্নয়ন ব্যাংক (ADB) এর সদর দপ্তর কোথায় অবস্থিত?","99","Excellent","CLEAN","0","0"
"172","source-file","04_আন্তর্জাতিক_বিষয়াবলি","মেকং-গঙ্গা কোঅপারেশন (MGC) কবে প্রতিষ্ঠিত হয়?","99","Excellent","CLEAN","0","0"
"173","source-file","04_আন্তর্জাতিক_বিষয়াবলি","এশিয়া কোঅপারেশন ডায়ালগ (ACD) জোটটির সদর দপ্তর কোথায় অবস্থিত?","99","Excellent","CLEAN","0","0"
"174","source-file","04_আন্তর্জাতিক_বিষয়াবলি","কলম্বো প্ল্যান (Colombo Plan) মূলত কীসের সাথে সম্পর্কিত?","99","Excellent","CLEAN","0","0"
"175","source-file","04_আন্তর্জাতিক_বিষয়াবলি","ইউরোপীয় ইউনিয়নের (EU) পূর্বসূরি 'ইউরোপীয় কয়লা ও ইস্পাত সম্প্রদায়' (ECSC) কব","99","Excellent","CLEAN","0","0"
"176","source-file","04_আন্তর্জাতিক_বিষয়াবলি","'রোম চুক্তি' (Treaty of Rome) কত সালে স্বাক্ষরিত হয়েছিল?","99","Excellent","CLEAN","0","0"
"177","source-file","04_আন্তর্জাতিক_বিষয়াবলি","কোন চুক্তির মাধ্যমে 'ইউরোপীয় ইউনিয়ন' (EU) আনুষ্ঠানিকভাবে প্রতিষ্ঠিত হয়?","99","Excellent","CLEAN","0","0"
"178","source-file","04_আন্তর্জাতিক_বিষয়াবলি","ইউরোপীয় ইউনিয়নের (EU) সদর দপ্তর কোথায় অবস্থিত?","99","Excellent","CLEAN","0","0"
"179","source-file","04_আন্তর্জাতিক_বিষয়াবলি","ইউরোপীয় ইউনিয়নের বর্তমান সদস্য রাষ্ট্রের সংখ্যা কতটি?","99","Excellent","CLEAN","0","0"
"180","source-file","04_আন্তর্জাতিক_বিষয়াবলি","'ইউরোজোন' (Eurozone) বলতে কী বোঝায়?","99","Excellent","CLEAN","0","0"
"181","source-file","04_আন্তর্জাতিক_বিষয়াবলি","বর্তমানে ইউরোজোনের (Eurozone) সদস্য রাষ্ট্রের সংখ্যা কতটি?","99","Excellent","CLEAN","0","0"
"182","source-file","04_আন্তর্জাতিক_বিষয়াবলি","ইউরোপীয় ইউনিয়নের একক মুদ্রা 'ইউরো' (Euro) ইলেকট্রনিকভাবে কবে চালু হয়?","99","Excellent","CLEAN","0","0"
"183","source-file","04_আন্তর্জাতিক_বিষয়াবলি","'ব্রেক্সিট' (Brexit) আনুষ্ঠানিকভাবে কবে কার্যকর হয়?","99","Excellent","CLEAN","0","0"
"184","source-file","04_আন্তর্জাতিক_বিষয়াবলি","'শেনজেন চুক্তি' (Schengen Agreement) মূলত কীসের সাথে সম্পর্কিত?","99","Excellent","CLEAN","0","0"
"185","source-file","04_আন্তর্জাতিক_বিষয়াবলি","ইউরোপীয় পার্লামেন্টের (European Parliament) সদর দপ্তর কোথায় অবস্থিত?","99","Excellent","CLEAN","0","0"
"186","source-file","04_আন্তর্জাতিক_বিষয়াবলি","ইউরোপীয় কেন্দ্রীয় ব্যাংক (European Central Bank - ECB) কোথায় অবস্থিত?","99","Excellent","CLEAN","0","0"
"187","source-file","04_আন্তর্জাতিক_বিষয়াবলি","'লিসবন চুক্তি' (Treaty of Lisbon) ইউরোপীয় ইউনিয়নে কবে কার্যকর হয়?","99","Excellent","CLEAN","0","0"
"188","source-file","04_আন্তর্জাতিক_বিষয়াবলি","ইউরোপীয় ইউনিয়ন (EU) কত সালে শান্তিতে নোবেল পুরস্কার লাভ করে?","99","Excellent","CLEAN","0","0"
"189","source-file","04_আন্তর্জাতিক_বিষয়াবলি","কাউন্সিল অব ইউরোপ (Council of Europe) কবে প্রতিষ্ঠিত হয়?","99","Excellent","CLEAN","0","0"
"190","source-file","04_আন্তর্জাতিক_বিষয়াবলি","ইউরোপীয় কোর্ট অব জাস্টিস (European Court of Justice - ECJ) কোথায় অবস্থিত?","99","Excellent","CLEAN","0","0"
"191","source-file","04_আন্তর্জাতিক_বিষয়াবলি","ওএসসিই (OSCE) এর সদর দপ্তর কোথায় অবস্থিত?","99","Excellent","CLEAN","0","0"
"192","source-file","04_আন্তর্জাতিক_বিষয়াবলি","কমনওয়েলথ অব ইন্ডিপেন্ডেন্ট স্টেটস (CIS) কবে গঠিত হয়?","99","Excellent","CLEAN","0","0"
"193","source-file","04_আন্তর্জাতিক_বিষয়াবলি","সিআইএস (CIS) এর সদর দপ্তর কোথায় অবস্থিত?","99","Excellent","CLEAN","0","0"
"194","source-file","04_আন্তর্জাতিক_বিষয়াবলি","নর্ডিক কাউন্সিল (Nordic Council) কবে প্রতিষ্ঠিত হয়?","99","Excellent","CLEAN","0","0"
"195","source-file","04_আন্তর্জাতিক_বিষয়াবলি","বেনেলাক্স (Benelux) বলতে কোন তিনটি দেশের অর্থনৈতিক জোটকে বোঝায়?","99","Excellent","CLEAN","0","0"
"196","source-file","04_আন্তর্জাতিক_বিষয়াবলি","'ফ্রনটেক্স' (Frontex) ইউরোপীয় ইউনিয়নের কোন ধরনের সংস্থা?","99","Excellent","CLEAN","0","0"
"197","source-file","04_আন্তর্জাতিক_বিষয়াবলি","অর্গানাইজেশন অব আফ্রিকান ইউনিটি (OAU) কবে প্রতিষ্ঠিত হয়?","99","Excellent","CLEAN","0","0"
"198","source-file","04_আন্তর্জাতিক_বিষয়াবলি","অর্গানাইজেশন অব আফ্রিকান ইউনিটি (OAU) আনুষ্ঠানিকভাবে কবে 'আফ্রিকান ইউনিয়ন' (AU)","95","Excellent","CLEAN","0","0"
"199","source-file","04_আন্তর্জাতিক_বিষয়াবলি","আফ্রিকান ইউনিয়নের (AU) সদর দপ্তর কোথায় অবস্থিত?","99","Excellent","CLEAN","0","0"
"200","source-file","04_আন্তর্জাতিক_বিষয়াবলি","আফ্রিকান ইউনিয়নের (AU) বর্তমান সদস্য রাষ্ট্রের সংখ্যা কতটি?","99","Excellent","CLEAN","0","0"
"201","source-file","04_আন্তর্জাতিক_বিষয়াবলি","ইকোওয়াস (ECOWAS) কোন অঞ্চলের দেশগুলোর একটি অর্থনৈতিক জোট?","99","Excellent","CLEAN","0","0"
"202","source-file","04_আন্তর্জাতিক_বিষয়াবলি","ইকোওয়াস (ECOWAS) এর সদর দপ্তর কোথায় অবস্থিত?","99","Excellent","CLEAN","0","0"
"203","source-file","04_আন্তর্জাতিক_বিষয়াবলি","অর্গানাইজেশন অব আমেরিকান স্টেটস (OAS) কবে প্রতিষ্ঠিত হয়?","99","Excellent","CLEAN","0","0"
"204","source-file","04_আন্তর্জাতিক_বিষয়াবলি","ওএএস (OAS) এর সদর দপ্তর কোথায় অবস্থিত?","99","Excellent","CLEAN","0","0"
"205","source-file","04_আন্তর্জাতিক_বিষয়াবলি","মার্কোসুর (MERCOSUR) কোন অঞ্চলের দেশগুলোর একটি শুল্ক সংঘ ও বাণিজ্যিক জোট?","99","Excellent","CLEAN","0","0"
"206","source-file","04_আন্তর্জাতিক_বিষয়াবলি","মার্কোসুর (MERCOSUR) এর সদর দপ্তর কোথায় অবস্থিত?","99","Excellent","CLEAN","0","0"
"207","source-file","04_আন্তর্জাতিক_বিষয়াবলি","নাফটা (NAFTA) চুক্তি কবে স্বাক্ষরিত বা কার্যকর হয়?","99","Excellent","CLEAN","0","0"
"208","source-file","04_আন্তর্জাতিক_বিষয়াবলি","নাফটা (NAFTA) চুক্তির বিলুপ্তি ঘটিয়ে ২০২০ সালের ১ জুলাই থেকে নতুন কোন বাণিজ্য চ","99","Excellent","CLEAN","0","0"
"209","source-file","04_আন্তর্জাতিক_বিষয়াবলি","উনাসুর (UNASUR) মূলত কোন মহাদেশের রাষ্ট্রগুলোর একটি ইউনিয়ন?","99","Excellent","CLEAN","0","0"
"210","source-file","04_আন্তর্জাতিক_বিষয়াবলি","আলবা (ALBA) জোটটি মূলত কাদের উদ্যোগে গঠিত হয়েছিল?","99","Excellent","CLEAN","0","0"
"211","source-file","04_আন্তর্জাতিক_বিষয়াবলি","ক্যারিকম (CARICOM) জোটের সদর দপ্তর কোথায় অবস্থিত?","99","Excellent","CLEAN","0","0"
"212","source-file","04_আন্তর্জাতিক_বিষয়াবলি","আরব মাগরেব ইউনিয়ন (Arab Maghreb Union) এর সদর দপ্তর কোথায় অবস্থিত?","99","Excellent","CLEAN","0","0"
"213","source-file","04_আন্তর্জাতিক_বিষয়াবলি","আফ্রিকান কন্টিনেন্টাল ফ্রি ট্রেড এরিয়া (AfCFTA) চুক্তি কবে থেকে আনুষ্ঠানিকভাবে ","99","Excellent","CLEAN","0","0"
"214","source-file","04_আন্তর্জাতিক_বিষয়াবলি","ব্রিকস (BRICS) জোটটি আনুষ্ঠানিকভাবে কবে প্রথম শীর্ষ সম্মেলন করে (তখন BRIC নামে)?","99","Excellent","CLEAN","0","0"
"215","source-file","04_আন্তর্জাতিক_বিষয়াবলি","সাউথ আফ্রিকা কবে ব্রিক (BRIC) জোটে যোগ দেয়, যার ফলে এর নাম হয় ব্রিকস (BRICS)?","99","Excellent","CLEAN","0","0"
"216","source-file","04_আন্তর্জাতিক_বিষয়াবলি","ব্রিকস (BRICS) প্রতিষ্ঠিত 'নিউ ডেভেলপমেন্ট ব্যাংক' (NDB) এর সদর দপ্তর কোথায় অবস","99","Excellent","CLEAN","0","0"
"217","source-file","04_আন্তর্জাতিক_বিষয়াবলি","২০২৪ সালের ১ জানুয়ারি ব্রিকস (BRICS) জোটে নতুন কয়টি দেশ পূর্ণাঙ্গ সদস্য হিসেবে","99","Excellent","CLEAN","0","0"
"218","source-file","04_আন্তর্জাতিক_বিষয়াবলি","জি-৭৭ (G-77) বা গ্রুপ অব ৭৭ কবে প্রতিষ্ঠিত হয়?","99","Excellent","CLEAN","0","0"
"219","source-file","04_আন্তর্জাতিক_বিষয়াবলি","জি-৭৭ (G-77) জোটের সদর দপ্তর কোথায় অবস্থিত?","99","Excellent","CLEAN","0","0"
"220","source-file","04_আন্তর্জাতিক_বিষয়াবলি","জি-২০ (G-20) বা গ্রুপ অব টোয়েন্টি কবে প্রতিষ্ঠিত হয়?","99","Excellent","CLEAN","0","0"
"221","source-file","04_আন্তর্জাতিক_বিষয়াবলি","২০২৩ সালের জি-২০ (G-20) নয়াদিল্লি শীর্ষ সম্মেলনে কোন সংস্থাটিকে জোটের নতুন স্থা","99","Excellent","CLEAN","0","0"
"222","source-file","04_আন্তর্জাতিক_বিষয়াবলি","ভারত মহাসাগরীয় অঞ্চলের দেশগুলোর জোট আইওআরএ (IORA) কবে প্রতিষ্ঠিত হয়?","99","Excellent","CLEAN","0","0"
"223","source-file","04_আন্তর্জাতিক_বিষয়াবলি","আইওআরএ (IORA) এর সদর দপ্তর কোথায় অবস্থিত?","99","Excellent","CLEAN","0","0"
"224","source-file","04_আন্তর্জাতিক_বিষয়াবলি","জোট নিরপেক্ষ আন্দোলন (NAM) আনুষ্ঠানিকভাবে কবে গঠিত হয়?","99","Excellent","CLEAN","0","0"
"225","source-file","04_আন্তর্জাতিক_বিষয়াবলি","জোট নিরপেক্ষ আন্দোলনের (NAM) সদর দপ্তর কোথায় অবস্থিত?","99","Excellent","CLEAN","0","0"
"226","source-file","04_আন্তর্জাতিক_বিষয়াবলি","ইউরোপিয়ান ফ্রি ট্রেড অ্যাসোসিয়েশন (EFTA) কবে প্রতিষ্ঠিত হয়?","99","Excellent","CLEAN","0","0"
"227","source-file","04_আন্তর্জাতিক_বিষয়াবলি","গুয়াম (GUAM) নামক আঞ্চলিক জোটটি মূলত কোন অঞ্চলের দেশ নিয়ে গঠিত?","99","Excellent","CLEAN","0","0"
"228","source-file","04_আন্তর্জাতিক_বিষয়াবলি","ব্যাংক ফর ইন্টারন্যাশনাল সেটেলমেন্টস (BIS) এর সদর দপ্তর কোথায় অবস্থিত?","99","Excellent","CLEAN","0","0"
"229","source-file","04_আন্তর্জাতিক_বিষয়াবলি","বিশ্বের উন্নত অর্থনীতির দেশগুলোর জোট জি-৭ (G-7) কবে প্রতিষ্ঠিত হয়?","99","Excellent","CLEAN","0","0"
"230","source-file","04_আন্তর্জাতিক_বিষয়াবলি","জাতিসংঘের ভবন বা ইউ এন হাউজ ঢাকার কোথায় অবস্থিত?","99","Excellent","CLEAN","0","0"
"231","source-file","04_আন্তর্জাতিক_বিষয়াবলি","'জাতিসংঘ বিশ্ববিদ্যালয়' কোথায় অবস্থিত?","99","Excellent","CLEAN","0","0"
"232","source-file","04_আন্তর্জাতিক_বিষয়াবলি","১৯৭৪ সালের ১৭ সেপ্টেম্বর বাংলাদেশের সঙ্গে আর কোন কোন দেশগুলো জাতিসংঘের সদস্যপদ ল","99","Excellent","CLEAN","0","0"
"233","source-file","04_আন্তর্জাতিক_বিষয়াবলি","জাতিসংঘের নিরাপত্তা পরিষদের অস্থায়ী সদস্য দেশের সংখ্যা কতটি?","99","Excellent","CLEAN","0","0"
"234","source-file","04_আন্তর্জাতিক_বিষয়াবলি","আটলান্টিক সনদের ভিত্তিতে গঠিত হয়?","99","Excellent","CLEAN","0","0"
"235","source-file","04_আন্তর্জাতিক_বিষয়াবলি","জাতিসংঘে ভেটো ক্ষমতা সম্পন্ন এশীয় দেশ কয়টি?","99","Excellent","CLEAN","0","0"
"236","source-file","04_আন্তর্জাতিক_বিষয়াবলি","Which nation always speaks first at the UN General Assembly?","99","Excellent","CLEAN","0","0"
"237","source-file","04_আন্তর্জাতিক_বিষয়াবলি","The most recent state to join United Nations (UN) is-","99","Excellent","CLEAN","0","0"
"238","source-file","04_আন্তর্জাতিক_বিষয়াবলি","Which of the following countries is not an UN member?","99","Excellent","CLEAN","0","0"
"239","source-file","04_আন্তর্জাতিক_বিষয়াবলি","জাতিসংঘের মহাসচিব অ্যান্টোনিও গুতেরেস কোন দেশের নাগরিক?","99","Excellent","CLEAN","0","0"
"240","source-file","04_আন্তর্জাতিক_বিষয়াবলি","জাতিসংঘভুক্ত রাষ্ট্রসমূহের সর্বোচ্চ কূটনীতিকদের বলা হয়?","99","Excellent","CLEAN","0","0"
"241","source-file","04_আন্তর্জাতিক_বিষয়াবলি","Which one of the following countries is a member of the group 'p5+1?","99","Excellent","CLEAN","0","0"
"242","source-file","04_আন্তর্জাতিক_বিষয়াবলি","জাতিসংঘ কোন প্রধান উদ্দেশ্যে স্থাপিত হয়?","99","Excellent","CLEAN","0","0"
"243","source-file","04_আন্তর্জাতিক_বিষয়াবলি","লীগ অব নেশনস কোন সালে বিলুপ্ত হয়?","99","Excellent","CLEAN","0","0"
"244","source-file","04_আন্তর্জাতিক_বিষয়াবলি","LUNO বলতে কী বোঝায়?","99","Excellent","CLEAN","0","0"
"245","source-file","04_আন্তর্জাতিক_বিষয়াবলি","১৯৪৫ সালে জাতিসংঘ সনদ (Charter) কোথায় স্বাক্ষরিত হয়?","99","Excellent","CLEAN","0","0"
"246","source-file","04_আন্তর্জাতিক_বিষয়াবলি","জাতিসংঘ সনদ কোন সালে কার্যকর হয়?","99","Excellent","CLEAN","0","0"
"247","source-file","04_আন্তর্জাতিক_বিষয়াবলি","জাতিসংঘ সনদ (1945) এ মোট কতটি দেশ স্বাক্ষর করেছিল?","99","Excellent","CLEAN","0","0"
"248","source-file","04_আন্তর্জাতিক_বিষয়াবলি","জাতিসংঘ আত্মপ্রকাশ করে কবে?","99","Excellent","CLEAN","0","0"
"249","source-file","04_আন্তর্জাতিক_বিষয়াবলি","জাতিসংঘের ইউরোপীয় সদর দপ্তর কোথায় অবস্থিত?","99","Excellent","CLEAN","0","0"
"250","source-file","04_আন্তর্জাতিক_বিষয়াবলি","জাতিসংঘে বর্তমানে কয়টি ও কি কি ভাষায় সরকারি কাজকর্ম চলে?","99","Excellent","CLEAN","0","0"
"251","source-file","04_আন্তর্জাতিক_বিষয়াবলি","জাতিসংঘের কার্যকরী ভাষা দুটি হলো?","99","Excellent","CLEAN","0","0"
"252","source-file","04_আন্তর্জাতিক_বিষয়াবলি","জাতিসংঘের সবচেয়ে ক্ষুদ্র সদস্য রাষ্ট্র কোনটি?","99","Excellent","CLEAN","0","0"
"253","source-file","04_আন্তর্জাতিক_বিষয়াবলি","কোন দেশ পূর্বে জাতিসংঘের সদস্য ছিল বর্তমানে নেই?","99","Excellent","CLEAN","0","0"
"254","source-file","04_আন্তর্জাতিক_বিষয়াবলি","ইন্দোনেশিয়া কত সালে জাতিসংঘের সদস্যপদ প্রত্যাহার করে নিয়েছিল?","99","Excellent","CLEAN","0","0"
"255","source-file","04_আন্তর্জাতিক_বিষয়াবলি","২০১৫ সালে ইরানের সাথে মোট কয়টি দেশের পারমাণবিক চুক্তি স্বাক্ষরিত হয়েছে?","99","Excellent","CLEAN","0","0"
"256","source-file","04_আন্তর্জাতিক_বিষয়াবলি","জাতিসংঘের নিরাপত্তা পরিষদে 'ভেটো' প্রয়োগের ক্ষমতা রাখে কতজন সদস্য?","99","Excellent","CLEAN","0","0"
"257","source-file","04_আন্তর্জাতিক_বিষয়াবলি","জাতিসংঘের Security Council এর সদস্য নিম্নলিখিত ব্যাপারে Veto প্রয়োগ করতে পারেন?","99","Excellent","CLEAN","0","0"
"258","source-file","04_আন্তর্জাতিক_বিষয়াবলি","দ্বিতীয় মহাযুদ্ধোত্তর কোন সম্মেলন আমেরিকা ব্রিটিশ ও রুশ মিলিত হয়ে যুদ্ধের ফলাফ","99","Excellent","CLEAN","0","0"
"259","source-file","04_আন্তর্জাতিক_বিষয়াবলি","ভেটো কী?","99","Excellent","CLEAN","0","0"
"260","source-file","04_আন্তর্জাতিক_বিষয়াবলি","জাতিসংঘের স্থায়ী পর্যবেক্ষক দেশ (Observer State) কোনটি?","99","Excellent","CLEAN","0","0"
"261","source-file","04_আন্তর্জাতিক_বিষয়াবলি","নিচের কোনটি জাতিসংঘের সদস্য নয়?","99","Excellent","CLEAN","0","0"
"262","source-file","04_আন্তর্জাতিক_বিষয়াবলি","জাতিসংঘের সদর দপ্তর কোথায় অবস্থিত?","95","Excellent","CLEAN","0","0"
"263","source-file","04_আন্তর্জাতিক_বিষয়াবলি","কোন আন্তর্জাতিক সংস্থার পতাকায় জলপাই গাছ দেখা যায়?","99","Excellent","CLEAN","0","0"
"264","source-file","04_আন্তর্জাতিক_বিষয়াবলি","কোন দেশটির ভেটো ক্ষমতা নেই?","99","Excellent","CLEAN","0","0"
"265","source-file","04_আন্তর্জাতিক_বিষয়াবলি","'ভেটো' ক্ষমতা অধিকারী কোন কোন রাষ্ট্র?","99","Excellent","CLEAN","0","0"
"266","source-file","04_আন্তর্জাতিক_বিষয়াবলি","জাতিসংঘ নিরাপত্তা পরিষদের স্থায়ী সদস্য সংখ্যা?","99","Excellent","CLEAN","0","0"
"267","source-file","04_আন্তর্জাতিক_বিষয়াবলি","জাতিসংঘের নিরাপত্তা পরিষদে সর্বাধিক ভেটো প্রদানকারী দেশ কোনটি?","99","Excellent","CLEAN","0","0"
"268","source-file","04_আন্তর্জাতিক_বিষয়াবলি","The world's largest international organization and a successor to the League of ","99","Excellent","CLEAN","0","0"
"269","source-file","04_আন্তর্জাতিক_বিষয়াবলি","নিচের যে দেশটি জাতিসংঘ নিরাপত্তা পরিষদের স্থায়ী সদস্য নয়-","99","Excellent","CLEAN","0","0"
"270","source-file","04_আন্তর্জাতিক_বিষয়াবলি","ইরান পরমাণু চুক্তি স্বাক্ষর করেছে কোন পক্ষের সঙ্গে?","99","Excellent","CLEAN","0","0"
"271","source-file","04_আন্তর্জাতিক_বিষয়াবলি","জলপাই গাছ কীসের প্রতীক?","99","Excellent","CLEAN","0","0"
"272","source-file","04_আন্তর্জাতিক_বিষয়াবলি","জাতিসংঘের প্যালেস্টাইন রাষ্টের পদমর্যাদা কী?","99","Excellent","CLEAN","0","0"
"273","source-file","04_আন্তর্জাতিক_বিষয়াবলি","সুইজারল্যান্ড কবে জাতিসংঘের সদস্যপদ লাভ করে?","99","Excellent","CLEAN","0","0"
"274","source-file","04_আন্তর্জাতিক_বিষয়াবলি","জাতিসংঘের সর্বশেষ (১৯৩তম) সদস্য রাষ্ট্র কোনটি?","99","Excellent","CLEAN","0","0"
"275","source-file","04_আন্তর্জাতিক_বিষয়াবলি","ভেটো ক্ষমতা কী?","99","Excellent","CLEAN","0","0"
"276","source-file","04_আন্তর্জাতিক_বিষয়াবলি","জাতিসংঘের মূলমন্ত্র (Motto) হলো?","99","Excellent","CLEAN","0","0"
"277","source-file","04_আন্তর্জাতিক_বিষয়াবলি","বর্তমান জাতিসংঘ মহাসচিবের নাম কী?","99","Excellent","CLEAN","0","0"
"278","source-file","04_আন্তর্জাতিক_বিষয়াবলি","বিশ্ব শান্তি রক্ষার প্রধান দায়িত্ব জাতিসংঘের কোন পরিষদের?","99","Excellent","CLEAN","0","0"
"279","source-file","04_আন্তর্জাতিক_বিষয়াবলি","জাতিসংঘ সাধারণ পরিষদে এ পর্যন্ত কতজন নারী সভাপতিত্ব করেছে?","99","Excellent","CLEAN","0","0"
"280","source-file","04_আন্তর্জাতিক_বিষয়াবলি","জাতিসংঘের সাধারণ পরিষদের অধিবেশন অনুষ্ঠিত হয়েছিল কোন শহরে?","99","Excellent","CLEAN","0","0"
"281","source-file","04_আন্তর্জাতিক_বিষয়াবলি","জাতিসংঘের সাধারণ পরিষদের প্রথম নারী সভাপতি কে?","99","Excellent","CLEAN","0","0"
"282","source-file","04_আন্তর্জাতিক_বিষয়াবলি","জাতিসংঘের নিরাপত্তা পরিষদের মোট সদস্য সংখ্যা-","99","Excellent","CLEAN","0","0"
"283","source-file","04_আন্তর্জাতিক_বিষয়াবলি","কোন দেশটি অতীতে UN Security Council-এর স্থায়ী সদস্য ছিল?","99","Excellent","CLEAN","0","0"
"284","source-file","04_আন্তর্জাতিক_বিষয়াবলি","Which of the following countries is a G4 country?","99","Excellent","CLEAN","0","0"
"285","source-file","04_আন্তর্জাতিক_বিষয়াবলি","জাতিসংঘের নিরাপত্তা পরিষদে অস্থায়ী সদস্য রাষ্ট্র কত বছরের জন্য নির্বাচিত হন?","99","Excellent","CLEAN","0","0"
"286","source-file","04_আন্তর্জাতিক_বিষয়াবলি","জাতিসংঘের নিরাপত্তা পরিষদে সভাপতি সভাপতিত্ব করেন?","99","Excellent","CLEAN","0","0"
"287","source-file","04_আন্তর্জাতিক_বিষয়াবলি","জাতিসংঘ সাধারণ পরিষদের সভাপতি নির্বাচিত হয় বাংলাদেশ কত সালে?","99","Excellent","CLEAN","0","0"
"288","source-file","04_আন্তর্জাতিক_বিষয়াবলি","জাতিসংঘের সাধারণ পরিষদের ৪১তম অধিবেশনে সভাপতিত্ব করেছিলেন?","99","Excellent","CLEAN","0","0"
"289","source-file","04_আন্তর্জাতিক_বিষয়াবলি","বাংলাদেশ কত সালে জাতিসংঘের নিরাপত্তা পরিষদে অস্থায়ী সদস্যপদে নির্বাচিত হয়েছিল?","99","Excellent","CLEAN","0","0"
"290","source-file","04_আন্তর্জাতিক_বিষয়াবলি","জাতিসংঘের সাধারণ পরিষদের সিদ্ধান্ত অনুযায়ী প্রতি বছর আন্তর্জাতিক বর্ণবৈষম্যবাদ ","99","Excellent","CLEAN","0","0"
"291","source-file","04_আন্তর্জাতিক_বিষয়াবলি","Which one of the following is not a principal organ of the United Nations?","99","Excellent","CLEAN","0","0"
"292","source-file","04_আন্তর্জাতিক_বিষয়াবলি","জাতিসংঘে কোন দেশের ভেটো ক্ষমতা নেই?","99","Excellent","CLEAN","0","0"
"293","source-file","04_আন্তর্জাতিক_বিষয়াবলি","নিচের কোনটি জাতিসংঘের অঙ্গ সংস্থা?","99","Excellent","CLEAN","0","0"
"294","source-file","04_আন্তর্জাতিক_বিষয়াবলি","২০২৫-২৬ সালের জাতিসংঘের নিরাপত্তা পরিষদে এশিয়া অঞ্চল থেকে নির্বাচিত সদস্য দেশ ক","99","Excellent","CLEAN","0","0"
"295","source-file","04_আন্তর্জাতিক_বিষয়াবলি","জাতিসংঘের মূল অঙ্গ সংস্থা কয়টি?","99","Excellent","CLEAN","0","0"
"296","source-file","04_আন্তর্জাতিক_বিষয়াবলি","জাতিসংঘের সাধারণ পরিষদের প্রথম অধিবেশন অনুষ্ঠিত হয়?","99","Excellent","CLEAN","0","0"
"297","source-file","04_আন্তর্জাতিক_বিষয়াবলি","এসকাপের সদর দপ্তর কোথায় অবস্থিত?","99","Excellent","CLEAN","0","0"
"298","source-file","04_আন্তর্জাতিক_বিষয়াবলি","ইসিএ এর সদর দপ্তর কোথায়?","97","Excellent","CLEAN","0","0"
"299","source-file","04_আন্তর্জাতিক_বিষয়াবলি","Economic and Social Council-","99","Excellent","CLEAN","0","0"
"300","source-file","04_আন্তর্জাতিক_বিষয়াবলি","The international court of justice has-","99","Excellent","CLEAN","0","0"
"301","source-file","04_আন্তর্জাতিক_বিষয়াবলি","The International Court of Justice is located in-","99","Excellent","CLEAN","0","0"
"302","source-file","04_আন্তর্জাতিক_বিষয়াবলি","আন্তর্জাতিক আদালত (The International Court of Justice-ICJ) এর সদর দপ্তর-","99","Excellent","CLEAN","0","0"
"303","source-file","04_আন্তর্জাতিক_বিষয়াবলি","আন্তর্জাতিক আদালতের সদর দপ্তর কোন দেশে অবস্থিত?","99","Excellent","CLEAN","0","0"
"304","source-file","04_আন্তর্জাতিক_বিষয়াবলি","আন্তর্জাতিক আদালতের সভাপতি বা প্রেসিডেন্ট কত বছরের জন্য নিয়োগপ্রাপ্ত হন?","99","Excellent","CLEAN","0","0"
"305","source-file","04_আন্তর্জাতিক_বিষয়াবলি","আন্তর্জাতিক আদালতের বিচারকগণ কত বছরের জন্য নিয়োগপ্রাপ্ত হন?","99","Excellent","CLEAN","0","0"
"306","source-file","04_আন্তর্জাতিক_বিষয়াবলি","আন্তর্জাতিক আদালতে কোন দুটি দেশ প্রথম মামলা করেছিল?","99","Excellent","CLEAN","0","0"
"307","source-file","04_আন্তর্জাতিক_বিষয়াবলি","সম্প্রতি জাতিসংঘ মহাসচিবের বাংলাদেশ সফরের প্রধান উদ্দেশ্য কী ছিল?","99","Excellent","CLEAN","0","0"
"308","source-file","04_আন্তর্জাতিক_বিষয়াবলি","জাতিসংঘের মহাসচিব বাংলাদেশে আসেন সর্বশেষে কত তারিখে?","99","Excellent","CLEAN","0","0"
"309","source-file","04_আন্তর্জাতিক_বিষয়াবলি","জাতিসংঘের বর্তমান মহসচিব (Secretary General) এর নাম কী?","99","Excellent","CLEAN","0","0"
"310","source-file","04_আন্তর্জাতিক_বিষয়াবলি","জাতিসংঘের মহাসচিবের মেয়াদকাল কত বছর?","99","Excellent","CLEAN","0","0"
"311","source-file","04_আন্তর্জাতিক_বিষয়াবলি","জাতিসংঘের প্রথম মহাসচিব কোন দেশের নাগরিক (অধিবাসী) ছিলেন?","99","Excellent","CLEAN","0","0"
"312","source-file","04_আন্তর্জাতিক_বিষয়াবলি","দ্যাগ হ্যামারশোল্ড জাতিসংঘের মহাসচিব ছিলেন। তিনি তাঁর নাম কিভাবে লিখতেন?","99","Excellent","CLEAN","0","0"
"313","source-file","04_আন্তর্জাতিক_বিষয়াবলি","১৯৬১ থেকে ১৯৭১ সাল পর্যন্ত জাতিসংঘের সেক্রেটারি জেনারেল কে ছিলেন?","99","Excellent","CLEAN","0","0"
"314","source-file","04_আন্তর্জাতিক_বিষয়াবলি","নিচে উল্লিখিত জাতিসংঘের সেক্রেটারি জেনারেলদের কোন জন এশিয়া মহাদেশের অধিবাসী?","99","Excellent","CLEAN","0","0"
"315","source-file","04_আন্তর্জাতিক_বিষয়াবলি","জাতিসংঘের মহাসচিব কুর্ট ওয়াল্ডহেইম কোন দেশের নাগরিক ছিলেন?","99","Excellent","CLEAN","0","0"
"316","source-file","04_আন্তর্জাতিক_বিষয়াবলি","জাতিসংঘের বর্তমান মহাসচিব কোন দেশের নাগরিক?","99","Excellent","CLEAN","0","0"
"317","source-file","04_আন্তর্জাতিক_বিষয়াবলি","বাংলাদেশের মুক্তিযুদ্ধের সময় জাতিসংঘের মহাসচিব ছিলেন-","99","Excellent","CLEAN","0","0"
"318","source-file","04_আন্তর্জাতিক_বিষয়াবলি","জাতিসংঘের প্রথম মহাসচিব কে ছিলেন?","99","Excellent","CLEAN","0","0"
"319","source-file","04_আন্তর্জাতিক_বিষয়াবলি","জাতিসংঘের কতজন মহাসচিব শান্তিতে নোবেল পুরস্কার পান?","99","Excellent","CLEAN","0","0"
"320","source-file","04_আন্তর্জাতিক_বিষয়াবলি","The First Secretary General of the United Nations elected from Asia was-","99","Excellent","CLEAN","0","0"
"321","source-file","04_আন্তর্জাতিক_বিষয়াবলি","জাতিসংঘের মহাসচিব হিসাবে প্রথম কে বাংলাদেশ সফর করেন?","99","Excellent","CLEAN","0","0"
"322","source-file","04_আন্তর্জাতিক_বিষয়াবলি","জাতিসংঘের মহাসচিব কফি আনান বাংলাদেশ সফর করেন-","99","Excellent","CLEAN","0","0"
"323","source-file","04_আন্তর্জাতিক_বিষয়াবলি","কফি আনান কোন দেশের লোক?","99","Excellent","CLEAN","0","0"
"324","source-file","04_আন্তর্জাতিক_বিষয়াবলি","Interventions: A life in war and peace শীর্ষক আত্মজীবনী কার লেখা?","99","Excellent","CLEAN","0","0"
"325","source-file","04_আন্তর্জাতিক_বিষয়াবলি","জাতিসংঘের প্রথম এশীয় সেক্রেটারি জেনারেল কোন দেশের নাগরিক ছিলেন?","99","Excellent","CLEAN","0","0"
"326","source-file","04_আন্তর্জাতিক_বিষয়াবলি","জাতিসংঘের মহাসচিব বুট্রোস ঘালি কোন দেশের নাগরিক?","99","Excellent","CLEAN","0","0"
"327","source-file","04_আন্তর্জাতিক_বিষয়াবলি","জাতিসংঘের মহাসচিব কার সুপারিশে নির্বাচিত হন?","99","Excellent","CLEAN","0","0"
"328","source-file","04_আন্তর্জাতিক_বিষয়াবলি","আন্তর্জাতিক অপরাধ বিষয়ক আদালত (International Criminal Court) চুক্তি কোথায় স্বা","99","Excellent","CLEAN","0","0"
"329","source-file","04_আন্তর্জাতিক_বিষয়াবলি","আন্তর্জাতিক অপরাধ আদালত সংক্রান্ত চুক্তি কত সালে স্বাক্ষরিত হয়েছিল?","99","Excellent","CLEAN","0","0"
"330","source-file","04_আন্তর্জাতিক_বিষয়াবলি","আন্তর্জাতিক অপরাধ আদালতের সদর দপ্তর কোথায়?","99","Excellent","CLEAN","0","0"
"331","source-file","04_আন্তর্জাতিক_বিষয়াবলি","Rome Statute 1998 দ্বারা কোন আদালতের সৃষ্টি?","99","Excellent","CLEAN","0","0"
"332","source-file","04_আন্তর্জাতিক_বিষয়াবলি","কোন সনদের ভিত্তিতে আন্তর্জাতিক ফৌজদারি আদালত প্রতিষ্ঠিত হয়েছিল?","99","Excellent","CLEAN","0","0"
"333","source-file","04_আন্তর্জাতিক_বিষয়াবলি","ইন্টারন্যাশনাল ক্রিমিনাল কোর্ট (আইসিসি) কোন ধরনের অপরাধের বিচার করে না?","99","Excellent","CLEAN","0","0"
"334","source-file","04_আন্তর্জাতিক_বিষয়াবলি","টেকসই উন্নয়নের লক্ষ্যমাত্রা এর কত নাম্বার লক্ষ্যমাত্রা বিদ্যুৎ এর সাথে সংশ্লিষ্","99","Excellent","CLEAN","0","0"
"335","source-file","04_আন্তর্জাতিক_বিষয়াবলি","Which of the following SDG goals speaks about women empowerment?","99","Excellent","CLEAN","0","0"
"336","source-file","04_আন্তর্জাতিক_বিষয়াবলি","""Leave no one behind""- বক্তব্যটি-","99","Excellent","CLEAN","0","0"
"337","source-file","04_আন্তর্জাতিক_বিষয়াবলি","SDG এর টার্গেট কয়টি?","99","Excellent","CLEAN","0","0"
"338","source-file","04_আন্তর্জাতিক_বিষয়াবলি","কত সালে জাতিসংঘের সহস্রাব্দ ঘোষণাপত্র প্রকাশ করা হয়েছিল?","99","Excellent","CLEAN","0","0"
"339","source-file","04_আন্তর্জাতিক_বিষয়াবলি","২০১৫ সালে জাতিসংঘ সাধারণ পরিষদে গৃহীত টেকসই উন্নয়নের জন্য গৃহীত কর্মসূচি কোনটি?","99","Excellent","CLEAN","0","0"
"340","source-file","04_আন্তর্জাতিক_বিষয়াবলি","Sustainable Development Goals (SDG) শুরু হয়েছে--?","99","Excellent","CLEAN","0","0"
"341","source-file","04_আন্তর্জাতিক_বিষয়াবলি","জাতিসংঘ কর্তৃক ঘোষিত Sustainable Development Goals (SDG) কত সালের মধ্যে বাস্তবায","99","Excellent","CLEAN","0","0"
"342","source-file","04_আন্তর্জাতিক_বিষয়াবলি","SDG বা টেকসই লক্ষ্যমাত্রার ৪ নং লক্ষ্যমাত্রা ফোকাস কোনটি?","99","Excellent","CLEAN","0","0"
"343","source-file","04_আন্তর্জাতিক_বিষয়াবলি","SDG-এর পূর্ণরূপ হলো-","99","Excellent","CLEAN","0","0"
"344","source-file","04_আন্তর্জাতিক_বিষয়াবলি","টেকসই উন্নয়ন অভীষ্ট কবে গৃহীত হয়?","99","Excellent","CLEAN","0","0"
"345","source-file","04_আন্তর্জাতিক_বিষয়াবলি","জাতিসংঘ ঘোষিত টেকসই উন্নয়ন অভীষ্ট অর্জনে কত বছর নির্ধারণ করা হয়েছে?","99","Excellent","CLEAN","0","0"
"346","source-file","04_আন্তর্জাতিক_বিষয়াবলি","জাতিসংঘ ঘোষিত টেকসই উন্নয়ন অভীষ্ট এর উদ্দেশ্য হলো-","99","Excellent","CLEAN","0","0"
"347","source-file","04_আন্তর্জাতিক_বিষয়াবলি","SDG জাতিসংঘের কততম সাধারণ পরিষদে গৃহীত হয়?","99","Excellent","CLEAN","0","0"
"348","source-file","04_আন্তর্জাতিক_বিষয়াবলি","SDG Target-এ Maternal Morality rate কত শতাংশ কমবে?","99","Excellent","CLEAN","0","0"
"349","source-file","04_আন্তর্জাতিক_বিষয়াবলি","Sustainable Development এর মেয়াদ শেষ হবে কবে?","99","Excellent","CLEAN","0","0"
"350","source-file","04_আন্তর্জাতিক_বিষয়াবলি","SDG 13 is directly related with-","99","Excellent","CLEAN","0","0"
"351","source-file","04_আন্তর্জাতিক_বিষয়াবলি","Sustainable Development Goals (SDGs) এর সাথে নিচের কোন বিষয়টি প্রত্যক্ষভাবে জড়","99","Excellent","CLEAN","0","0"
"352","source-file","04_আন্তর্জাতিক_বিষয়াবলি","এমডিজির পূর্ণাঙ্গ রূপ?","99","Excellent","CLEAN","0","0"
"353","source-file","04_আন্তর্জাতিক_বিষয়াবলি","টেকসই উন্নয়ন লক্ষ্যমাত্রার অন্তর্গত নয়?","99","Excellent","CLEAN","0","0"
"354","source-file","04_আন্তর্জাতিক_বিষয়াবলি","নিচের কোনটি জাতিসংঘে ঘোষিত 'টেকসই উন্নয়ন লক্ষ্য' এর অন্তর্ভুক্ত নয়?","99","Excellent","CLEAN","0","0"
"355","source-file","04_আন্তর্জাতিক_বিষয়াবলি","টেকসই উন্নয়নের মূল বিষয় কী?","99","Excellent","CLEAN","0","0"
"356","source-file","04_আন্তর্জাতিক_বিষয়াবলি","টেকসই উন্নয়ন লক্ষ্যমাত্রা Sustainable Development Goals (SDG) এর সময়কাল?","99","Excellent","CLEAN","0","0"
"357","source-file","04_আন্তর্জাতিক_বিষয়াবলি","'টেকসই উন্নয়নের লক্ষ্য' এর প্রথম প্রস্তাবনা কী?","99","Excellent","CLEAN","0","0"
"358","source-file","04_আন্তর্জাতিক_বিষয়াবলি","Sustainable Developmental Goals (SDGs)- এর উদ্ভাবক প্রতিষ্ঠান?","99","Excellent","CLEAN","0","0"
"359","source-file","04_আন্তর্জাতিক_বিষয়াবলি","How many Goals are there to be achieved under the Millennium Development Goals (","99","Excellent","CLEAN","0","0"
"360","source-file","04_আন্তর্জাতিক_বিষয়াবলি","Which global initiative, launched in 2000, focuses on reducing extreme poverty, ","99","Excellent","CLEAN","0","0"
"361","source-file","04_আন্তর্জাতিক_বিষয়াবলি","According to the 'Sustainable Development Goals' (SDG) index 2025 Bangladesh has","99","Excellent","CLEAN","0","0"
"362","source-file","04_আন্তর্জাতিক_বিষয়াবলি","নিচের কোন সংস্থাটি ২১ ফেব্রুয়ারিকে আন্তর্জাতিক মাতৃভাষা দিবস হিসেবে স্বীকৃতি দি","99","Excellent","CLEAN","0","0"
"363","source-file","04_আন্তর্জাতিক_বিষয়াবলি","Where is the headquarter of international atomic energy agency (IAEA) located?","99","Excellent","CLEAN","0","0"
"364","source-file","04_আন্তর্জাতিক_বিষয়াবলি","বাংলাদেশ খাদ্য ও কৃষি সংস্থা (FAO) এর সদস্যপদ লাভ করে কত তারিখে?","99","Excellent","CLEAN","0","0"
"365","source-file","04_আন্তর্জাতিক_বিষয়াবলি","WTO Relates to-","99","Excellent","CLEAN","0","0"
"366","source-file","04_আন্তর্জাতিক_বিষয়াবলি","জাতিসংঘ শিশু সনদ অনুযায়ী শিশুর বয়স কত বছর?","99","Excellent","CLEAN","0","0"
"367","source-file","04_আন্তর্জাতিক_বিষয়াবলি","UN Convention on the Rights of Children কত সালে জাতিসংঘ কর্তৃক গৃহীত হয়?","99","Excellent","CLEAN","0","0"
"368","source-file","04_আন্তর্জাতিক_বিষয়াবলি","WHO (World Health Organization) এর সদর দপ্তর কোনটি?","99","Excellent","CLEAN","0","0"
"369","source-file","04_আন্তর্জাতিক_বিষয়াবলি","ইউনেস্কের সদর দপ্তর কোথায় অবস্থিত? / The Head Quarter of UNESCO is located at-","99","Excellent","CLEAN","0","0"
"370","source-file","04_আন্তর্জাতিক_বিষয়াবলি","কপিরাইট আইন কত সালে প্রণয়ন করা হয়?","99","Excellent","CLEAN","0","0"
"371","source-file","04_আন্তর্জাতিক_বিষয়াবলি","Which UN body deals with population problem? / UNFPA কোন বিষয় নিয়ে কাজ করে?","99","Excellent","CLEAN","0","0"
"372","source-file","04_আন্তর্জাতিক_বিষয়াবলি","বাংলাদেশ নিচের কোন সংস্থার সদস্য?","99","Excellent","CLEAN","0","0"
"373","source-file","04_আন্তর্জাতিক_বিষয়াবলি","Food and Agricultural Organization- এর বাংলা অনুবাদ কোনটি?","99","Excellent","CLEAN","0","0"
"374","source-file","04_আন্তর্জাতিক_বিষয়াবলি","জাতিসংঘের কোন সংস্থা খাদ্য ব্যবস্থার সঙ্গে সংশ্লিষ্ট?","99","Excellent","CLEAN","0","0"
"375","source-file","04_আন্তর্জাতিক_বিষয়াবলি","আন্তর্জাতিক শ্রম সংস্থার সংক্ষিপ্ত রূপ কোনটি?","99","Excellent","CLEAN","0","0"
"376","source-file","04_আন্তর্জাতিক_বিষয়াবলি","যুক্তরাষ্ট্র কত সালে জাতিসংঘের শিক্ষা, বিজ্ঞান ও সংস্কৃতি বিষয়ক সংস্থা (UNESCO)","99","Excellent","CLEAN","0","0"
"377","source-file","04_আন্তর্জাতিক_বিষয়াবলি","আন্তর্জাতিক ডাক সংস্থার সংক্ষিপ্ত রূপ?","99","Excellent","CLEAN","0","0"
"378","source-file","04_আন্তর্জাতিক_বিষয়াবলি","জাতিসংঘের শরণার্থী বিষয়ক হাইকমিশন (UNHCR) এর সদর দপ্তর কোথায়?","99","Excellent","CLEAN","0","0"
"379","source-file","04_আন্তর্জাতিক_বিষয়াবলি","কোনটি জাতিসংঘের বিশেষায়িত সংস্থা নয়?","99","Excellent","CLEAN","0","0"
"380","source-file","04_আন্তর্জাতিক_বিষয়াবলি","কোন আন্তর্জাতিক সংস্থা শিশুদের জীবন যাত্রার মানোন্নয়নে কাজ করে?","99","Excellent","CLEAN","0","0"
"381","source-file","04_আন্তর্জাতিক_বিষয়াবলি","জাতিসংঘের কোন অঙ্গসংস্থাটি জনসংখ্যা সমস্যা নিয়ে কাজ করে?","99","Excellent","CLEAN","0","0"
"382","source-file","04_আন্তর্জাতিক_বিষয়াবলি","কোন সংস্থাটি পরিবার পরিকল্পনা সেবা প্রদান করে?","99","Excellent","CLEAN","0","0"
"383","source-file","04_আন্তর্জাতিক_বিষয়াবলি","UNDP কবে প্রতিষ্ঠিত হয়?","99","Excellent","CLEAN","0","0"
"384","source-file","04_আন্তর্জাতিক_বিষয়াবলি","HDI ধারণাটি কোন সংস্থার উদ্ভাবন?","99","Excellent","CLEAN","0","0"
"385","source-file","04_আন্তর্জাতিক_বিষয়াবলি","UNODC- এর পূর্ণরূপ কোনটি?","99","Excellent","CLEAN","0","0"
"386","source-file","04_আন্তর্জাতিক_বিষয়াবলি","আন্তর্জাতিক শ্রম সংস্থা (ILO) কোন সালে গঠিত হয়?","99","Excellent","CLEAN","0","0"
"387","source-file","04_আন্তর্জাতিক_বিষয়াবলি","WTO এর পূর্ণরুপ কী?","99","Excellent","CLEAN","0","0"
"388","source-file","04_আন্তর্জাতিক_বিষয়াবলি","গ্যাট বাণিজ্য আলোচনা প্রথম শুরু হয় কত সালে?","99","Excellent","CLEAN","0","0"
"389","source-file","04_আন্তর্জাতিক_বিষয়াবলি","GATT এর পরিবর্তিত রূপ?","99","Excellent","CLEAN","0","0"
"390","source-file","04_আন্তর্জাতিক_বিষয়াবলি","GATT কখন WTO তে রূপান্তরিত হয়?","99","Excellent","CLEAN","0","0"
"391","source-file","04_আন্তর্জাতিক_বিষয়াবলি","জাতিসংঘ শিশু তহবিল এর প্রধান কার্যালয় কোথায় অবস্থিত?","99","Excellent","CLEAN","0","0"
"392","source-file","04_আন্তর্জাতিক_বিষয়াবলি","কোন সালে আন্তর্জাতিক শ্রম সংস্থা নোবেল পুরস্কার পেয়েছিল?","99","Excellent","CLEAN","0","0"
"393","source-file","04_আন্তর্জাতিক_বিষয়াবলি","বিশ্ব ডাক ইউনিয়নের (UPU) সদর দপ্তর কোথায়?","99","Excellent","CLEAN","0","0"
"394","source-file","04_আন্তর্জাতিক_বিষয়াবলি","ILO-এর সদর দপ্তর কোথায় অবস্থিত?","99","Excellent","CLEAN","0","0"
"395","source-file","04_আন্তর্জাতিক_বিষয়াবলি","বিশ্ব আবহাওয়া সংস্থার সদর দপ্তর কোথায় অবস্থিত?","99","Excellent","CLEAN","0","0"
"396","source-file","04_আন্তর্জাতিক_বিষয়াবলি","জাতিসংঘের খাদ্য ও কৃষি সংস্থা (FAO) এর সদর দপ্তর কোথায় অবস্থিত?","99","Excellent","CLEAN","0","0"
"397","source-file","04_আন্তর্জাতিক_বিষয়াবলি","'ECO' এর সদর দপ্তর কোথায়?","99","Excellent","CLEAN","0","0"
"398","source-file","04_আন্তর্জাতিক_বিষয়াবলি","কোনটি অন্যগুলো থেকে আলাদা?","99","Excellent","CLEAN","0","0"
"399","source-file","04_আন্তর্জাতিক_বিষয়াবলি","কোন সাল থেকে সারা বিশ্বে ২১ শে ফেব্রুয়ারি দিনটি আন্তর্জাতিক মাতৃভাষা দিবস হিসেব","99","Excellent","CLEAN","0","0"
"400","source-file","04_আন্তর্জাতিক_বিষয়াবলি","জাতিসংঘের কোন সংস্থাটি করোনা ভাইরাসকে 'Pandemic' ঘোষণা করেছে?","97","Excellent","CLEAN","0","0"
"401","source-file","04_আন্তর্জাতিক_বিষয়াবলি","নিচের কোন সংস্থাটি একাধিকবার নোবেল পুরষ্কার লাভ করেছে?","99","Excellent","CLEAN","0","0"
"402","source-file","04_আন্তর্জাতিক_বিষয়াবলি","রোহিঙ্গা নিয়ে জাতিসংঘের কোন সংস্থা কাজ করে?","99","Excellent","CLEAN","0","0"
"403","source-file","04_আন্তর্জাতিক_বিষয়াবলি","জাতিসংঘের নারী বিষয়ক তহবিলের নাম?","99","Excellent","CLEAN","0","0"
"404","source-file","04_আন্তর্জাতিক_বিষয়াবলি","বিশ্ব বাণিজ্য সংস্থা (WTO)-এর সদস্য সংখ্যা-","99","Excellent","CLEAN","0","0"
"405","source-file","04_আন্তর্জাতিক_বিষয়াবলি","WTO-এর সদর দপ্তর কোন শহরে?","99","Excellent","CLEAN","0","0"
"406","source-file","04_আন্তর্জাতিক_বিষয়াবলি","কোনটি জাতিসংঘের অঙ্গসংগঠন নয়?","95","Excellent","CLEAN","0","0"
"407","source-file","04_আন্তর্জাতিক_বিষয়াবলি","কোনটি জাতিসংঘের অঙ্গসংগঠন নয়?","95","Excellent","CLEAN","0","0"
"408","source-file","04_আন্তর্জাতিক_বিষয়াবলি","আন্তর্জাতিক অপরাধ আদালতের বর্তমান সদস্য কয়টি?","99","Excellent","CLEAN","0","0"
"409","source-file","04_আন্তর্জাতিক_বিষয়াবলি","আন্তর্জাতিক অভিবাসন সংস্থা (IOM) এর সদর দপ্তর কোথায়?","99","Excellent","CLEAN","0","0"
"410","source-file","04_আন্তর্জাতিক_বিষয়াবলি","International Civil Aviation Organization- প্রতিষ্ঠা হয় কত সালে?","99","Excellent","CLEAN","0","0"
"411","source-file","04_আন্তর্জাতিক_বিষয়াবলি","WTO এর সর্বশেষ সদস্যদেশ কোনটি?","99","Excellent","CLEAN","0","0"
"412","source-file","04_আন্তর্জাতিক_বিষয়াবলি","জাতিসংঘের কোন বিশেষায়িত সংস্থা সামাজিক ন্যায়বিচার এবং আন্তর্জাতিকভাবে স্বীকৃত ","99","Excellent","CLEAN","0","0"
"413","source-file","04_আন্তর্জাতিক_বিষয়াবলি","UNESCO-এর পূর্ণ নাম কী?","99","Excellent","CLEAN","0","0"
"414","source-file","04_আন্তর্জাতিক_বিষয়াবলি","ইউনেস্কো প্রতিষ্ঠা হয় কবে?","99","Excellent","CLEAN","0","0"
"415","source-file","04_আন্তর্জাতিক_বিষয়াবলি","WHO works in the area of-","99","Excellent","CLEAN","0","0"
"416","source-file","04_আন্তর্জাতিক_বিষয়াবলি","What does UNICEF stand for?","99","Excellent","CLEAN","0","0"
"417","source-file","04_আন্তর্জাতিক_বিষয়াবলি","UNHCR is the Abbreviation of-","99","Excellent","CLEAN","0","0"
"418","source-file","04_আন্তর্জাতিক_বিষয়াবলি","HDI stands for-","99","Excellent","CLEAN","0","0"
"419","source-file","04_আন্তর্জাতিক_বিষয়াবলি","HDI is an Index that represents development of a country by-","99","Excellent","CLEAN","0","0"
"420","source-file","04_আন্তর্জাতিক_বিষয়াবলি","Which one is incorrect?","99","Excellent","CLEAN","0","0"
"421","source-file","04_আন্তর্জাতিক_বিষয়াবলি","The watchdog of International trade is-","99","Excellent","CLEAN","0","0"
"422","source-file","04_আন্তর্জাতিক_বিষয়াবলি","Which organization won the Nobel Prize for Climate Change related activities?","99","Excellent","CLEAN","0","0"
"423","source-file","04_আন্তর্জাতিক_বিষয়াবলি","ইউনেডো (UNIDO) এর প্রধান কার্যালয় কোথায় অবস্থিত?","97","Excellent","CLEAN","0","0"
"424","source-file","04_আন্তর্জাতিক_বিষয়াবলি","The Organization Received the Nobel Peace Prize for three times is-","99","Excellent","CLEAN","0","0"
"425","source-file","04_আন্তর্জাতিক_বিষয়াবলি","Where is the Headquarter of UN Women Located?","99","Excellent","CLEAN","0","0"
"426","source-file","04_আন্তর্জাতিক_বিষয়াবলি","Where is the headquarters of World Tourism Organization?","99","Excellent","CLEAN","0","0"
"427","source-file","04_আন্তর্জাতিক_বিষয়াবলি","Where is the headquarters of UNDP Situated?","99","Excellent","CLEAN","0","0"
"428","source-file","04_আন্তর্জাতিক_বিষয়াবলি","Headquarters of IFAD are located in-","99","Excellent","CLEAN","0","0"
"429","source-file","04_আন্তর্জাতিক_বিষয়াবলি","নিচের কোন আন্তর্জাতিক সংস্থাটি জেনেভাভিত্তিক নয়?","99","Excellent","CLEAN","0","0"
"430","source-file","04_আন্তর্জাতিক_বিষয়াবলি","Which organization urged to ban the worldwide use of smartphones in schools in o","99","Excellent","CLEAN","0","0"
"431","source-file","04_আন্তর্জাতিক_বিষয়াবলি","ইউনেস্কোর প্রধান লক্ষ্য-","99","Excellent","CLEAN","0","0"
"432","source-file","04_আন্তর্জাতিক_বিষয়াবলি","What is the role OPCW?","99","Excellent","CLEAN","0","0"
"433","source-file","04_আন্তর্জাতিক_বিষয়াবলি","The elaboration of UNFPA is-","99","Excellent","CLEAN","0","0"
"434","source-file","04_আন্তর্জাতিক_বিষয়াবলি","'রিফিউজি' সমস্যাটি যে সংস্থার সঙ্গে বেশি সম্পর্কিত?","99","Excellent","CLEAN","0","0"
"435","source-file","04_আন্তর্জাতিক_বিষয়াবলি","ICAO কী?","99","Excellent","CLEAN","0","0"
"436","source-file","04_আন্তর্জাতিক_বিষয়াবলি","কোনটি জাতিসংঘের প্রতিষ্ঠান নয়?","99","Excellent","CLEAN","0","0"
"437","source-file","04_আন্তর্জাতিক_বিষয়াবলি","২০৩০ সালের মধ্যে টেকসই উন্নয়ন লক্ষ্যমাত্রা অর্জনে ইফাদ (IFAD), SDG এর কোন দুটি ","99","Excellent","CLEAN","0","0"
"438","source-file","04_আন্তর্জাতিক_বিষয়াবলি","'বিশ্ব বাণিজ্য সংস্থা' (WTO) প্রতিষ্ঠিত হয়েছিল---চুক্তির মাধ্যমে।","99","Excellent","CLEAN","0","0"
"439","source-file","04_আন্তর্জাতিক_বিষয়াবলি","কোনটি UNESCO 'Intangible Cultural Heritage'-এর অন্তর্ভুক্ত?","99","Excellent","CLEAN","0","0"
"440","source-file","04_আন্তর্জাতিক_বিষয়াবলি","বিশ্বের প্রথম জাতিসংঘ শান্তিরক্ষী বাহিনী কোনটি?","99","Excellent","CLEAN","0","0"
"441","source-file","04_আন্তর্জাতিক_বিষয়াবলি","নিম্নোক্ত কোন দেশ বা অঞ্চল জাতিসংঘের সদস্য দেশ নয়?","99","Excellent","CLEAN","0","0"
"442","source-file","04_আন্তর্জাতিক_বিষয়াবলি","টেকসই উন্নয়ন লক্ষ্য (এসডিজি) অর্জনে নিচের কোনটির গুরুত্ব সবচেয়ে বেশি?","99","Excellent","CLEAN","0","0"
"443","source-file","04_আন্তর্জাতিক_বিষয়াবলি","জাতিসংঘের কোন সংস্থা বাংলাদেশ ও মিয়ানমারের মধ্যকার রোহিঙ্গা বিষয়ে মধ্যস্থতা কর","99","Excellent","CLEAN","0","0"
"444","source-file","04_আন্তর্জাতিক_বিষয়াবলি","জাতিসংঘের বর্তমান সদস্য সংখ্যা কত?","99","Excellent","CLEAN","0","0"
"445","source-file","04_আন্তর্জাতিক_বিষয়াবলি","জাতিসংঘ কোন বছর প্রতিষ্ঠিত হয়?/জাতিসংঘ কবে আনুষ্ঠানিকভাবে আত্মপ্রকাশ করে?","99","Excellent","CLEAN","0","0"
"446","source-file","04_আন্তর্জাতিক_বিষয়াবলি","বিশ্ব স্বাস্থ্য সংস্থা কত সালে বাংলাদেশকে পোলিও মুক্ত ঘোষণা করে?","99","Excellent","CLEAN","0","0"
"447","source-file","04_আন্তর্জাতিক_বিষয়াবলি","বাংলাদেশ জাতিসংঘের কত তম সদস্য?/বাংলাদেশ ১৯৭৪ সালে জাতিসংঘের কততম সদস্য রাষ্ট্র ","99","Excellent","CLEAN","0","0"
"448","source-file","04_আন্তর্জাতিক_বিষয়াবলি","UNOPS এর পূর্ণরূপ কী?","99","Excellent","CLEAN","0","0"
"449","source-file","04_আন্তর্জাতিক_বিষয়াবলি","জাতিসংঘের বিশ্ব পর্যটন সংস্থা বা জাতিসংঘ পর্যটন (পূর্বতন UNWTO) এর সদর দপ্তর কোথ","99","Excellent","CLEAN","0","0"
"450","source-file","04_আন্তর্জাতিক_বিষয়াবলি","রোম সংবিধি (Rome Statute) এর ফলে কোন সংস্থাটি প্রতিষ্ঠিত হয়?","99","Excellent","CLEAN","0","0"
"451","source-file","04_আন্তর্জাতিক_বিষয়াবলি","বাংলাদেশ কখন নারীর বিরুদ্ধে সকল প্রকার বৈষম্য (CEDAW) দূরীকরণ সনদে সম্মতি জানায়","99","Excellent","CLEAN","0","0"
"452","source-file","04_আন্তর্জাতিক_বিষয়াবলি","জাতিসংঘের মাদক ও অপরাধ সংক্রান্ত সংস্থা UNODC-এর প্রধান কার্যালয় কোথায় অবস্থিত","99","Excellent","CLEAN","0","0"
"453","source-file","04_আন্তর্জাতিক_বিষয়াবলি","""২০৩০ সালের মধ্যে বিশ্বের দরিদ্র নারী, পুরুষ ও শিশুর লক্ষ্যমাত্রায় কোন অভীষ্ট ল","99","Excellent","CLEAN","0","0"
"454","source-file","04_আন্তর্জাতিক_বিষয়াবলি","টেকসই উন্নয়ন লক্ষ্যমাত্রার (SDG) চতুর্থ লক্ষ্যমাত্রা কোনটি?","99","Excellent","CLEAN","0","0"
"455","source-file","04_আন্তর্জাতিক_বিষয়াবলি","আন্তর্জাতিক আদালতের (International Court of Justice) সভাপতির মেয়াদ কত বৎসর?","99","Excellent","CLEAN","0","0"
"456","source-file","04_আন্তর্জাতিক_বিষয়াবলি","কোন দিনটি বিশ্ব শরণার্থী দিবস হিসেবে পালিত হয়?","99","Excellent","CLEAN","0","0"
"457","source-file","04_আন্তর্জাতিক_বিষয়াবলি","বাংলাদেশ কত সালে আন্তর্জাতিক শ্রম সংস্থার সদস্যপদ লাভ করে?","99","Excellent","CLEAN","0","0"
"458","source-file","04_আন্তর্জাতিক_বিষয়াবলি","প্রথাগতভাবে বছরের কোন দিন জাতিসংঘ সাধারণ পরিষদের বার্ষিক অধিবেশন শুরু হয়?","99","Excellent","CLEAN","0","0"
"459","source-file","04_আন্তর্জাতিক_বিষয়াবলি","জাতিসংঘের নিরাপত্তা পরিষদের অস্থায়ী সদস্য পদ কত সময়ের জন্য?","99","Excellent","CLEAN","0","0"
"460","source-file","04_আন্তর্জাতিক_বিষয়াবলি","আন্তর্জাতিক আদালতের একজন বিচারক কয় বছরের জন্য নির্বাচিত হন?","99","Excellent","CLEAN","0","0"
"461","source-file","04_আন্তর্জাতিক_বিষয়াবলি","২০২২ সালে কোন দেশ জাতিসংঘের শান্তি স্থাপন কমিশনের সভাপতি নির্বাচিত হয়?","99","Excellent","CLEAN","0","0"
"462","source-file","04_আন্তর্জাতিক_বিষয়াবলি","Sustainable Development Goals (SDG)/জাতিসংঘের টেকসই উন্নয়নের লক্ষ্য কয়টি?","99","Excellent","CLEAN","0","0"
"463","source-file","04_আন্তর্জাতিক_বিষয়াবলি","নিম্নের কোনটি জাতিসংঘের সংস্থা নয়?","99","Excellent","CLEAN","0","0"
"464","source-file","04_আন্তর্জাতিক_বিষয়াবলি","ইরান-ইরাক যুদ্ধবিরতির তদারকির কাজে নিয়োজিত জাতিসংঘের বাহিনী কোন নামে পরিচিত ছিল","99","Excellent","CLEAN","0","0"
"465","source-file","04_আন্তর্জাতিক_বিষয়াবলি","আন্তর্জাতিক গণতন্ত্র দিবস কোন তারিখে পালিত হয়?","99","Excellent","CLEAN","0","0"
"466","source-file","04_আন্তর্জাতিক_বিষয়াবলি","বিশ্ব মানবাধিকার দিবস-","99","Excellent","CLEAN","0","0"
"467","source-file","04_আন্তর্জাতিক_বিষয়াবলি","WIPO এর সদর দপ্তর কোথায় অবস্থিত?","99","Excellent","CLEAN","0","0"
"468","source-file","04_আন্তর্জাতিক_বিষয়াবলি","জাতিসংঘের কোন সংস্থা বার্ষিক বিশ্ব বিনিয়োগ প্রতিবেদন প্রকাশ করে?","99","Excellent","CLEAN","0","0"
"469","source-file","04_আন্তর্জাতিক_বিষয়াবলি","জাতিসংঘ নামকরণ করেন-","99","Excellent","CLEAN","0","0"
"470","source-file","04_আন্তর্জাতিক_বিষয়াবলি","জাতিসংঘের কোন সংস্থা করোনা ভাইরাসকে 'Pandemic' ঘোষণা করেছে?","97","Excellent","CLEAN","0","0"
"471","source-file","04_আন্তর্জাতিক_বিষয়াবলি","জাতিসংঘ কোন সালে মানবাধিকার সংক্রান্ত বৈশ্বিক ঘোষণার ঐতিহাসিক নথিটি গ্রহণ করে?","99","Excellent","CLEAN","0","0"
"472","source-file","04_আন্তর্জাতিক_বিষয়াবলি","জাতিসংঘ বিষয়ক আলোচনায় পি-৫ বলতে কী বুঝায়?","99","Excellent","CLEAN","0","0"
"473","source-file","04_আন্তর্জাতিক_বিষয়াবলি","কোনটি জাতিসংঘের সহযোগী নয়?","99","Excellent","CLEAN","0","0"
"474","source-file","04_আন্তর্জাতিক_বিষয়াবলি","১৯৯৫ সালটিকে কোন সংস্থাটির গোল্ডেন জুবিলি হিসেবে পালিত হয়েছে?","99","Excellent","CLEAN","0","0"
"475","source-file","04_আন্তর্জাতিক_বিষয়াবলি","UNHCR এর সদর দপ্তর কোথায়?","99","Excellent","CLEAN","0","0"
"476","source-file","04_আন্তর্জাতিক_বিষয়াবলি","জাতিসংঘের স্থায়ী সদস্য:","99","Excellent","CLEAN","0","0"
"477","source-file","04_আন্তর্জাতিক_বিষয়াবলি","IAEA এর সদর দপ্তর হচ্ছে:","99","Excellent","CLEAN","0","0"
"478","source-file","04_আন্তর্জাতিক_বিষয়াবলি","Yalta conference এর একটি লক্ষ্য ছিল-","99","Excellent","CLEAN","0","0"
"479","source-file","04_আন্তর্জাতিক_বিষয়াবলি","কোন সংকটকে কেন্দ্র করে ১৯৫০ সালে শান্তির জন্য ঐক্য প্রস্তাব জাতিসংঘের মাধ্যমে প্","99","Excellent","CLEAN","0","0"
"480","source-file","04_আন্তর্জাতিক_বিষয়াবলি","জাতিসংঘ উন্নয়ন কর্মসূচি (UNDP) এর শীর্ষ পদটি কী?","99","Excellent","CLEAN","0","0"
"481","source-file","04_আন্তর্জাতিক_বিষয়াবলি","বাংলাদেশ কোন সাল থেকে শান্তিরক্ষী বাহিনীতে কাজ/অংশগ্রহণ করছে?","99","Excellent","CLEAN","0","0"
"482","source-file","04_আন্তর্জাতিক_বিষয়াবলি","জাতিসংঘ দিবস পালিত হয়-","99","Excellent","CLEAN","0","0"
"483","source-file","04_আন্তর্জাতিক_বিষয়াবলি","আইএলও-র সদর দপ্তর কোথায় অবস্থিত?","99","Excellent","CLEAN","0","0"
"484","source-file","04_আন্তর্জাতিক_বিষয়াবলি","জাতিসংঘের সদর দপ্তর কোথায় অবস্থিত?","95","Excellent","CLEAN","0","0"
"485","source-file","04_আন্তর্জাতিক_বিষয়াবলি","কার সুপারিশক্রমে জাতিসংঘে নতুন সদস্য গ্রহণ করা হয়?","99","Excellent","CLEAN","0","0"
"486","source-file","04_আন্তর্জাতিক_বিষয়াবলি","মিলেনিয়াম ডেভেলপমেন্ট গোলস অর্জন করার কথা ছিল কোন সময়ে?","99","Excellent","CLEAN","0","0"
"487","source-file","04_আন্তর্জাতিক_বিষয়াবলি","বাংলাদেশ কোন সনে বিশ্ব বাণিজ্য সংস্থার সদস্য হয়?","99","Excellent","CLEAN","0","0"
"488","source-file","04_আন্তর্জাতিক_বিষয়াবলি","UNCTAD-এর সদর দপ্তর কোথায়?","99","Excellent","CLEAN","0","0"
"489","source-file","04_আন্তর্জাতিক_বিষয়াবলি","জাতিসংঘের প্রথম মহাসচিব ছিলেন-","99","Excellent","CLEAN","0","0"
"490","source-file","04_আন্তর্জাতিক_বিষয়াবলি","নারীর প্রতি সকল রকম বৈষম্য নির্মূল কনভেনশন স্বাক্ষরিত হয়-","99","Excellent","CLEAN","0","0"
"491","source-file","04_আন্তর্জাতিক_বিষয়াবলি","আটলান্টিক সনদে যুক্তরাষ্ট্র এবং ব্রিটেনের পক্ষে স্বাক্ষর করেন কে কে?","99","Excellent","CLEAN","0","0"
"492","source-file","04_আন্তর্জাতিক_বিষয়াবলি","কফি আনান আফ্রিকা মহাদেশ থেকে নিয়োগকৃত জাতিসংঘের কত তম মহাসচিব?","99","Excellent","CLEAN","0","0"
"493","source-file","04_আন্তর্জাতিক_বিষয়াবলি","ইউনেস্কোর প্রধান কার্যালয় কোথায় অবস্থিত?","99","Excellent","CLEAN","0","0"
"494","source-file","04_আন্তর্জাতিক_বিষয়াবলি","স্থায়ী সালিশি আদালত কোথায় অবস্থিত?","99","Excellent","CLEAN","0","0"
"495","source-file","04_আন্তর্জাতিক_বিষয়াবলি","ইসিএ (ECA) এর সদর দপ্তর কোথায়?","97","Excellent","CLEAN","0","0"
"496","source-file","04_আন্তর্জাতিক_বিষয়াবলি","বিশ্ব বাণিজ্য সংস্থার (WTO) পঞ্চম মিনিস্টারিয়াল কনফারেন্স কোথায় এবং কখন অনুষ্ঠ","99","Excellent","CLEAN","0","0"
"497","source-file","04_আন্তর্জাতিক_বিষয়াবলি","Food and Agricultural Organization-এর সদর দপ্তর কোথায় অবস্থিত?","99","Excellent","CLEAN","0","0"
"498","source-file","04_আন্তর্জাতিক_বিষয়াবলি","জাতিসংঘের সাধারণ পরিষদের অধিবেশনে প্রতিটি সদস্যরাষ্ট্র সর্বোচ্চ কত জন প্রতিনিধি ","99","Excellent","CLEAN","0","0"
"499","source-file","04_আন্তর্জাতিক_বিষয়াবলি","বাংলাদেশ কত বার নিরাপত্তা পরিষদের সদস্যপদ লাভ করে?","99","Excellent","CLEAN","0","0"
"500","source-file","04_আন্তর্জাতিক_বিষয়াবলি","কয়টি দেশ নিয়ে জাতিসংঘ যাত্রা শুরু করেছিল?","99","Excellent","CLEAN","0","0"
"501","source-file","04_আন্তর্জাতিক_বিষয়াবলি","১৯৯৫ সালে বেইজিং-এ অনুষ্ঠিত চতুর্থ বিশ্ব সম্মেলনের মূল স্লোগান কী ছিল?","99","Excellent","CLEAN","0","0"
"502","source-file","04_আন্তর্জাতিক_বিষয়াবলি","জাতিসংঘের সিডও (CEDAW)-এর কমিটির চেয়ারপার্সন একজন বাঙালি মহিলা ছিলেন। তিনি কে?","99","Excellent","CLEAN","0","0"
"503","source-file","04_আন্তর্জাতিক_বিষয়াবলি","জাতিসংঘের কোন মহাসচিব বিমান দুর্ঘটনায় মারা যায়?","99","Excellent","CLEAN","0","0"
"504","source-file","04_আন্তর্জাতিক_বিষয়াবলি","নয়া আন্তর্জাতিক অর্থনৈতিক ব্যবস্থার প্রস্তাব জাতিসংঘের সাধারণ পরিষদের কোন বিশেষ","99","Excellent","CLEAN","0","0"
"505","source-file","04_আন্তর্জাতিক_বিষয়াবলি","নিচের যে দেশটি জাতিসংঘের সদস্য নয়-","99","Excellent","CLEAN","0","0"
"506","source-file","04_আন্তর্জাতিক_বিষয়াবলি","ইয়াল্টা কনফারেন্স কবে অনুষ্ঠিত হয়?","99","Excellent","CLEAN","0","0"
"507","source-file","04_আন্তর্জাতিক_বিষয়াবলি","১৯৬৫ সালের আগে জাতিসংঘের নিরাপত্তা পরিষদের সদস্য সংখ্যা কত ছিল?","99","Excellent","CLEAN","0","0"
"508","source-file","04_আন্তর্জাতিক_বিষয়াবলি","The United Nations University কোন শহরে অবস্থিত?","99","Excellent","CLEAN","0","0"
"509","source-file","04_আন্তর্জাতিক_বিষয়াবলি","ইরাক-ইরান যুদ্ধবিরতি তদারকিতে অংশগ্রহণকারী জাতিসংঘ বাহিনীর সংক্ষিপ্ত নাম কী?","99","Excellent","CLEAN","0","0"
"510","source-file","04_আন্তর্জাতিক_বিষয়াবলি","কোনটি জাতিসংঘের বহুমুখী কারিগরি ও প্রাক-বিনিয়োগ সহযোগিতা বাস্তবায়নের সর্ববৃহৎ ","99","Excellent","CLEAN","0","0"
"511","source-file","04_আন্তর্জাতিক_বিষয়াবলি","'ইউনিডো' (UNIDO)-এর প্রধান কার্যালয় কোথায় অবস্থিত?","97","Excellent","CLEAN","0","0"
"512","source-file","04_আন্তর্জাতিক_বিষয়াবলি","'International Institute on Ageing' কোথায় প্রতিষ্ঠিত হয়েছে?","99","Excellent","CLEAN","0","0"
"513","source-file","04_আন্তর্জাতিক_বিষয়াবলি","'জাতিসংঘ' (United Nations) নামটি আনুষ্ঠানিকভাবে প্রথম কে প্রস্তাব করেন?","99","Excellent","CLEAN","0","0"
"514","source-file","04_আন্তর্জাতিক_বিষয়াবলি","জাতিসংঘের সনদ (UN Charter) আনুষ্ঠানিকভাবে কবে স্বাক্ষরিত হয়?","95","Excellent","CLEAN","0","0"
"515","source-file","04_আন্তর্জাতিক_বিষয়াবলি","জাতিসংঘ সনদ কার্যকরের মাধ্যমে জাতিসংঘ আনুষ্ঠানিকভাবে কবে আত্মপ্রকাশ করে?","99","Excellent","CLEAN","0","0"
"516","source-file","04_আন্তর্জাতিক_বিষয়াবলি","সান ফ্রান্সিসকো সম্মেলনে প্রথম দিনে মোট কতটি দেশ জাতিসংঘের সনদে স্বাক্ষর করেছিল?","99","Excellent","CLEAN","0","0"
"517","source-file","04_আন্তর্জাতিক_বিষয়াবলি","জাতিসংঘের সনদ স্বাক্ষরকারী ৫১তম বা শেষ প্রতিষ্ঠাকালীন সদস্য রাষ্ট্র কোনটি?","99","Excellent","CLEAN","0","0"
"518","source-file","04_আন্তর্জাতিক_বিষয়াবলি","জাতিসংঘের সদর দপ্তর কোথায় অবস্থিত?","95","Excellent","CLEAN","0","0"
"519","source-file","04_আন্তর্জাতিক_বিষয়াবলি","জাতিসংঘ সনদের মূল কাঠামোয় মোট কতটি অধ্যায় এবং অনুচ্ছেদ রয়েছে?","99","Excellent","CLEAN","0","0"
"520","source-file","04_আন্তর্জাতিক_বিষয়াবলি","জাতিসংঘ সনদের কত নম্বর অনুচ্ছেদে জাতিসংঘের মূল লক্ষ্য ও উদ্দেশ্যসমূহ বর্ণনা করা ","99","Excellent","CLEAN","0","0"
"521","source-file","04_আন্তর্জাতিক_বিষয়াবলি","বর্তমানে জাতিসংঘের মোট সদস্য রাষ্ট্র কতটি?","99","Excellent","CLEAN","0","0"
"522","source-file","04_আন্তর্জাতিক_বিষয়াবলি","জাতিসংঘের ১৯৩তম বা সর্বশেষ সদস্য রাষ্ট্র কোনটি?","99","Excellent","CLEAN","0","0"
"523","source-file","04_আন্তর্জাতিক_বিষয়াবলি","জাতিসংঘের নিরাপত্তা পরিষদের স্থায়ী সদস্য রাষ্ট্র কতটি?","99","Excellent","CLEAN","0","0"
"524","source-file","04_আন্তর্জাতিক_বিষয়াবলি","নিরাপত্তা পরিষদের অস্থায়ী সদস্য রাষ্ট্র সংখ্যা কত এবং তাদের মেয়াদ কত বছর?","99","Excellent","CLEAN","0","0"
"525","source-file","04_আন্তর্জাতিক_বিষয়াবলি","জাতিসংঘ সনদের কত নম্বর অনুচ্ছেদে নিরাপত্তা পরিষদের 'ভিটো' (Veto) ক্ষমতার বিধান র","99","Excellent","CLEAN","0","0"
"526","source-file","04_আন্তর্জাতিক_বিষয়াবলি","ইতিহাস পর্যালোচনায় নিরাপত্তা পরিষদে প্রথম ভিটো প্রয়োগ করেছিল কোন দেশ?","99","Excellent","CLEAN","0","0"
"527","source-file","04_আন্তর্জাতিক_বিষয়াবলি","নিরাপত্তা পরিষদে সবচেয়ে বেশিবার 'ভিটো' ক্ষমতা প্রয়োগকারী রাষ্ট্র কোনটি?","99","Excellent","CLEAN","0","0"
"528","source-file","04_আন্তর্জাতিক_বিষয়াবলি","জাতিসংঘ সাধারণ পরিষদের প্রথম অধিবেশন কোথায় অনুষ্ঠিত হয়েছিল?","99","Excellent","CLEAN","0","0"
"529","source-file","04_আন্তর্জাতিক_বিষয়াবলি","জাতিসংঘ সাধারণ পরিষদের বার্ষিক নিয়মিত অধিবেশন প্রতি বছর কবে শুরু হয়?","99","Excellent","CLEAN","0","0"
"530","source-file","04_আন্তর্জাতিক_বিষয়াবলি","জাতিসংঘ সাধারণ পরিষদের প্রথম নারী সভাপতি কে ছিলেন?","99","Excellent","CLEAN","0","0"
"531","source-file","04_আন্তর্জাতিক_বিষয়াবলি","জাতিসংঘের প্রধান প্রশাসনিক কর্মকর্তা হিসেবে কাকে গণ্য করা হয়?","99","Excellent","CLEAN","0","0"
"532","source-file","04_আন্তর্জাতিক_বিষয়াবলি","জাতিসংঘের প্রতিষ্ঠাকালীন বা প্রথম মহাসচিব কে ছিলেন?","99","Excellent","CLEAN","0","0"
"533","source-file","04_আন্তর্জাতিক_বিষয়াবলি","জাতিসংঘের একমাত্র মহাসচিব যিনি পদে থাকাকালীন বিমান দুর্ঘটনায় মৃত্যুবরণ করেন?","99","Excellent","CLEAN","0","0"
"534","source-file","04_আন্তর্জাতিক_বিষয়াবলি","জাতিসংঘের এশিয়া মহাদেশ থেকে নির্বাচিত প্রথম মহাসচিব কে ছিলেন?","99","Excellent","CLEAN","0","0"
"535","source-file","04_আন্তর্জাতিক_বিষয়াবলি","জাতিসংঘের বর্তমান এবং ৯ম মহাসচিব আন্তোনিও গুতেরেস কোন দেশের সাবেক প্রধানমন্ত্রী ","99","Excellent","CLEAN","0","0"
"536","source-file","04_আন্তর্জাতিক_বিষয়াবলি","জাতিসংঘের নিরাপত্তা পরিষদের অস্থায়ী সদস্য হিসেবে বাংলাদেশ এ পর্যন্ত কতবার নির্ব","99","Excellent","CLEAN","0","0"
"537","source-file","04_আন্তর্জাতিক_বিষয়াবলি","বাংলাদেশ কত সালে এবং কততম সদস্য হিসেবে জাতিসংঘে অন্তর্ভুক্ত হয়?","99","Excellent","CLEAN","0","0"
"538","source-file","04_আন্তর্জাতিক_বিষয়াবলি","বঙ্গবন্ধু শেখ মুজিবুর রহমান জাতিসংঘের সাধারণ পরিষদে কবে প্রথম বাংলায় ঐতিহাসিক ভ","99","Excellent","CLEAN","0","0"
"539","source-file","04_আন্তর্জাতিক_বিষয়াবলি","জাতিসংঘের সাধারণ পরিষদের অধিবেশনে সভাপতি হিসেবে দায়িত্ব পালনকারী প্রথম বাঙালি ক","99","Excellent","CLEAN","0","0"
"540","source-file","04_আন্তর্জাতিক_বিষয়াবলি","আন্তর্জাতিক বিচার আদালত (ICJ)-এর সদর দপ্তর কোথায় অবস্থিত?","99","Excellent","CLEAN","0","0"
"541","source-file","04_আন্তর্জাতিক_বিষয়াবলি","আন্তর্জাতিক বিচার আদালতের (ICJ) মোট বিচারক সংখ্যা কত এবং তাঁদের মেয়াদের সময়সীম","99","Excellent","CLEAN","0","0"
"542","source-file","04_আন্তর্জাতিক_বিষয়াবলি","জাতিসংঘের অর্থনৈতিক ও সামাজিক পরিষদের (ECOSOC) মোট সদস্য রাষ্ট্র কতটি?","99","Excellent","CLEAN","0","0"
"543","source-file","04_আন্তর্জাতিক_বিষয়াবলি","জাতিসংঘের প্রধান অঙ্গসংগঠন 'অর্পিত ট্রাস্টিশিপ কাউন্সিল' (Trusteeship Council) ক","99","Excellent","CLEAN","0","0"
"544","source-file","04_আন্তর্জাতিক_বিষয়াবলি","জাতিসংঘ সনদে স্বীকৃত অফিশিয়াল বা দাপ্তরিক ভাষা কয়টি?","99","Excellent","CLEAN","0","0"
"545","source-file","04_আন্তর্জাতিক_বিষয়াবলি","জাতিসংঘ সাধারণ পরিষদের দাপ্তরিক ভাষা হিসেবে 'আরবি' কত সালে অন্তর্ভুক্ত করা হয়?","99","Excellent","CLEAN","0","0"
"546","source-file","04_আন্তর্জাতিক_বিষয়াবলি","খাদ্য ও কৃষি সংস্থা (FAO)-এর সদর দপ্তর কোথায় অবস্থিত?","99","Excellent","CLEAN","0","0"
"547","source-file","04_আন্তর্জাতিক_বিষয়াবলি","বিশ্ব খাদ্য কর্মসূচি (WFP) কবে প্রতিষ্ঠিত হয়?","99","Excellent","CLEAN","0","0"
"548","source-file","04_আন্তর্জাতিক_বিষয়াবলি","আন্তর্জাতিক শ্রম সংস্থা (ILO) কত সালে প্রতিষ্ঠিত হয়েছিল, যা পরবর্তীতে জাতিসংঘের","99","Excellent","CLEAN","0","0"
"549","source-file","04_আন্তর্জাতিক_বিষয়াবলি","বিশ্ব স্বাস্থ্য সংস্থা (WHO) কবে আনুষ্ঠানিকভাবে প্রতিষ্ঠিত হয়?","99","Excellent","CLEAN","0","0"
"550","source-file","04_আন্তর্জাতিক_বিষয়াবলি","আন্তর্জাতিক পারমাণবিক শক্তি সংস্থা (IAEA) কত সালে প্রতিষ্ঠিত হয় এবং এর সদর দপ্ত","99","Excellent","CLEAN","0","0"
"551","source-file","04_আন্তর্জাতিক_বিষয়াবলি","ইউনেস্কো (UNESCO)-এর সদর দপ্তর কোথায় অবস্থিত?","99","Excellent","CLEAN","0","0"
"552","source-file","04_আন্তর্জাতিক_বিষয়াবলি","জাতিসংঘের শিশু তহবিল 'ইউনিসেফ' (UNICEF) কত সালে প্রতিষ্ঠিত হয়?","99","Excellent","CLEAN","0","0"
"553","source-file","04_আন্তর্জাতিক_বিষয়াবলি","জাতিসংঘের শরণার্থী বিষয়ক হাইকমিশনারের কার্যালয় (UNHCR)-এর সদর দপ্তর কোথায় অবস","99","Excellent","CLEAN","0","0"
"554","source-file","04_আন্তর্জাতিক_বিষয়াবলি","ইউনেস্কো (UNESCO) কত সালে ২১শে ফেব্রুয়ারিকে 'আন্তর্জাতিক মাতৃভাষা দিবস' হিসেবে ","99","Excellent","CLEAN","0","0"
"555","source-file","04_আন্তর্জাতিক_বিষয়াবলি","জাতিসংঘ পরিবেশ কর্মসূচি (UNEP)-এর সদর দপ্তর কোথায় অবস্থিত?","99","Excellent","CLEAN","0","0"
"556","source-file","04_আন্তর্জাতিক_বিষয়াবলি","'ব্রেটনে উডস ইনস্টিটিউশন' (Bretton Woods Institutions) নামে আন্তর্জাতিক কোন দুটি","99","Excellent","CLEAN","0","0"
"557","source-file","04_আন্তর্জাতিক_বিষয়াবলি","আন্তর্জাতিক মুদ্রা তহবিল (IMF) ও বিশ্বব্যাংক (World Bank)-এর সদর দপ্তর কোথায় অব","99","Excellent","CLEAN","0","0"
"558","source-file","04_আন্তর্জাতিক_বিষয়াবলি","জাতিসংঘ উন্নয়ন কর্মসূচি (UNDP) আনুষ্ঠানিকভাবে কত সালে প্রতিষ্ঠিত হয়?","99","Excellent","CLEAN","0","0"
"559","source-file","04_আন্তর্জাতিক_বিষয়াবলি","জাতিসংঘের আন্তর্জাতিক মানব উন্নয়ন প্রতিবেদন (HDR) প্রথম কত সালে প্রকাশিত হয়?","99","Excellent","CLEAN","0","0"
"560","source-file","04_আন্তর্জাতিক_বিষয়াবলি","জাতিসংঘের মানব বসতি বিষয়ক সংস্থা 'ইউএন-হ্যাবিটাট' (UN-Habitat)-এর সদর দপ্তর কোথ","99","Excellent","CLEAN","0","0"
"561","source-file","04_আন্তর্জাতিক_বিষয়াবলি","আন্তর্জাতিক বেসামরিক বিমান চলাচল সংস্থা (ICAO)-এর সদর দপ্তর কোথায় অবস্থিত?","99","Excellent","CLEAN","0","0"
"562","source-file","04_আন্তর্জাতিক_বিষয়াবলি","বিশ্বজনীন ডাক ইউনিয়ন (UPU)-এর সদর দপ্তর কোন শহরে অবস্থিত?","99","Excellent","CLEAN","0","0"
"563","source-file","04_আন্তর্জাতিক_বিষয়াবলি","আন্তর্জাতিক সামুদ্রিক সংস্থা (IMO)-এর সদর দপ্তর কোথায় অবস্থিত?","99","Excellent","CLEAN","0","0"
"564","source-file","04_আন্তর্জাতিক_বিষয়াবলি","বিশ্ব আবহাওয়া সংস্থা (WMO)-এর সদর দপ্তর কোথায় অবস্থিত?","99","Excellent","CLEAN","0","0"
"565","source-file","04_আন্তর্জাতিক_বিষয়াবলি","আন্তর্জাতিক বুদ্ধিবৃত্তিক সম্পদ সংস্থা (WIPO)-এর সদর দপ্তর কোথায় অবস্থিত?","99","Excellent","CLEAN","0","0"
"566","source-file","04_আন্তর্জাতিক_বিষয়াবলি","জাতিসংঘ জনসংখ্যা তহবিল (UNFPA) কত সালে কার্যক্রম শুরু করে?","99","Excellent","CLEAN","0","0"
"567","source-file","04_আন্তর্জাতিক_বিষয়াবলি","জাতিসংঘের ইতিহাস প্রথম শান্তিরক্ষী মিশন (UNTSO) কবে মোতায়েন করা হয়েছিল?","99","Excellent","CLEAN","0","0"
"568","source-file","04_আন্তর্জাতিক_বিষয়াবলি","বাংলাদেশ কত সালে প্রথম জাতিসংঘের শান্তিরক্ষী মিশনে সৈন্য প্রেরণ করে?","99","Excellent","CLEAN","0","0"
"569","source-file","04_আন্তর্জাতিক_বিষয়াবলি","বাংলাদেশ সেনাবাহিনী প্রথম কোন আফ্রিকান দেশে জাতিসংঘ শান্তিরক্ষী মিশনে পদাতিক ব্য","99","Excellent","CLEAN","0","0"
"570","source-file","04_আন্তর্জাতিক_বিষয়াবলি","জাতিসংঘের শান্তিরক্ষী বাহিনীকে বলা হয় 'ব্লু হেলমেট' (Blue Helmets)। এই বাহিনী ক","99","Excellent","CLEAN","0","0"
"571","source-file","04_আন্তর্জাতিক_বিষয়াবলি","মধ্যপ্রাচ্যে সংকট নিরসনে জাতিসংঘ নিরাপত্তা পরিষদের ঐতিহাসিক 'রেজোলিউশন ২৪২' কত স","99","Excellent","CLEAN","0","0"
"572","source-file","04_আন্তর্জাতিক_বিষয়াবলি","১৯৭১ সালে মুক্তিযুদ্ধ চলাকালীন বাংলাদেশ-পাকিস্তান যুদ্ধবিরতি ও পরিস্থিতি পর্যবেক","99","Excellent","CLEAN","0","0"
"573","source-file","04_আন্তর্জাতিক_বিষয়াবলি","নিরাপত্তা পরিষদের ভেটো অচলাবস্থা কাটাতে সাধারণ পরিষদে 'শান্তির জন্য ঐক্য' (Uniti","99","Excellent","CLEAN","0","0"
"574","source-file","04_আন্তর্জাতিক_বিষয়াবলি","গণহত্যা, যুদ্ধাপরাধ ও মানবতাবিরোধী অপরাধের বিচারের জন্য 'আন্তর্জাতিক অপরাধ আদালত","99","Excellent","CLEAN","0","0"
"575","source-file","04_আন্তর্জাতিক_বিষয়াবলি","জাতিসংঘের 'মানবাধিকার পরিষদ' (UNHRC) কত সালে পূর্ববর্তী মানবাধিকার কমিশনের স্থলা","99","Excellent","CLEAN","0","0"
"576","source-file","04_আন্তর্জাতিক_বিষয়াবলি","জাতিসংঘের সার্বজনীন মানবাধিকার ঘোষণাপত্র (UDHR) সাধারণ পরিষদ কর্তৃক কবে গৃহীত হয","99","Excellent","CLEAN","0","0"
"577","source-file","04_আন্তর্জাতিক_বিষয়াবলি","বিশ্বব্যাপী পালিত 'আন্তর্জাতিক মানবাধিকার দিবস' কোনটি?","99","Excellent","CLEAN","0","0"
"578","source-file","04_আন্তর্জাতিক_বিষয়াবলি","জাতিসংঘ ঘোষিত 'সহস্রাব্দ উন্নয়ন লক্ষ্যমাত্রা' (MDG)-এর বাস্তবায়ন সময়সীমা কত ছ","99","Excellent","CLEAN","0","0"
"579","source-file","04_আন্তর্জাতিক_বিষয়াবলি","'টেকসই উন্নয়ন লক্ষ্যমাত্রা' (SDG)-এর সময়সীমা এবং এতে মোট কতটি প্রধান লক্ষ্য (G","99","Excellent","CLEAN","0","0"
"580","source-file","04_আন্তর্জাতিক_বিষয়াবলি","এসডিজি (SDG)-এর ১৫ নম্বর নির্দিষ্ট লক্ষ্যমাত্রা কোনটি নিয়ে কাজ করে?","99","Excellent","CLEAN","0","0"
"581","source-file","04_আন্তর্জাতিক_বিষয়াবলি","জাতিসংঘ কত সালকে 'আন্তর্জাতিক নারী বর্ষ' হিসেবে উদযাপন করে এবং প্রতি বছর নারী দি","99","Excellent","CLEAN","0","0"
"582","source-file","04_আন্তর্জাতিক_বিষয়াবলি","জাতিসংঘের লিঙ্গ সমতা ও নারীর ক্ষমতায়ন বিষয়ক নতুন সংস্থা 'ইউএন উইমেন' (UN Women","99","Excellent","CLEAN","0","0"
"583","source-file","04_আন্তর্জাতিক_বিষয়াবলি","'জাতিসংঘ বিশ্ববিদ্যালয়' (UN University) কোথায় অবস্থিত?","99","Excellent","CLEAN","0","0"
"584","source-file","04_আন্তর্জাতিক_বিষয়াবলি","জাতিসংঘের অধিভুক্ত বিশ্ব শান্তি বিশ্ববিদ্যালয় (University for Peace) কোন দেশে অ","99","Excellent","CLEAN","0","0"
"585","source-file","04_আন্তর্জাতিক_বিষয়াবলি","জাতিসংঘে নিযুক্ত বাংলাদেশের প্রথম স্থায়ী প্রতিনিধি কে ছিলেন?","99","Excellent","CLEAN","0","0"
"586","source-file","04_আন্তর্জাতিক_বিষয়াবলি","দ্বিতীয় বিশ্বযুদ্ধ-পূর্ববর্তী আন্তর্জাতিক সংস্থা 'লিগ অব নেশনস' (League of Nati","99","Excellent","CLEAN","0","0"
"587","source-file","04_আন্তর্জাতিক_বিষয়াবলি","১৯৪১ সালে স্বাক্ষরিত কোন ঘোষণাপত্রকে জাতিসংঘের প্রাথমিক ভিত্তি বা দূরবর্তী পদক্ষ","99","Excellent","CLEAN","0","0"
"588","source-file","04_আন্তর্জাতিক_বিষয়াবলি","১৯৪৪ সালে অনুষ্ঠিত কোন সম্মেলনে জাতিসংঘের ভবিষ্যৎ মূল কাঠামোর খসড়া প্রণয়ন করা ","99","Excellent","CLEAN","0","0"
"589","source-file","04_আন্তর্জাতিক_বিষয়াবলি","১৯৪৫ সালের বিখ্যাত 'ইয়ল্টা সম্মেলন' (Yalta Conference)-এ প্রধানত কোন সিদ্ধান্তে","99","Excellent","CLEAN","0","0"
"590","source-file","04_আন্তর্জাতিক_বিষয়াবলি","হাইতিতে পরিচালিত জাতিসংঘের বিখ্যাত শান্তিরক্ষা মিশনের নাম কী ছিল?","99","Excellent","CLEAN","0","0"
"591","source-file","04_আন্তর্জাতিক_বিষয়াবলি","সিয়েরা লিওনে রক্তক্ষয়ী গৃহযুদ্ধ থামিয়ে শান্তি ফিরিয়ে আনতে জাতিসংঘ কোন শান্তি","99","Excellent","CLEAN","0","0"
"592","source-file","04_আন্তর্জাতিক_বিষয়াবলি","জাতিসংঘ সনদের কোন অধ্যায়ে আঞ্চলিক চুক্তি বা আঞ্চলিক সংস্থার (Regional Arrangeme","99","Excellent","CLEAN","0","0"
"593","source-file","04_আন্তর্জাতিক_বিষয়াবলি","জাতিসংঘ সনদের কত নম্বর অনুচ্ছেদে কোনো সদস্য রাষ্ট্রের বিরুদ্ধে সশস্ত্র হামলা হলে","99","Excellent","CLEAN","0","0"
"594","source-file","04_আন্তর্জাতিক_বিষয়াবলি","বর্তমানে জাতিসংঘে সদস্য না হয়েও স্থায়ী পর্যবেক্ষক রাষ্ট্র (Permanent Observer ","99","Excellent","CLEAN","0","0"
"595","source-file","04_আন্তর্জাতিক_বিষয়াবলি","সাধারণ পরিষদের ২৭৫৮ নম্বর প্রস্তাবের (১৯৭১) মাধ্যমে তাইওয়ানকে অপসারণ করে কোন রা","99","Excellent","CLEAN","0","0"
"596","source-file","04_আন্তর্জাতিক_বিষয়াবলি","মালেশিয়ার নিরাপত্তা পরিষদে অন্তর্ভুক্তির প্রতিবাদে ১৯৬৫ সালে একমাত্র দেশ হিসেবে","99","Excellent","CLEAN","0","0"
"597","source-file","04_আন্তর্জাতিক_বিষয়াবলি","স্ক্যান্ডিনেভিয়ান দেশ সুইজারল্যান্ড দীর্ঘদিনের নিরপেক্ষ নীতি বজায় রেখে কত সালে","99","Excellent","CLEAN","0","0"
"598","source-file","04_আন্তর্জাতিক_বিষয়াবলি","১৯৯১ সালে সোভিয়েত ইউনিয়নের বিলুপ্তির পর নিরাপত্তা পরিষদে এর স্থায়ী সদস্যপদ এব","99","Excellent","CLEAN","0","0"
"599","source-file","04_আন্তর্জাতিক_বিষয়াবলি","জাতিসংঘ কর্তৃক প্রবর্তিত 'গ্লোবাল কম্প্যাক্ট' (UN Global Compact) মূলত কোন সম্প্","99","Excellent","CLEAN","0","0"
"600","source-file","04_আন্তর্জাতিক_বিষয়াবলি","জাতিসংঘের প্রথম ঐতিহাসিক পরিবেশ সম্মেলন 'আর্থ সামিট' বা ধরিত্রী সম্মেলন কোথায় এ","99","Excellent","CLEAN","0","0"
"601","source-file","04_আন্তর্জাতিক_বিষয়াবলি","জাতিসংঘের ঐতিহাসিক সমুদ্র আইন বিষয়ক কনভেনশন 'আনক্লস-৩' (UNCLOS-III) কত সালে স্ব","99","Excellent","CLEAN","0","0"
"602","source-file","04_আন্তর্জাতিক_বিষয়াবলি","'আমাদের সাধারণ ভবিষ্যৎ' (Our Common Future) নামক ঐতিহাসিক পরিবেশ প্রতিবেদন প্রণয","99","Excellent","CLEAN","0","0"
"603","source-file","04_আন্তর্জাতিক_বিষয়াবলি","আন্তর্জাতিক পরমাণু শক্তি সংস্থা (IAEA)-এর প্রধানের পদবী কী?","99","Excellent","CLEAN","0","0"
"604","source-file","04_আন্তর্জাতিক_বিষয়াবলি","জাতিসংঘের বাজেট বা চাঁদা নির্ধারণের মূল নীতি বা মানদণ্ড কোনটি?","99","Excellent","CLEAN","0","0"
"605","source-file","04_আন্তর্জাতিক_বিষয়াবলি","নিরাপত্তা পরিষদের স্থায়ী সদস্য হিসেবে চীনের প্রতিনিধিত্বকারী সরকার হিসেবে তাইওয","99","Excellent","CLEAN","0","0"
"606","source-file","04_আন্তর্জাতিক_বিষয়াবলি","আন্তর্জাতিক অপরাধ ট্রাইব্যুনাল রয়ান্ডা (ICTR) কোন শহরে প্রতিষ্ঠিত হয়ে কাজ পরিচ","99","Excellent","CLEAN","0","0"
"607","source-file","04_আন্তর্জাতিক_বিষয়াবলি","আন্তর্জাতিক বিচার আদালতের (ICJ) অফিসিয়াল বা অফিশিয়াল কাজের ভাষা কয়টি ও কী কী?","99","Excellent","CLEAN","0","0"
"608","source-file","04_আন্তর্জাতিক_বিষয়াবলি","লিগ অব নেশনসের ব্যর্থতার পর তৈরি হওয়া জাতিসংঘ সনদে 'যৌথ নিরাপত্তা' (Collective ","99","Excellent","CLEAN","0","0"
"609","source-file","04_আন্তর্জাতিক_বিষয়াবলি","'আন্তর্জাতিক গণতন্ত্র দিবস' হিসেবে জাতিসংঘ ঘোষিত বিশ্ব দিবস কোনটি?","99","Excellent","CLEAN","0","0"
"610","source-file","04_আন্তর্জাতিক_বিষয়াবলি","জাতিসংঘের কোন সংস্থা বা অর্থনৈতিক কমিশন আফ্রিকান দেশগুলোর অর্থনীতি ও সামাজিক উন্","99","Excellent","CLEAN","0","0"
"611","source-file","04_আন্তর্জাতিক_বিষয়াবলি","বিশ্ব খাদ্য দিবস পালিত হয় ১৬ অক্টোবর। এটি কোন আন্তর্জাতিক সংস্থার প্রতিষ্ঠাবার্","99","Excellent","CLEAN","0","0"
"612","source-file","04_আন্তর্জাতিক_বিষয়াবলি","জাতিসংঘ সাধারণ পরিষদের ৭০তম অধিবেশনে (২০১৫) সর্বসম্মতিক্রমে বিশ্ব নেতৃবৃন্দ কোন ","99","Excellent","CLEAN","0","0"
"613","source-file","04_আন্তর্জাতিক_বিষয়াবলি","সুশাসন বা 'Good Governance' নিশ্চিত করার জন্য ১৯৯০-এর দশকে জাতিসংঘের কোন সংস্থাট","99","Excellent","AUTO","0","1"
"614","source-file","10_নৈতিকতা, মূল্যবোধ ও সু-শাসন","সমাজে সুশাসন প্রতিষ্ঠিত হলে এর সবচেয়ে বড় ও প্রত্যক্ষ সুফল কোনটি?","94","Good","CLEAN","0","0"
"615","source-file","10_নৈতিকতা, মূল্যবোধ ও সু-শাসন","নৈতিক মূল্যবোধ চর্চার ফলে সমাজে কোনটির বিকাশ ঘটে?","94","Good","CLEAN","0","0"
"616","source-file","10_নৈতিকতা, মূল্যবোধ ও সু-শাসন","একটি রাষ্ট্রে সুশাসন না থাকলে সমাজকে সর্বপ্রথম কোন চরম মূল্যটি চোকাতে হয়?","94","Good","CLEAN","0","0"
"617","source-file","10_নৈতিকতা, মূল্যবোধ ও সু-শাসন","মূল্যবোধের অবক্ষয়ের কারণে সমাজে যখন দুর্নীতির বিস্তার ঘটে, তখন অর্থনীতিতে এর বি","94","Good","CLEAN","0","0"
"618","source-file","10_নৈতিকতা, মূল্যবোধ ও সু-শাসন","সুশাসনের 'স্বচ্ছতা' (Transparency) উপাদানটির সুফল কী?","94","Good","CLEAN","0","0"
"619","source-file","10_নৈতিকতা, মূল্যবোধ ও সু-শাসন","একটি দেশে সুশাসনের অভাবে 'মেধাপাচার' (Brain drain) কেন ঘটে?","94","Good","CLEAN","0","0"
"620","source-file","10_নৈতিকতা, মূল্যবোধ ও সু-শাসন","রাষ্ট্রে 'জবাবদিহিতা' (Accountability) না থাকলে প্রশাসনিক কাঠামোতে কী ঘটে?","94","Good","CLEAN","0","0"
"621","source-file","10_নৈতিকতা, মূল্যবোধ ও সু-শাসন","সমাজে 'পরমতসহিষ্ণুতা' (Tolerance) নামক মূল্যবোধের অভাব ঘটলে সমাজ কী মূল্য দেয়?","94","Good","CLEAN","0","0"
"622","source-file","10_নৈতিকতা, মূল্যবোধ ও সু-শাসন","সুশাসনের অন্যতম সুফল হলো 'টেকসই উন্নয়ন' (Sustainable Development)। এটি কীভাবে অ","94","Good","CLEAN","0","0"
"623","source-file","10_নৈতিকতা, মূল্যবোধ ও সু-শাসন","মূল্যবোধের চরম অবক্ষয়জনিত অপরাধ 'কিশোর গ্যাং' কালচার সমাজের কী ক্ষতি করে?","94","Good","CLEAN","0","0"
"624","source-file","10_নৈতিকতা, মূল্যবোধ ও সু-শাসন","একটি দেশে সুশাসন ও স্থিতিশীলতা থাকলে আন্তর্জাতিক পরিমণ্ডলে এর সুফল কী?","94","Good","CLEAN","0","0"
"625","source-file","10_নৈতিকতা, মূল্যবোধ ও সু-শাসন","সুশাসনের অভাবে যখন 'বিচারিক দীর্ঘসূত্রতা' (Justice delayed) ঘটে, তখন সমাজকে কী ম","94","Good","CLEAN","0","0"
"626","source-file","10_নৈতিকতা, মূল্যবোধ ও সু-শাসন","সমাজে 'শ্রমের মর্যাদা' (Dignity of labour) প্রতিষ্ঠিত হলে এর অর্থনৈতিক সুফল কী?","94","Good","CLEAN","0","0"
"627","source-file","10_নৈতিকতা, মূল্যবোধ ও সু-শাসন","সুশাসনের রাজনৈতিক উপাদান 'অবাধ ও সুষ্ঠু নির্বাচন' না থাকলে সমাজকে কী চরম মূল্য দ","94","Good","CLEAN","0","0"
"628","source-file","10_নৈতিকতা, মূল্যবোধ ও সু-শাসন","'ভোক্তা অধিকার' নিয়ে ব্যবসায়িক নৈতিকতা না থাকলে সাধারণ মানুষকে কী মূল্য দিতে হ","94","Good","CLEAN","0","0"
"629","source-file","10_নৈতিকতা, মূল্যবোধ ও সু-শাসন","সুশাসনের 'অংশগ্রহণমূলক' (Participatory) নীতির সুফল কী?","94","Good","CLEAN","0","0"
"630","source-file","10_নৈতিকতা, মূল্যবোধ ও সু-শাসন","সমাজে 'সহমর্মিতা' (Empathy) মূল্যবোধটি না থাকলে সমাজের রূপ কেমন হয়?","94","Good","CLEAN","0","0"
"631","source-file","10_নৈতিকতা, মূল্যবোধ ও সু-শাসন","সুশাসনের অন্যতম সুফল 'সামাজিক ন্যায়বিচার' (Social Justice) প্রতিষ্ঠিত হলে কী ঘট","94","Good","CLEAN","0","0"
"632","source-file","10_নৈতিকতা, মূল্যবোধ ও সু-শাসন","রাষ্ট্রে 'আমলাতান্ত্রিক দীর্ঘসূত্রতা' বা লাল ফিতার দৌরাত্ম্য থাকলে সমাজকে কী মূল","94","Good","CLEAN","0","0"
"633","source-file","10_নৈতিকতা, মূল্যবোধ ও সু-শাসন","'দেশপ্রেম' নামক মূল্যবোধটির অভাবে সমাজের কী ক্ষতি হয়?","94","Good","CLEAN","0","0"
"634","source-file","10_নৈতিকতা, মূল্যবোধ ও সু-শাসন","সুশাসনে 'বিকেন্দ্রীকরণ' (Decentralization) নীতির সবচেয়ে বড় সুফল কোনটি?","94","Good","CLEAN","0","0"
"635","source-file","10_নৈতিকতা, মূল্যবোধ ও সু-শাসন","সমাজে 'পরশ্রীকাতরতা' (হিংসা) নামক নেতিবাচক মূল্যবোধ বৃদ্ধি পেলে জাতীয় জীবনে কী ","94","Good","CLEAN","0","0"
"636","source-file","10_নৈতিকতা, মূল্যবোধ ও সু-শাসন","সুশাসন ও আইনের শাসনের অভাবে যখন 'বিচারহীনতার সংস্কৃতি' (Culture of Impunity) তৈর","94","Good","CLEAN","0","0"
"637","source-file","10_নৈতিকতা, মূল্যবোধ ও সু-শাসন","'নিয়মানুবর্তিতা' (Punctuality) মূল্যবোধটির অভাবে প্রাতিষ্ঠানিক পর্যায়ে কী ক্ষত","94","Good","CLEAN","0","0"
"638","source-file","10_নৈতিকতা, মূল্যবোধ ও সু-শাসন","সুশাসনে স্বাধীন 'গণমাধ্যম' (Media) থাকার সবচেয়ে বড় সুফল কী?","94","Good","CLEAN","0","0"
"639","source-file","10_নৈতিকতা, মূল্যবোধ ও সু-শাসন","সমাজে নারী-পুরুষের 'সমতা' নামক মূল্যবোধ না থাকলে সমাজকে কী মূল্য দিতে হয়?","94","Good","CLEAN","0","0"
"640","source-file","10_নৈতিকতা, মূল্যবোধ ও সু-শাসন","সরকারি খাতে সুশাসন না থাকলে সাধারণ জনগণের ওপর এর অর্থনৈতিক প্রভাব কী?","94","Good","CLEAN","0","0"
"641","source-file","10_নৈতিকতা, মূল্যবোধ ও সু-শাসন","সমাজে 'উদারতা' ও 'গঠনমূলক সমালোচনা গ্রহণের মানসিকতা'র সুফল কী?","94","Good","CLEAN","0","0"
"642","source-file","10_নৈতিকতা, মূল্যবোধ ও সু-শাসন","সুশাসনের অন্যতম স্তম্ভ 'স্বাধীন বিচার বিভাগ' না থাকলে সমাজকে কী চরম মূল্য দিতে হ","94","Good","CLEAN","0","0"
"643","source-file","10_নৈতিকতা, মূল্যবোধ ও সু-শাসন","'ভোটের অধিকার প্রয়োগ' নামক গণতান্ত্রিক মূল্যবোধ না থাকলে রাষ্ট্রের কী ক্ষতি হয়","94","Good","CLEAN","0","0"
"644","source-file","10_নৈতিকতা, মূল্যবোধ ও সু-শাসন","ব্যক্তিজীবনে 'সততা' নামক নৈতিক মূল্যবোধের সুফল জাতীয় পর্যায়ে কীভাবে প্রতিফলিত ","94","Good","CLEAN","0","0"
"645","source-file","10_নৈতিকতা, মূল্যবোধ ও সু-শাসন","সমাজে 'পেশিশক্তি' ও 'কালো টাকার' প্রভাব বাড়লে সুশাসনের কোন দিকটি সবচেয়ে বেশি ক","94","Good","CLEAN","0","0"
"646","source-file","10_নৈতিকতা, মূল্যবোধ ও সু-শাসন","সুশাসনে 'তথ্য উন্মুক্তকরণ' বা Open Data নীতির সবচেয়ে বড় সুফল কী?","94","Good","CLEAN","0","0"
"647","source-file","10_নৈতিকতা, মূল্যবোধ ও সু-শাসন","'সংখ্যালঘুদের নিরাপত্তা ও অধিকার' নিশ্চিত না করলে সমাজকে কী মূল্য দিতে হয়?","94","Good","CLEAN","0","0"
"648","source-file","10_নৈতিকতা, মূল্যবোধ ও সু-শাসন","ব্যক্তি ও সমাজে 'দায়িত্বশীলতা' (Responsibility) মূল্যবোধের সুফল কী?","94","Good","CLEAN","0","0"
"649","source-file","10_নৈতিকতা, মূল্যবোধ ও সু-শাসন","সুশাসনের অভাবে 'স্বজনপ্রীতি' (Nepotism) বাড়লে প্রাতিষ্ঠানিক পর্যায়ে কী ক্ষতি হ","94","Good","CLEAN","0","0"
"650","source-file","10_নৈতিকতা, মূল্যবোধ ও সু-শাসন","'পরিবেশগত মূল্যবোধ' (Environmental Values) না থাকলে সমাজকে ভবিষ্যতে কী চরম মূল্য","94","Good","CLEAN","0","0"
"651","source-file","10_নৈতিকতা, মূল্যবোধ ও সু-শাসন","সুশাসনে 'কার্যকারিতা ও দক্ষতা' (Effectiveness and Efficiency) নীতির সুফল কী?","94","Good","CLEAN","0","0"
"652","source-file","10_নৈতিকতা, মূল্যবোধ ও সু-শাসন","সমাজে 'মানবাধিকার' (Human Rights) রক্ষার সুফল কী?","94","Good","CLEAN","0","0"
"653","source-file","10_নৈতিকতা, মূল্যবোধ ও সু-শাসন","'শিক্ষাপ্রতিষ্ঠানে নৈতিক শিক্ষার' অভাব ঘটলে সমাজ কী মূল্য দেয়?","94","Good","CLEAN","0","0"
"654","source-file","10_নৈতিকতা, মূল্যবোধ ও সু-শাসন","সুশাসনে 'আইনের চোখে সমতা' (Equality before the law) নীতির সুফল কী?","94","Good","CLEAN","0","0"
"655","source-file","10_নৈতিকতা, মূল্যবোধ ও সু-শাসন","সমাজে 'ডিজিটাল লিটারেসি' ও 'সাইবার নৈতিকতা' না থাকলে কী ক্ষতি হয়?","94","Good","CLEAN","0","0"
"656","source-file","10_নৈতিকতা, মূল্যবোধ ও সু-শাসন","সুশাসনের অভাবে যখন 'অর্থপাচার' (Money Laundering) বৃদ্ধি পায়, তখন সমাজকে কী মূল","94","Good","CLEAN","0","0"
"657","source-file","10_নৈতিকতা, মূল্যবোধ ও সু-শাসন","'দেশজ সংস্কৃতি ও ঐত্যিহ্যের চর্চা' নামক মূল্যবোধের সুফল কী?","94","Good","CLEAN","0","0"
"658","source-file","10_নৈতিকতা, মূল্যবোধ ও সু-শাসন","সুশাসনে 'ঐকমত্যমুখী' (Consensus-oriented) সিদ্ধান্ত গ্রহণের সুফল কী?","94","Good","CLEAN","0","0"
"659","source-file","10_নৈতিকতা, মূল্যবোধ ও সু-শাসন","সমাজে 'শিষ্টাচার' (Etiquette) ও 'ভদ্রতা' না থাকলে কী ঘটে?","94","Good","CLEAN","0","0"
"660","source-file","10_নৈতিকতা, মূল্যবোধ ও সু-শাসন","সরকারি প্রতিষ্ঠানে 'ই-গভর্ন্যান্স' বা প্রযুক্তিনির্ভর সুশাসন চালু হওয়ার সুফল কী","94","Good","CLEAN","0","0"
"661","source-file","10_নৈতিকতা, মূল্যবোধ ও সু-শাসন","সুশাসনের অভাবে 'নিয়ন্ত্রণ ও ভারসাম্য' (Checks and Balances) নীতি অকার্যকর হলে স","94","Good","CLEAN","0","0"
"662","source-file","10_নৈতিকতা, মূল্যবোধ ও সু-শাসন","'অ্যাডভোকেসি' বা জনসচেতনতা মূলক প্রচারণার মাধ্যমে সুশীল সমাজ সুশাসনে কী সুফল বয়","94","Good","CLEAN","0","0"
"663","source-file","10_নৈতিকতা, মূল্যবোধ ও সু-শাসন","ব্যক্তিজীবনে 'ক্ষমা' (Forgiveness) ও 'দয়া' নামক মূল্যবোধ না থাকলে সমাজ কেমন হয়","94","Good","CLEAN","0","0"
"664","source-file","10_নৈতিকতা, মূল্যবোধ ও সু-শাসন","সুশাসনে 'জনগণের অংশগ্রহণ' (Public Participation) না থাকলে উন্নয়ন প্রকল্পগুলোর ক","94","Good","CLEAN","0","0"
"665","source-file","10_নৈতিকতা, মূল্যবোধ ও সু-শাসন","'পাবলিক সার্ভিস কমিশন' (PSC) এর মতো সাংবিধানিক প্রতিষ্ঠানগুলো স্বাধীনভাবে কাজ কর","94","Good","CLEAN","0","0"
"666","source-file","10_নৈতিকতা, মূল্যবোধ ও সু-শাসন","সমাজে 'কর্তব্যনিষ্ঠা' (Devotion to duty) নামক মূল্যবোধ না থাকলে কী ঘটে?","94","Good","CLEAN","0","0"
"667","source-file","10_নৈতিকতা, মূল্যবোধ ও সু-শাসন","সুশাসনে 'সামাজিক নিরাপত্তা বেষ্টনী' (Social Safety Net) থাকার সুফল কী?","94","Good","CLEAN","0","0"
"668","source-file","10_নৈতিকতা, মূল্যবোধ ও সু-শাসন","'দুর্নীতি দমন কমিশন' (ACC) স্বাধীন ও কার্যকর না হলে সমাজকে কী মূল্য দিতে হয়?","94","Good","CLEAN","0","0"
"669","source-file","10_নৈতিকতা, মূল্যবোধ ও সু-শাসন","সমাজে 'মৌলিক অধিকার' (Fundamental Rights) সংরক্ষিত থাকার সুফল কী?","94","Good","CLEAN","0","0"
"670","source-file","10_নৈতিকতা, মূল্যবোধ ও সু-শাসন","সুশাসনের অভাবে 'রাজনৈতিক অস্থিতিশীলতা' থাকলে অর্থনীতিতে কী প্রভাব পড়ে?","94","Good","CLEAN","0","0"
"671","source-file","10_নৈতিকতা, মূল্যবোধ ও সু-শাসন","'জাতীয় স্বার্থকে ব্যক্তিগত স্বার্থের ঊর্ধ্বে স্থান দেওয়া'— এই মূল্যবোধের সুফল ","94","Good","AUTO","0","1"
"672","source-file","10_নৈতিকতা, মূল্যবোধ ও সু-শাসন","সুশাসনে 'তথ্য অধিকার আইন' (RTI) কার্যকর থাকলে সাধারণ মানুষের কী সুফল হয়?","94","Good","CLEAN","0","0"
"673","source-file","10_নৈতিকতা, মূল্যবোধ ও সু-শাসন","সমাজে 'পরোপকার' ও 'স্বেচ্ছাসেবী মানসিকতা' না থাকলে কী ঘটে?","94","Good","CLEAN","0","0"
"674","source-file","10_নৈতিকতা, মূল্যবোধ ও সু-শাসন","সুশাসনের অভাবে 'নির্বাচনে কালো টাকার প্রভাব' থাকলে সমাজকে কী মূল্য দিতে হয়?","94","Good","CLEAN","0","0"
"675","source-file","10_নৈতিকতা, মূল্যবোধ ও সু-শাসন","'স্থানীয় সরকার' (Local Government) ব্যবস্থা শক্তিশালী হওয়ার সুফল কী?","94","Good","CLEAN","0","0"
"676","source-file","10_নৈতিকতা, মূল্যবোধ ও সু-শাসন","সরকারি কর্মকর্তাদের মধ্যে 'জনবান্ধব মানসিকতা' না থাকলে সমাজ কী মূল্য দেয়?","94","Good","CLEAN","0","0"
"677","source-file","10_নৈতিকতা, মূল্যবোধ ও সু-শাসন","সুশাসনে 'সংবিধানের শ্রেষ্ঠত্ব' (Supremacy of Constitution) বজায় থাকার সুফল কী?","94","Good","CLEAN","0","0"
"678","source-file","10_নৈতিকতা, মূল্যবোধ ও সু-শাসন","সমাজে 'সাংস্কৃতিক কর্মকাণ্ড' ও 'সুস্থ বিনোদন' না থাকলে কী ঘটে?","94","Good","CLEAN","0","0"
"679","source-file","10_নৈতিকতা, মূল্যবোধ ও সু-শাসন","'পাবলিক সার্ভিস' বা সরকারি সেবাকে 'চাকরি' না ভেবে 'সেবা' হিসেবে গ্রহণ করার সুফল ","94","Good","CLEAN","0","0"
"680","source-file","10_নৈতিকতা, মূল্যবোধ ও সু-শাসন","সুশাসনের অভাবে ব্যাংকিং খাতে 'স্বচ্ছতা' না থাকলে সমাজকে কী চরম মূল্য দিতে হয়?","94","Good","CLEAN","0","0"
"681","source-file","10_নৈতিকতা, মূল্যবোধ ও সু-শাসন","'মিতব্যয়িতা' (Frugality) নামক অর্থনৈতিক মূল্যবোধ চর্চার সুফল কী?","94","Good","CLEAN","0","0"
"682","source-file","10_নৈতিকতা, মূল্যবোধ ও সু-শাসন","সুশাসনে 'ন্যায়পাল' (Ombudsman) ব্যবস্থার সফল প্রয়োগের সুফল কী?","94","Good","CLEAN","0","0"
"683","source-file","10_নৈতিকতা, মূল্যবোধ ও সু-শাসন","ব্যক্তিজীবনে 'সততা' ও 'নৈতিকতা'র অভাবে শিক্ষিত ব্যক্তিরা অপরাধ করলে সমাজ কী মূল্","94","Good","CLEAN","0","0"
"684","source-file","10_নৈতিকতা, মূল্যবোধ ও সু-শাসন","সুশাসনে 'নিয়মকানুন সহজীকরণ' (Simplification of procedures) বা ইজ অব ডুয়িং বিজন","94","Good","CLEAN","0","0"
"685","source-file","10_নৈতিকতা, মূল্যবোধ ও সু-শাসন","সমাজে 'পেশাগত নৈতিকতা' (Professional Ethics) না থাকলে কী ঘটে?","94","Good","CLEAN","0","0"
"686","source-file","10_নৈতিকতা, মূল্যবোধ ও সু-শাসন","সুশাসনের অন্যতম বৈশিষ্ট্য 'আইনের চোখে সমতা' (Equality before the law) না থাকলে ক","94","Good","CLEAN","0","0"
"687","source-file","10_নৈতিকতা, মূল্যবোধ ও সু-শাসন","'ভোক্তা অধিকার সংরক্ষণ' আইন কার্যকরভাবে বাস্তবায়িত হওয়ার সুফল কী?","94","Good","CLEAN","0","0"
"688","source-file","10_নৈতিকতা, মূল্যবোধ ও সু-শাসন","সমাজে 'কমিউনিটি পুলিশিং' (Community Policing) থাকার সুফল কী?","94","Good","CLEAN","0","0"
"689","source-file","10_নৈতিকতা, মূল্যবোধ ও সু-শাসন","সুশাসনের অভাবে 'কালো টাকা সাদা করার সুযোগ' দেওয়া হলে সমাজকে কী দীর্ঘমেয়াদি মূল","94","Good","CLEAN","0","0"
"690","source-file","10_নৈতিকতা, মূল্যবোধ ও সু-শাসন","'হুইসেলব্লোয়ার' (Whistleblower) বা দুর্নীতি ফাঁসকারীকে আইনি সুরক্ষা দেওয়ার সুফ","94","Good","CLEAN","0","0"
"691","source-file","10_নৈতিকতা, মূল্যবোধ ও সু-শাসন","সমাজে 'সামাজিক পুঁজি' (Social Capital) বা পারস্পরিক বিশ্বাস না থাকলে কী ঘটে?","94","Good","CLEAN","0","0"
"692","source-file","10_নৈতিকতা, মূল্যবোধ ও সু-শাসন","সুশাসনে 'প্রতিক্রিয়াশীলতা' (Responsiveness) নীতির সুফল কী?","94","Good","CLEAN","0","0"
"693","source-file","10_নৈতিকতা, মূল্যবোধ ও সু-শাসন","পরিবার ও সমাজ থেকে 'নৈতিক শিক্ষার' অভাব ঘটলে দীর্ঘমেয়াদে কী চরম মূল্য দিতে হয়?","94","Good","CLEAN","0","0"
"694","source-file","10_নৈতিকতা, মূল্যবোধ ও সু-শাসন","সরকারি কেনাকাটায় 'ই-টেন্ডারিং' (e-GP) পদ্ধতি চালুর সুফল কী?","94","Good","CLEAN","0","0"
"695","source-file","10_নৈতিকতা, মূল্যবোধ ও সু-শাসন","সমাজে 'ধর্মীয় গোঁড়ামি' ও 'উগ্রবাদ' বৃদ্ধি পেলে সুশাসনের কোন দিকটি সবচেয়ে বেশি","94","Good","CLEAN","0","0"
"696","source-file","10_নৈতিকতা, মূল্যবোধ ও সু-শাসন","সুশাসনের অভাবে 'সরকারি অর্থের অপচয়' (Misuse of public funds) হলে সাধারণ নাগরিকক","94","Good","CLEAN","0","0"
"697","source-file","10_নৈতিকতা, মূল্যবোধ ও সু-শাসন","'জাতীয় শুদ্ধাচার কৌশল' (NIS) সফলভাবে বাস্তবায়িত হওয়ার সুফল কী?","94","Good","CLEAN","0","0"
"698","source-file","10_নৈতিকতা, মূল্যবোধ ও সু-শাসন","সমাজে 'কিশোর গ্যাং' বা তরুণদের অপরাধপ্রবণতা বাড়লে আইনশৃঙ্খলা রক্ষাকারী বাহিনীর ","94","Good","CLEAN","0","0"
"699","source-file","10_নৈতিকতা, মূল্যবোধ ও সু-শাসন","সুশাসনে 'নিয়ন্ত্রণ ও ভারসাম্য' (Checks and Balances) নীতির সুফল কী?","94","Good","CLEAN","0","0"
"700","source-file","10_নৈতিকতা, মূল্যবোধ ও সু-শাসন","'অ্যাডভোকেসি' বা জনসচেতনতা মূলক প্রচারণার মাধ্যমে সুশীল সমাজ সুশাসনে কী সুফল বয়","94","Good","CLEAN","0","0"
"701","source-file","10_নৈতিকতা, মূল্যবোধ ও সু-শাসন","সমাজে 'মানবাধিকার' লঙ্ঘিত হলে আন্তর্জাতিক পরিমণ্ডলে দেশটিকে কী মূল্য দিতে হয়?","94","Good","CLEAN","0","0"
"702","source-file","10_নৈতিকতা, মূল্যবোধ ও সু-শাসন","'গণশুনানি' (Public Hearing) আয়োজন করে সুশাসনের কোন সুফলটি নিশ্চিত করা যায়?","94","Good","CLEAN","0","0"
"703","source-file","10_নৈতিকতা, মূল্যবোধ ও সু-শাসন","'ডিজিটাল লিটারেসি' ও 'সাইবার নৈতিকতা' চর্চার সুফল কী?","94","Good","CLEAN","0","0"
"704","source-file","10_নৈতিকতা, মূল্যবোধ ও সু-শাসন","সুশাসনের অভাবে 'তথ্য গোপন' বা সেন্সরশিপ থাকলে সমাজকে কী চরম মূল্য দিতে হয়?","94","Good","CLEAN","0","0"
"705","source-file","10_নৈতিকতা, মূল্যবোধ ও সু-শাসন","'সামাজিক নিরীক্ষা' (Social Audit) এর সুফল কী?","94","Good","CLEAN","0","0"
"706","source-file","10_নৈতিকতা, মূল্যবোধ ও সু-শাসন","সমাজে 'কর দেওয়ার সংস্কৃতি' (Tax Compliance) একটি মূল্যবোধ হিসেবে প্রতিষ্ঠিত হলে","94","Good","CLEAN","0","0"
"707","source-file","10_নৈতিকতা, মূল্যবোধ ও সু-শাসন","সুশাসনে 'পরিবেশগত দায়িত্ববোধ' না থাকলে দীর্ঘমেয়াদে কী ঘটে?","94","Good","CLEAN","0","0"
"708","source-file","10_নৈতিকতা, মূল্যবোধ ও সু-শাসন","'উন্মুক্ত উপাত্ত' (Open Data) পোর্টাল সরকারের কোন সুফলটি প্রকাশ করে?","94","Good","CLEAN","0","0"
"709","source-file","10_নৈতিকতা, মূল্যবোধ ও সু-শাসন","সমাজে 'নারীর প্রতি সম্মান ও মর্যাদা' প্রদান করে তাদের ক্ষমতায়ন করলে কী সুফল পাও","94","Good","CLEAN","0","0"
"710","source-file","10_নৈতিকতা, মূল্যবোধ ও সু-শাসন","সুশাসনের অভাবে 'রাজনৈতিক লেজুড়বৃত্তি' ও 'দলীয়করণ' বাড়লে প্রাতিষ্ঠানিক কী ক্ষত","94","Good","CLEAN","0","0"
"711","source-file","10_নৈতিকতা, মূল্যবোধ ও সু-শাসন","'পাবলিক সার্ভিস কমিশন' (PSC) এর মতো সাংবিধানিক প্রতিষ্ঠানগুলো স্বাধীনভাবে কাজ কর","94","Good","CLEAN","0","0"
"712","source-file","10_নৈতিকতা, মূল্যবোধ ও সু-শাসন","'মূল্যবোধ' ও 'সুশাসন' একে অপরের পরিপূরক— এই ধারণার সবচেয়ে বড় সুফল কী?","94","Good","AUTO","0","1"
"713","source-file","10_নৈতিকতা, মূল্যবোধ ও সু-শাসন","পরিশেষে, সমাজে সুশাসন ও মূল্যবোধের অভাব থাকলে সমাজকে যে চূড়ান্ত মূল্য দিতে হয়,","94","Good","CLEAN","0","0"
"714","source-file","10_নৈতিকতা, মূল্যবোধ ও সু-শাসন","সমাজে সুশাসন প্রতিষ্ঠিত হলে এর সবচেয়ে বড় ও প্রত্যক্ষ সুফল কোনটি?","94","Good","CLEAN","0","0"
"715","source-file","10_নৈতিকতা, মূল্যবোধ ও সু-শাসন","নৈতিক মূল্যবোধ চর্চার ফলে সমাজে কোনটির বিকাশ ঘটে?","94","Good","CLEAN","0","0"
"716","source-file","10_নৈতিকতা, মূল্যবোধ ও সু-শাসন","একটি রাষ্ট্রে সুশাসন না থাকলে সমাজকে সর্বপ্রথম কোন চরম মূল্যটি চোকাতে হয়?","94","Good","CLEAN","0","0"
"717","source-file","10_নৈতিকতা, মূল্যবোধ ও সু-শাসন","মূল্যবোধের অবক্ষয়ের কারণে সমাজে যখন দুর্নীতির বিস্তার ঘটে, তখন অর্থনীতিতে এর বি","94","Good","CLEAN","0","0"
"718","source-file","10_নৈতিকতা, মূল্যবোধ ও সু-শাসন","সুশাসনের 'স্বচ্ছতা' (Transparency) উপাদানটির সুফল কী?","94","Good","CLEAN","0","0"
"719","source-file","10_নৈতিকতা, মূল্যবোধ ও সু-শাসন","একটি দেশে সুশাসনের অভাবে 'মেধাপাচার' (Brain drain) কেন ঘটে?","94","Good","CLEAN","0","0"
"720","source-file","10_নৈতিকতা, মূল্যবোধ ও সু-শাসন","রাষ্ট্রে 'জবাবদিহিতা' (Accountability) না থাকলে প্রশাসনিক কাঠামোতে কী ঘটে?","94","Good","CLEAN","0","0"
"721","source-file","10_নৈতিকতা, মূল্যবোধ ও সু-শাসন","সমাজে 'পরমতসহিষ্ণুতা' (Tolerance) নামক মূল্যবোধের অভাব ঘটলে সমাজ কী মূল্য দেয়?","94","Good","CLEAN","0","0"
"722","source-file","10_নৈতিকতা, মূল্যবোধ ও সু-শাসন","সুশাসনের অন্যতম সুফল হলো 'টেকসই উন্নয়ন' (Sustainable Development)। এটি কীভাবে অ","94","Good","CLEAN","0","0"
"723","source-file","10_নৈতিকতা, মূল্যবোধ ও সু-শাসন","মূল্যবোধের চরম অবক্ষয়জনিত অপরাধ 'কিশোর গ্যাং' কালচার সমাজের কী ক্ষতি করে?","94","Good","CLEAN","0","0"
"724","source-file","10_নৈতিকতা, মূল্যবোধ ও সু-শাসন","একটি দেশে সুশাসন ও স্থিতিশীলতা থাকলে আন্তর্জাতিক পরিমণ্ডলে এর সুফল কী?","94","Good","CLEAN","0","0"
"725","source-file","10_নৈতিকতা, মূল্যবোধ ও সু-শাসন","সুশাসনের অভাবে যখন 'বিচারিক দীর্ঘসূত্রতা' (Justice delayed) ঘটে, তখন সমাজকে কী ম","94","Good","CLEAN","0","0"
"726","source-file","10_নৈতিকতা, মূল্যবোধ ও সু-শাসন","সমাজে 'শ্রমের মর্যাদা' (Dignity of labour) প্রতিষ্ঠিত হলে এর অর্থনৈতিক সুফল কী?","94","Good","CLEAN","0","0"
"727","source-file","10_নৈতিকতা, মূল্যবোধ ও সু-শাসন","সুশাসনের রাজনৈতিক উপাদান 'অবাধ ও সুষ্ঠু নির্বাচন' না থাকলে সমাজকে কী চরম মূল্য দ","94","Good","CLEAN","0","0"
"728","source-file","10_নৈতিকতা, মূল্যবোধ ও সু-শাসন","'ভোক্তা অধিকার' নিয়ে ব্যবসায়িক নৈতিকতা না থাকলে সাধারণ মানুষকে কী মূল্য দিতে হ","94","Good","CLEAN","0","0"
"729","source-file","10_নৈতিকতা, মূল্যবোধ ও সু-শাসন","সুশাসনের 'অংশগ্রহণমূলক' (Participatory) নীতির সুফল কী?","94","Good","CLEAN","0","0"
"730","source-file","10_নৈতিকতা, মূল্যবোধ ও সু-শাসন","সমাজে 'সহমর্মিতা' (Empathy) মূল্যবোধটি না থাকলে সমাজের রূপ কেমন হয়?","94","Good","CLEAN","0","0"
"731","source-file","10_নৈতিকতা, মূল্যবোধ ও সু-শাসন","সুশাসনের অন্যতম সুফল 'সামাজিক ন্যায়বিচার' (Social Justice) প্রতিষ্ঠিত হলে কী ঘট","94","Good","CLEAN","0","0"
"732","source-file","10_নৈতিকতা, মূল্যবোধ ও সু-শাসন","রাষ্ট্রে 'আমলাতান্ত্রিক দীর্ঘসূত্রতা' বা লাল ফিতার দৌরাত্ম্য থাকলে সমাজকে কী মূল","94","Good","CLEAN","0","0"
"733","source-file","10_নৈতিকতা, মূল্যবোধ ও সু-শাসন","'দেশপ্রেম' নামক মূল্যবোধটির অভাবে সমাজের কী ক্ষতি হয়?","94","Good","CLEAN","0","0"
"734","source-file","10_নৈতিকতা, মূল্যবোধ ও সু-শাসন","সুশাসনে 'বিকেন্দ্রীকরণ' (Decentralization) নীতির সবচেয়ে বড় সুফল কোনটি?","94","Good","CLEAN","0","0"
"735","source-file","10_নৈতিকতা, মূল্যবোধ ও সু-শাসন","সমাজে 'পরশ্রীকাতরতা' (হিংসা) নামক নেতিবাচক মূল্যবোধ বৃদ্ধি পেলে জাতীয় জীবনে কী ","94","Good","CLEAN","0","0"
"736","source-file","10_নৈতিকতা, মূল্যবোধ ও সু-শাসন","সুশাসন ও আইনের শাসনের অভাবে যখন 'বিচারহীনতার সংস্কৃতি' (Culture of Impunity) তৈর","94","Good","CLEAN","0","0"
"737","source-file","10_নৈতিকতা, মূল্যবোধ ও সু-শাসন","'নিয়মানুবর্তিতা' (Punctuality) মূল্যবোধটির অভাবে প্রাতিষ্ঠানিক পর্যায়ে কী ক্ষত","94","Good","CLEAN","0","0"
"738","source-file","10_নৈতিকতা, মূল্যবোধ ও সু-শাসন","সুশাসনে স্বাধীন 'গণমাধ্যম' (Media) থাকার সবচেয়ে বড় সুফল কী?","94","Good","CLEAN","0","0"
"739","source-file","10_নৈতিকতা, মূল্যবোধ ও সু-শাসন","সমাজে নারী-পুরুষের 'সমতা' নামক মূল্যবোধ না থাকলে সমাজকে কী মূল্য দিতে হয়?","94","Good","CLEAN","0","0"
"740","source-file","10_নৈতিকতা, মূল্যবোধ ও সু-শাসন","সরকারি খাতে সুশাসন না থাকলে সাধারণ জনগণের ওপর এর অর্থনৈতিক প্রভাব কী?","94","Good","CLEAN","0","0"
"741","source-file","10_নৈতিকতা, মূল্যবোধ ও সু-শাসন","সমাজে 'উদারতা' ও 'গঠনমূলক সমালোচনা গ্রহণের মানসিকতা'র সুফল কী?","94","Good","CLEAN","0","0"
"742","source-file","10_নৈতিকতা, মূল্যবোধ ও সু-শাসন","সুশাসনের অন্যতম স্তম্ভ 'স্বাধীন বিচার বিভাগ' না থাকলে সমাজকে কী চরম মূল্য দিতে হ","94","Good","CLEAN","0","0"
"743","source-file","10_নৈতিকতা, মূল্যবোধ ও সু-শাসন","'ভোটের অধিকার প্রয়োগ' নামক গণতান্ত্রিক মূল্যবোধ না থাকলে রাষ্ট্রের কী ক্ষতি হয়","94","Good","CLEAN","0","0"
"744","source-file","10_নৈতিকতা, মূল্যবোধ ও সু-শাসন","ব্যক্তিজীবনে 'সততা' নামক নৈতিক মূল্যবোধের সুফল জাতীয় পর্যায়ে কীভাবে প্রতিফলিত ","94","Good","CLEAN","0","0"
"745","source-file","10_নৈতিকতা, মূল্যবোধ ও সু-শাসন","সমাজে 'পেশিশক্তি' ও 'কালো টাকার' প্রভাব বাড়লে সুশাসনের কোন দিকটি সবচেয়ে বেশি ক","94","Good","CLEAN","0","0"
"746","source-file","10_নৈতিকতা, মূল্যবোধ ও সু-শাসন","সুশাসনে 'তথ্য উন্মুক্তকরণ' বা Open Data নীতির সবচেয়ে বড় সুফল কী?","94","Good","CLEAN","0","0"
"747","source-file","10_নৈতিকতা, মূল্যবোধ ও সু-শাসন","'সংখ্যালঘুদের নিরাপত্তা ও অধিকার' নিশ্চিত না করলে সমাজকে কী মূল্য দিতে হয়?","94","Good","CLEAN","0","0"
"748","source-file","10_নৈতিকতা, মূল্যবোধ ও সু-শাসন","ব্যক্তি ও সমাজে 'দায়িত্বশীলতা' (Responsibility) মূল্যবোধের সুফল কী?","94","Good","CLEAN","0","0"
"749","source-file","10_নৈতিকতা, মূল্যবোধ ও সু-শাসন","সুশাসনের অভাবে 'স্বজনপ্রীতি' (Nepotism) বাড়লে প্রাতিষ্ঠানিক পর্যায়ে কী ক্ষতি হ","94","Good","CLEAN","0","0"
"750","source-file","10_নৈতিকতা, মূল্যবোধ ও সু-শাসন","'পরিবেশগত মূল্যবোধ' (Environmental Values) না থাকলে সমাজকে ভবিষ্যতে কী চরম মূল্য","94","Good","CLEAN","0","0"
"751","source-file","10_নৈতিকতা, মূল্যবোধ ও সু-শাসন","সুশাসনে 'কার্যকারিতা ও দক্ষতা' (Effectiveness and Efficiency) নীতির সুফল কী?","94","Good","CLEAN","0","0"
"752","source-file","10_নৈতিকতা, মূল্যবোধ ও সু-শাসন","সমাজে 'মানবাধিকার' (Human Rights) রক্ষার সুফল কী?","94","Good","CLEAN","0","0"
"753","source-file","10_নৈতিকতা, মূল্যবোধ ও সু-শাসন","'শিক্ষাপ্রতিষ্ঠানে নৈতিক শিক্ষার' অভাব ঘটলে সমাজ কী মূল্য দেয়?","94","Good","CLEAN","0","0"
"754","source-file","10_নৈতিকতা, মূল্যবোধ ও সু-শাসন","সুশাসনে 'আইনের চোখে সমতা' (Equality before the law) নীতির সুফল কী?","94","Good","CLEAN","0","0"
"755","source-file","10_নৈতিকতা, মূল্যবোধ ও সু-শাসন","সমাজে 'ডিজিটাল লিটারেসি' ও 'সাইবার নৈতিকতা' না থাকলে কী ক্ষতি হয়?","94","Good","CLEAN","0","0"
"756","source-file","10_নৈতিকতা, মূল্যবোধ ও সু-শাসন","সুশাসনের অভাবে যখন 'অর্থপাচার' (Money Laundering) বৃদ্ধি পায়, তখন সমাজকে কী মূল","94","Good","CLEAN","0","0"
"757","source-file","10_নৈতিকতা, মূল্যবোধ ও সু-শাসন","'দেশজ সংস্কৃতি ও ঐত্যিহ্যের চর্চা' নামক মূল্যবোধের সুফল কী?","94","Good","CLEAN","0","0"
"758","source-file","10_নৈতিকতা, মূল্যবোধ ও সু-শাসন","সুশাসনে 'ঐকমত্যমুখী' (Consensus-oriented) সিদ্ধান্ত গ্রহণের সুফল কী?","94","Good","CLEAN","0","0"
"759","source-file","10_নৈতিকতা, মূল্যবোধ ও সু-শাসন","সমাজে 'শিষ্টাচার' (Etiquette) ও 'ভদ্রতা' না থাকলে কী ঘটে?","94","Good","CLEAN","0","0"
"760","source-file","10_নৈতিকতা, মূল্যবোধ ও সু-শাসন","সরকারি প্রতিষ্ঠানে 'ই-গভর্ন্যান্স' বা প্রযুক্তিনির্ভর সুশাসন চালু হওয়ার সুফল কী","94","Good","CLEAN","0","0"
"761","source-file","10_নৈতিকতা, মূল্যবোধ ও সু-শাসন","সুশাসনের অভাবে 'নিয়ন্ত্রণ ও ভারসাম্য' (Checks and Balances) নীতি অকার্যকর হলে স","94","Good","CLEAN","0","0"
"762","source-file","10_নৈতিকতা, মূল্যবোধ ও সু-শাসন","'অ্যাডভোকেসি' বা জনসচেতনতা মূলক প্রচারণার মাধ্যমে সুশীল সমাজ সুশাসনে কী সুফল বয়","94","Good","CLEAN","0","0"
"763","source-file","10_নৈতিকতা, মূল্যবোধ ও সু-শাসন","ব্যক্তিজীবনে 'ক্ষমা' (Forgiveness) ও 'দয়া' নামক মূল্যবোধ না থাকলে সমাজ কেমন হয়","94","Good","CLEAN","0","0"
"764","source-file","10_নৈতিকতা, মূল্যবোধ ও সু-শাসন","সুশাসনে 'জনগণের অংশগ্রহণ' (Public Participation) না থাকলে উন্নয়ন প্রকল্পগুলোর ক","94","Good","CLEAN","0","0"
"765","source-file","10_নৈতিকতা, মূল্যবোধ ও সু-শাসন","'পাবলিক সার্ভিস কমিশন' (PSC) এর মতো সাংবিধানিক প্রতিষ্ঠানগুলো স্বাধীনভাবে কাজ কর","94","Good","CLEAN","0","0"
"766","source-file","10_নৈতিকতা, মূল্যবোধ ও সু-শাসন","সমাজে 'কর্তব্যনিষ্ঠা' (Devotion to duty) নামক মূল্যবোধ না থাকলে কী ঘটে?","94","Good","CLEAN","0","0"
"767","source-file","10_নৈতিকতা, মূল্যবোধ ও সু-শাসন","সুশাসনে 'সামাজিক নিরাপত্তা বেষ্টনী' (Social Safety Net) থাকার সুফল কী?","94","Good","CLEAN","0","0"
"768","source-file","10_নৈতিকতা, মূল্যবোধ ও সু-শাসন","'দুর্নীতি দমন কমিশন' (ACC) স্বাধীন ও কার্যকর না হলে সমাজকে কী মূল্য দিতে হয়?","94","Good","CLEAN","0","0"
"769","source-file","10_নৈতিকতা, মূল্যবোধ ও সু-শাসন","সমাজে 'মৌলিক অধিকার' (Fundamental Rights) সংরক্ষিত থাকার সুফল কী?","94","Good","CLEAN","0","0"
"770","source-file","10_নৈতিকতা, মূল্যবোধ ও সু-শাসন","সুশাসনের অভাবে 'রাজনৈতিক অস্থিতিশীলতা' থাকলে অর্থনীতিতে কী প্রভাব পড়ে?","94","Good","CLEAN","0","0"
"771","source-file","10_নৈতিকতা, মূল্যবোধ ও সু-শাসন","'জাতীয় স্বার্থকে ব্যক্তিগত স্বার্থের ঊর্ধ্বে স্থান দেওয়া'— এই মূল্যবোধের সুফল ","94","Good","AUTO","0","1"
"772","source-file","10_নৈতিকতা, মূল্যবোধ ও সু-শাসন","সুশাসনে 'তথ্য অধিকার আইন' (RTI) কার্যকর থাকলে সাধারণ মানুষের কী সুফল হয়?","94","Good","CLEAN","0","0"
"773","source-file","10_নৈতিকতা, মূল্যবোধ ও সু-শাসন","সমাজে 'পরোপকার' ও 'স্বেচ্ছাসেবী মানসিকতা' না থাকলে কী ঘটে?","94","Good","CLEAN","0","0"
"774","source-file","10_নৈতিকতা, মূল্যবোধ ও সু-শাসন","সুশাসনের অভাবে 'নির্বাচনে কালো টাকার প্রভাব' থাকলে সমাজকে কী মূল্য দিতে হয়?","94","Good","CLEAN","0","0"
"775","source-file","10_নৈতিকতা, মূল্যবোধ ও সু-শাসন","'স্থানীয় সরকার' (Local Government) ব্যবস্থা শক্তিশালী হওয়ার সুফল কী?","94","Good","CLEAN","0","0"
"776","source-file","10_নৈতিকতা, মূল্যবোধ ও সু-শাসন","সরকারি কর্মকর্তাদের মধ্যে 'জনবান্ধব মানসিকতা' না থাকলে সমাজ কী মূল্য দেয়?","94","Good","CLEAN","0","0"
"777","source-file","10_নৈতিকতা, মূল্যবোধ ও সু-শাসন","সুশাসনে 'সংবিধানের শ্রেষ্ঠত্ব' (Supremacy of Constitution) বজায় থাকার সুফল কী?","94","Good","CLEAN","0","0"
"778","source-file","10_নৈতিকতা, মূল্যবোধ ও সু-শাসন","সমাজে 'সাংস্কৃতিক কর্মকাণ্ড' ও 'সুস্থ বিনোদন' না থাকলে কী ঘটে?","94","Good","CLEAN","0","0"
"779","source-file","10_নৈতিকতা, মূল্যবোধ ও সু-শাসন","'পাবলিক সার্ভিস' বা সরকারি সেবাকে 'চাকরি' না ভেবে 'সেবা' হিসেবে গ্রহণ করার সুফল ","94","Good","CLEAN","0","0"
"780","source-file","10_নৈতিকতা, মূল্যবোধ ও সু-শাসন","সুশাসনের অভাবে ব্যাংকিং খাতে 'স্বচ্ছতা' না থাকলে সমাজকে কী চরম মূল্য দিতে হয়?","94","Good","CLEAN","0","0"
"781","source-file","10_নৈতিকতা, মূল্যবোধ ও সু-শাসন","'মিতব্যয়িতা' (Frugality) নামক অর্থনৈতিক মূল্যবোধ চর্চার সুফল কী?","94","Good","CLEAN","0","0"
"782","source-file","10_নৈতিকতা, মূল্যবোধ ও সু-শাসন","সুশাসনে 'ন্যায়পাল' (Ombudsman) ব্যবস্থার সফল প্রয়োগের সুফল কী?","94","Good","CLEAN","0","0"
"783","source-file","10_নৈতিকতা, মূল্যবোধ ও সু-শাসন","ব্যক্তিজীবনে 'সততা' ও 'নৈতিকতা'র অভাবে শিক্ষিত ব্যক্তিরা অপরাধ করলে সমাজ কী মূল্","94","Good","CLEAN","0","0"
"784","source-file","10_নৈতিকতা, মূল্যবোধ ও সু-শাসন","সুশাসনে 'নিয়মকানুন সহজীকরণ' (Simplification of procedures) বা ইজ অব ডুয়িং বিজন","94","Good","CLEAN","0","0"
"785","source-file","10_নৈতিকতা, মূল্যবোধ ও সু-শাসন","সমাজে 'পেশাগত নৈতিকতা' (Professional Ethics) না থাকলে কী ঘটে?","94","Good","CLEAN","0","0"
"786","source-file","10_নৈতিকতা, মূল্যবোধ ও সু-শাসন","সুশাসনের অন্যতম বৈশিষ্ট্য 'আইনের চোখে সমতা' (Equality before the law) না থাকলে ক","94","Good","CLEAN","0","0"
"787","source-file","10_নৈতিকতা, মূল্যবোধ ও সু-শাসন","'ভোক্তা অধিকার সংরক্ষণ' আইন কার্যকরভাবে বাস্তবায়িত হওয়ার সুফল কী?","94","Good","CLEAN","0","0"
"788","source-file","10_নৈতিকতা, মূল্যবোধ ও সু-শাসন","সমাজে 'কমিউনিটি পুলিশিং' (Community Policing) থাকার সুফল কী?","94","Good","CLEAN","0","0"
"789","source-file","10_নৈতিকতা, মূল্যবোধ ও সু-শাসন","সুশাসনের অভাবে 'কালো টাকা সাদা করার সুযোগ' দেওয়া হলে সমাজকে কী দীর্ঘমেয়াদি মূল","94","Good","CLEAN","0","0"
"790","source-file","10_নৈতিকতা, মূল্যবোধ ও সু-শাসন","'হুইসেলব্লোয়ার' (Whistleblower) বা দুর্নীতি ফাঁসকারীকে আইনি সুরক্ষা দেওয়ার সুফ","94","Good","CLEAN","0","0"
"791","source-file","10_নৈতিকতা, মূল্যবোধ ও সু-শাসন","সমাজে 'সামাজিক পুঁজি' (Social Capital) বা পারস্পরিক বিশ্বাস না থাকলে কী ঘটে?","94","Good","CLEAN","0","0"
"792","source-file","10_নৈতিকতা, মূল্যবোধ ও সু-শাসন","সুশাসনে 'প্রতিক্রিয়াশীলতা' (Responsiveness) নীতির সুফল কী?","94","Good","CLEAN","0","0"
"793","source-file","10_নৈতিকতা, মূল্যবোধ ও সু-শাসন","পরিবার ও সমাজ থেকে 'নৈতিক শিক্ষার' অভাব ঘটলে দীর্ঘমেয়াদে কী চরম মূল্য দিতে হয়?","94","Good","CLEAN","0","0"
"794","source-file","10_নৈতিকতা, মূল্যবোধ ও সু-শাসন","সরকারি কেনাকাটায় 'ই-টেন্ডারিং' (e-GP) পদ্ধতি চালুর সুফল কী?","94","Good","CLEAN","0","0"
"795","source-file","10_নৈতিকতা, মূল্যবোধ ও সু-শাসন","সমাজে 'ধর্মীয় গোঁড়ামি' ও 'উগ্রবাদ' বৃদ্ধি পেলে সুশাসনের কোন দিকটি সবচেয়ে বেশি","94","Good","CLEAN","0","0"
"796","source-file","10_নৈতিকতা, মূল্যবোধ ও সু-শাসন","সুশাসনের অভাবে 'সরকারি অর্থের অপচয়' (Misuse of public funds) হলে সাধারণ নাগরিকক","94","Good","CLEAN","0","0"
"797","source-file","10_নৈতিকতা, মূল্যবোধ ও সু-শাসন","'জাতীয় শুদ্ধাচার কৌশল' (NIS) সফলভাবে বাস্তবায়িত হওয়ার সুফল কী?","94","Good","CLEAN","0","0"
"798","source-file","10_নৈতিকতা, মূল্যবোধ ও সু-শাসন","সমাজে 'কিশোর গ্যাং' বা তরুণদের অপরাধপ্রবণতা বাড়লে আইনশৃঙ্খলা রক্ষাকারী বাহিনীর ","94","Good","CLEAN","0","0"
"799","source-file","10_নৈতিকতা, মূল্যবোধ ও সু-শাসন","সুশাসনে 'নিয়ন্ত্রণ ও ভারসাম্য' (Checks and Balances) নীতির সুফল কী?","94","Good","CLEAN","0","0"
"800","source-file","10_নৈতিকতা, মূল্যবোধ ও সু-শাসন","'অ্যাডভোকেসি' বা জনসচেতনতা মূলক প্রচারণার মাধ্যমে সুশীল সমাজ সুশাসনে কী সুফল বয়","94","Good","CLEAN","0","0"
"801","source-file","10_নৈতিকতা, মূল্যবোধ ও সু-শাসন","সমাজে 'মানবাধিকার' লঙ্ঘিত হলে আন্তর্জাতিক পরিমণ্ডলে দেশটিকে কী মূল্য দিতে হয়?","94","Good","CLEAN","0","0"
"802","source-file","10_নৈতিকতা, মূল্যবোধ ও সু-শাসন","'গণশুনানি' (Public Hearing) আয়োজন করে সুশাসনের কোন সুফলটি নিশ্চিত করা যায়?","94","Good","CLEAN","0","0"
"803","source-file","10_নৈতিকতা, মূল্যবোধ ও সু-শাসন","'ডিজিটাল লিটারেসি' ও 'সাইবার নৈতিকতা' চর্চার সুফল কী?","94","Good","CLEAN","0","0"
"804","source-file","10_নৈতিকতা, মূল্যবোধ ও সু-শাসন","সুশাসনের অভাবে 'তথ্য গোপন' বা সেন্সরশিপ থাকলে সমাজকে কী চরম মূল্য দিতে হয়?","94","Good","CLEAN","0","0"
"805","source-file","10_নৈতিকতা, মূল্যবোধ ও সু-শাসন","'সামাজিক নিরীক্ষা' (Social Audit) এর সুফল কী?","94","Good","CLEAN","0","0"
"806","source-file","10_নৈতিকতা, মূল্যবোধ ও সু-শাসন","সমাজে 'কর দেওয়ার সংস্কৃতি' (Tax Compliance) একটি মূল্যবোধ হিসেবে প্রতিষ্ঠিত হলে","94","Good","CLEAN","0","0"
"807","source-file","10_নৈতিকতা, মূল্যবোধ ও সু-শাসন","সুশাসনে 'পরিবেশগত দায়িত্ববোধ' না থাকলে দীর্ঘমেয়াদে কী ঘটে?","94","Good","CLEAN","0","0"
"808","source-file","10_নৈতিকতা, মূল্যবোধ ও সু-শাসন","'উন্মুক্ত উপাত্ত' (Open Data) পোর্টাল সরকারের কোন সুফলটি প্রকাশ করে?","94","Good","CLEAN","0","0"
"809","source-file","10_নৈতিকতা, মূল্যবোধ ও সু-শাসন","সমাজে 'নারীর প্রতি সম্মান ও মর্যাদা' প্রদান করে তাদের ক্ষমতায়ন করলে কী সুফল পাও","94","Good","CLEAN","0","0"
"810","source-file","10_নৈতিকতা, মূল্যবোধ ও সু-শাসন","সুশাসনের অভাবে 'রাজনৈতিক লেজুড়বৃত্তি' ও 'দলীয়করণ' বাড়লে প্রাতিষ্ঠানিক কী ক্ষত","94","Good","CLEAN","0","0"
"811","source-file","10_নৈতিকতা, মূল্যবোধ ও সু-শাসন","'পাবলিক সার্ভিস কমিশন' (PSC) এর মতো সাংবিধানিক প্রতিষ্ঠানগুলো স্বাধীনভাবে কাজ কর","94","Good","CLEAN","0","0"
"812","source-file","10_নৈতিকতা, মূল্যবোধ ও সু-শাসন","'মূল্যবোধ' ও 'সুশাসন' একে অপরের পরিপূরক— এই ধারণার সবচেয়ে বড় সুফল কী?","94","Good","AUTO","0","1"
"813","source-file","10_নৈতিকতা, মূল্যবোধ ও সু-শাসন","পরিশেষে, সমাজে সুশাসন ও মূল্যবোধের অভাব থাকলে সমাজকে যে চূড়ান্ত মূল্য দিতে হয়,","94","Good","CLEAN","0","0"
"814","source-file","10_নৈতিকতা, মূল্যবোধ ও সু-শাসন","যে সকল চিন্তাভাবনা, লক্ষ্য, উদ্দেশ্য ও সংকল্প মানুষের সামগ্রিক আচার-আচরণ ও কর্মক","94","Good","CLEAN","0","0"
"815","source-file","10_নৈতিকতা, মূল্যবোধ ও সু-শাসন","নিচের কোনটি মূল্যবোধের প্রধান বৈশিষ্ট্য নয়?","94","Good","CLEAN","0","0"
"816","source-file","10_নৈতিকতা, মূল্যবোধ ও সু-শাসন","বিশ্বব্যাংক সর্বপ্রথম কত সালে ‘সুশাসন’ (Good Governance) ধারণাটি ব্যবহার করে?","94","Good","AUTO","0","1"
"817","source-file","10_নৈতিকতা, মূল্যবোধ ও সু-শাসন","জাতিসংঘ উন্নয়ন কর্মসূচির (UNDP) মতে সুশাসনের উপাদান কয়টি?","94","Good","CLEAN","0","0"
"818","source-file","10_নৈতিকতা, মূল্যবোধ ও সু-শাসন","নৈতিকতা ও আইনের মধ্যে প্রধান পার্থক্য কোথায়?","94","Good","CLEAN","0","0"
"819","source-file","10_নৈতিকতা, মূল্যবোধ ও সু-শাসন","""যেসব নীতি বা মানদণ্ডের ভিত্তিতে মানুষ তাদের আচরণ ও কার্যাবলির ভালো-মন্দ বিচার ক","94","Good","AUTO","0","1"
"820","source-file","10_নৈতিকতা, মূল্যবোধ ও সু-শাসন","সুশাসনের মূল ভিত্তি কী?","94","Good","CLEAN","0","0"
"821","source-file","10_নৈতিকতা, মূল্যবোধ ও সু-শাসন","সততা, শিষ্টাচার, দয়া ও সহনশীলতা— এগুলো কোন ধরনের মূল্যবোধের উদাহরণ?","94","Good","AUTO","0","1"
"822","source-file","10_নৈতিকতা, মূল্যবোধ ও সু-শাসন","সিদ্ধান্ত গ্রহণ ও তা বাস্তবায়নের ক্ষেত্রে নিয়মনীতি যথাযথভাবে অনুসরণ করাকে সুশা","94","Good","CLEAN","0","0"
"823","source-file","10_নৈতিকতা, মূল্যবোধ ও সু-শাসন","'Governance' শব্দটি প্রাচীন কোন ভাষার শব্দ থেকে এসেছে?","94","Good","CLEAN","0","0"
"824","source-file","10_নৈতিকতা, মূল্যবোধ ও সু-শাসন","মানুষের মূল্যবোধ মূলত কোথা থেকে উৎপত্তি লাভ করে?","94","Good","CLEAN","0","0"
"825","source-file","10_নৈতিকতা, মূল্যবোধ ও সু-শাসন","""সুশাসন বলতে রাষ্ট্রের সাথে সুশীল সমাজের, সরকারের সাথে শাসিত জনগণের এবং শাসকের স","94","Good","AUTO","0","1"
"826","source-file","10_নৈতিকতা, মূল্যবোধ ও সু-শাসন","সুশাসন কোন ধরনের প্রক্রিয়া?","94","Good","CLEAN","0","0"
"827","source-file","10_নৈতিকতা, মূল্যবোধ ও সু-শাসন","নৈতিক মূল্যবোধের প্রধান বৈশিষ্ট্য কোনটি?","94","Good","CLEAN","0","0"
"828","source-file","10_নৈতিকতা, মূল্যবোধ ও সু-শাসন","দর্শনের যে শাখায় মূল্যবোধের প্রকৃতি ও মানদণ্ড নিয়ে আলোচনা করা হয়, তাকে কী বলে","94","Good","CLEAN","0","0"
"829","source-file","10_নৈতিকতা, মূল্যবোধ ও সু-শাসন","সরকারি কর্মকর্তা ও প্রতিষ্ঠানগুলোর তাদের কাজের জন্য জনগণের বা কর্তৃপক্ষের নিকট ক","94","Good","CLEAN","0","0"
"830","source-file","10_নৈতিকতা, মূল্যবোধ ও সু-শাসন","পরমতসহিষ্ণুতা কোন ধরনের মূল্যবোধের সবচেয়ে গুরুত্বপূর্ণ উপাদান?","94","Good","CLEAN","0","0"
"831","source-file","10_নৈতিকতা, মূল্যবোধ ও সু-শাসন","সুশাসন প্রতিষ্ঠার অন্যতম প্রধান পূর্বশর্ত কোনটি?","94","Good","CLEAN","0","0"
"832","source-file","10_নৈতিকতা, মূল্যবোধ ও সু-শাসন","সুশাসনের চূড়ান্ত লক্ষ্য কী?","94","Good","CLEAN","0","0"
"833","source-file","10_নৈতিকতা, মূল্যবোধ ও সু-শাসন","আইন মান্য করা, কর প্রদান করা এবং ভোট দেওয়া— এগুলো একজন নাগরিকের কোন ধরনের মূল্য","94","Good","AUTO","0","1"
"834","source-file","10_নৈতিকতা, মূল্যবোধ ও সু-শাসন","সুশাসন (Good Governance) ধারণাটি কোন আন্তর্জাতিক অর্থলগ্নিকারী সংস্থার উদ্ভাবন?","94","Good","CLEAN","0","0"
"835","source-file","10_নৈতিকতা, মূল্যবোধ ও সু-শাসন","নিচের কোনটি সুশাসনের রাজনৈতিক উপাদান হিসেবে গণ্য হয় না?","94","Good","CLEAN","0","0"
"836","source-file","10_নৈতিকতা, মূল্যবোধ ও সু-শাসন","‘ই-গভর্ন্যান্স’ (E-Governance) বা ইলেকট্রনিক গভর্ন্যান্স সুশাসনের কোন উপাদানটিকে","94","Good","AUTO","0","1"
"837","source-file","10_নৈতিকতা, মূল্যবোধ ও সু-শাসন","নিচের কোনটি নৈতিক মূল্যবোধের (Moral Values) প্রধান উৎস নয়?","94","Good","CLEAN","0","0"
"838","source-file","10_নৈতিকতা, মূল্যবোধ ও সু-শাসন","গ্রিক দার্শনিক প্লেটোর মতে মানুষের আত্মার প্রধান সদ্গুণ বা মূল্যবোধ কয়টি?","94","Good","CLEAN","0","0"
"839","source-file","10_নৈতিকতা, মূল্যবোধ ও সু-শাসন","""Good governance is perhaps the single most important factor in eradicating pove","94","Good","AUTO","0","1"
"840","source-file","10_নৈতিকতা, মূল্যবোধ ও সু-শাসন","আধুনিক রাষ্ট্রে সুশাসন প্রতিষ্ঠার ক্ষেত্রে সবচেয়ে বড় অন্তরায় বা বাধা কোনটি?","94","Good","CLEAN","0","0"
"841","source-file","10_নৈতিকতা, মূল্যবোধ ও সু-শাসন","তথ্য অধিকার আইন (Right to Information Act) সুশাসনের কোন উপাদানের সাথে সরাসরি সম্","94","Good","CLEAN","0","0"
"842","source-file","10_নৈতিকতা, মূল্যবোধ ও সু-শাসন","মূল্যবোধ শিক্ষার সবচেয়ে আদি ও প্রধান প্রতিষ্ঠান কোনটি?","94","Good","CLEAN","0","0"
"843","source-file","10_নৈতিকতা, মূল্যবোধ ও সু-শাসন","একটি সমাজে সুশাসন প্রতিষ্ঠার জন্য সবচেয়ে বেশি প্রয়োজন কার সদিচ্ছা?","94","Good","CLEAN","0","0"
"844","source-file","10_নৈতিকতা, মূল্যবোধ ও সু-শাসন","‘সুবর্ণ মধ্যক’ (Golden Mean) নামক নৈতিক মতবাদের প্রবর্তক কে?","94","Good","AUTO","0","1"
"845","source-file","10_নৈতিকতা, মূল্যবোধ ও সু-শাসন","নিচের কোনটি সুশাসনের পরিপন্থি?","94","Good","CLEAN","0","0"
"846","source-file","10_নৈতিকতা, মূল্যবোধ ও সু-শাসন","সুশাসনের 'ঐকমত্যমুখী' (Consensus oriented) উপাদানটির অর্থ কী?","94","Good","CLEAN","0","0"
"847","source-file","10_নৈতিকতা, মূল্যবোধ ও সু-শাসন","""Justice is the first virtue of social institutions, as truth is of systems of t","94","Good","AUTO","0","1"
"848","source-file","10_নৈতিকতা, মূল্যবোধ ও সু-শাসন","মূল্যবোধ মূলত মানুষের কোন ধরনের আচরণ নিয়ন্ত্রণ করে?","94","Good","CLEAN","0","0"
"849","source-file","10_নৈতিকতা, মূল্যবোধ ও সু-শাসন","নিচের কোনটি সুশাসনের সামাজিক উপাদান?","94","Good","CLEAN","0","0"
"850","source-file","10_নৈতিকতা, মূল্যবোধ ও সু-শাসন","ইমানুয়েল কান্টের মতে নৈতিকতার সর্বজনীন নিয়ম বা মানদণ্ড কোনটি?","94","Good","CLEAN","0","0"
"851","source-file","10_নৈতিকতা, মূল্যবোধ ও সু-শাসন","সুশাসনের ধারণাটি কোন ধরনের রাষ্ট্রের সাথে সবচেয়ে বেশি সামঞ্জস্যপূর্ণ?","94","Good","CLEAN","0","0"
"852","source-file","10_নৈতিকতা, মূল্যবোধ ও সু-শাসন","ম্যাক্স ওয়েবার (Max Weber) নিচের কোন কাঠামোর তাত্ত্বিক প্রবক্তা, যা সুশাসন বাস্","94","Good","CLEAN","0","0"
"853","source-file","10_নৈতিকতা, মূল্যবোধ ও সু-শাসন","জাতিসংঘের (UN ESCAP) মতে সুশাসনের উপাদান কয়টি?","94","Good","CLEAN","0","0"
"854","source-file","10_নৈতিকতা, মূল্যবোধ ও সু-শাসন","'Ethics' (নীতিবিদ্যা) শব্দটি প্রাচীন কোন ভাষার শব্দ থেকে উৎপত্তি লাভ করেছে?","94","Good","CLEAN","0","0"
"855","source-file","10_নৈতিকতা, মূল্যবোধ ও সু-শাসন","""উদ্দেশ্যই উপায়কে বৈধতা দেয়"" (The end justifies the means)— উক্তিটি কোন দার্শন","94","Good","AUTO","0","1"
"856","source-file","10_নৈতিকতা, মূল্যবোধ ও সু-শাসন","বিশ্বব্যাংকের (World Bank) মতে সুশাসনের উপাদান কয়টি?","94","Good","CLEAN","0","0"
"857","source-file","10_নৈতিকতা, মূল্যবোধ ও সু-শাসন","'উপযোগবাদ' (Utilitarianism) বা 'সর্বাধিক মানুষের সর্বাধিক সুখ' নীতির মূল প্রবর্ত","94","Good","CLEAN","0","0"
"858","source-file","10_নৈতিকতা, মূল্যবোধ ও সু-শাসন","সুশাসনের কোন উপাদানটি নিশ্চিত করে যে সমাজের পিছিয়ে পড়া বা দুর্বল অংশও রাষ্ট্রী","94","Good","CLEAN","0","0"
"859","source-file","10_নৈতিকতা, মূল্যবোধ ও সু-শাসন","সুশাসন প্রতিষ্ঠায় সরকারের বিভিন্ন বিভাগের (আইন, শাসন ও বিচার) মধ্যে 'ক্ষমতা স্ব","94","Good","CLEAN","0","0"
"860","source-file","10_নৈতিকতা, মূল্যবোধ ও সু-শাসন","'ন্যায়পাল' (Ombudsman) প্রতিষ্ঠানটি সুশাসনের কোন উপাদানের সাথে সবচেয়ে বেশি সম্","94","Good","CLEAN","0","0"
"861","source-file","10_নৈতিকতা, মূল্যবোধ ও সু-শাসন","ন্যায়পাল (Ombudsman) ব্যবস্থার উদ্ভব ঘটে সর্বপ্রথম কোন দেশে?","94","Good","CLEAN","0","0"
"862","source-file","10_নৈতিকতা, মূল্যবোধ ও সু-শাসন","'আইনের শাসন' (Rule of Law) ধারণার আধুনিক প্রবক্তা হিসেবে কাকে স্বীকৃতি দেওয়া হয","94","Good","CLEAN","0","0"
"863","source-file","10_নৈতিকতা, মূল্যবোধ ও সু-শাসন","""Power tends to corrupt, and absolute power corrupts absolutely""— সুশাসন ও ক্ষমত","94","Good","AUTO","0","1"
"864","source-file","10_নৈতিকতা, মূল্যবোধ ও সু-শাসন","মূল্যবোধের একটি অন্যতম প্রধান বৈশিষ্ট্য হলো এর 'আপেক্ষিকতা' (Relativity)। এর অর্","94","Good","CLEAN","0","0"
"865","source-file","10_নৈতিকতা, মূল্যবোধ ও সু-শাসন","সুশীল সমাজ (Civil Society) রাষ্ট্রীয় সুশাসন প্রতিষ্ঠায় মূলত কী ভূমিকা পালন করে","94","Good","CLEAN","0","0"
"866","source-file","10_নৈতিকতা, মূল্যবোধ ও সু-শাসন","বিশ্বব্যাংক প্রণীত ১৯৯২ সালের কোন প্রতিবেদনে সুশাসনের সুনির্দিষ্ট রূপরেখা ও সংজ্","94","Good","CLEAN","0","0"
"867","source-file","10_নৈতিকতা, মূল্যবোধ ও সু-শাসন","নৈতিক আচরণের মূল ভিত্তি হলো মানুষের 'সদিচ্ছা' (Good Will)— এটি কোন দার্শনিকের মত","94","Good","AUTO","0","1"
"868","source-file","10_নৈতিকতা, মূল্যবোধ ও সু-শাসন","নিচের কোনটি 'ব্যক্তিগত মূল্যবোধের' (Personal Values) উদাহরণ নয়?","94","Good","CLEAN","0","0"
"869","source-file","10_নৈতিকতা, মূল্যবোধ ও সু-শাসন","রাষ্ট্রীয় ও সামাজিক জীবনে সুশাসন প্রতিষ্ঠায় কোনটি 'চেকস অ্যান্ড ব্যালান্স' (Ch","94","Good","CLEAN","0","0"
"870","source-file","10_নৈতিকতা, মূল্যবোধ ও সু-শাসন","'জনগণের অংশগ্রহণ' (Participation) সুশাসনের একটি অপরিহার্য উপাদান। এই অংশগ্রহণ কা","94","Good","CLEAN","0","0"
"871","source-file","10_নৈতিকতা, মূল্যবোধ ও সু-শাসন","সুশাসনের 'প্রতিক্রিয়াশীলতা' (Responsiveness) উপাদানটির মূল অর্থ কী?","94","Good","CLEAN","0","0"
"872","source-file","10_নৈতিকতা, মূল্যবোধ ও সু-শাসন","'Virtue is knowledge' (সদ্গুণই জ্ঞান)— উক্তিটি কোন দার্শনিকের?","94","Good","AUTO","0","1"
"873","source-file","10_নৈতিকতা, মূল্যবোধ ও সু-শাসন","কোনো সরকারি সিদ্ধান্ত গ্রহণ প্রক্রিয়ায় পুরুষ ও নারী উভয়ের সমান সুযোগ ও প্রতিন","94","Good","CLEAN","0","0"
"874","source-file","10_নৈতিকতা, মূল্যবোধ ও সু-শাসন","""Man is born free, and everywhere he is in chains"" (মানুষ জন্মগতভাবে স্বাধীন, কি","94","Good","AUTO","0","1"
"875","source-file","10_নৈতিকতা, মূল্যবোধ ও সু-শাসন","দেশপ্রেম, জাতীয়তাবোধ এবং নিয়মিত ভোটাধিকার প্রয়োগ করা— এগুলো একজন নাগরিকের কোন","94","Good","AUTO","0","1"
"876","source-file","10_নৈতিকতা, মূল্যবোধ ও সু-শাসন","সুশাসনের 'কার্যকারিতা ও দক্ষতা' (Effectiveness and Efficiency) উপাদানটির মূল অর্","94","Good","CLEAN","0","0"
"877","source-file","10_নৈতিকতা, মূল্যবোধ ও সু-শাসন","সুশাসন এবং নৈতিকতার মধ্যকার সম্পর্ককে কীভাবে মূল্যায়ন করা যায়?","94","Good","CLEAN","0","0"
"878","source-file","10_নৈতিকতা, মূল্যবোধ ও সু-শাসন","আধুনিক রাষ্ট্রবিজ্ঞানে রাষ্ট্রের উৎপত্তি ও শাসকের নিরঙ্কুশ ক্ষমতা নিয়ে রচিত বিখ","94","Good","CLEAN","0","0"
"879","source-file","10_নৈতিকতা, মূল্যবোধ ও সু-শাসন","প্রশাসনে 'স্বজনপ্রীতি' (Nepotism) বা মেধার পরিবর্তে আত্মীয়-স্বজনকে চাকরি দেওয়া","94","Good","CLEAN","0","0"
"880","source-file","10_নৈতিকতা, মূল্যবোধ ও সু-শাসন","নিচের কোনটি মানুষের মাঝে ইতিবাচক মূল্যবোধ বিকাশের সবচেয়ে শক্তিশালী হাতিয়ার হিস","94","Good","CLEAN","0","0"
"881","source-file","10_নৈতিকতা, মূল্যবোধ ও সু-শাসন","সুশাসনের অন্যতম ভিত্তি 'আইনের শাসন' (Rule of Law)-এর প্রকৃত অর্থ কী?","94","Good","CLEAN","0","0"
"882","source-file","10_নৈতিকতা, মূল্যবোধ ও সু-শাসন","নৈতিকতার আলোচনায় 'সহমর্মিতা' (Empathy) বলতে মূলত কী বোঝায়?","94","Good","CLEAN","0","0"
"883","source-file","10_নৈতিকতা, মূল্যবোধ ও সু-শাসন","উন্নয়নশীল বিশ্বে 'সুশাসন' (Good Governance) ধারণাটি মূলত কোন দশক থেকে ব্যাপক জন","94","Good","CLEAN","0","0"
"884","source-file","10_নৈতিকতা, মূল্যবোধ ও সু-শাসন","""রাষ্ট্রের অস্তিত্ব কেবল জীবনধারণের জন্যই নয়, বরং উৎকৃষ্ট জীবনযাপনের জন্যই""— উক","94","Good","AUTO","0","1"
"885","source-file","10_নৈতিকতা, মূল্যবোধ ও সু-শাসন","ধর্মীয় মূল্যবোধের অন্যতম প্রধান বৈশিষ্ট্য কোনটি?","94","Good","CLEAN","0","0"
"886","source-file","10_নৈতিকতা, মূল্যবোধ ও সু-শাসন","সুশাসনে 'স্বচ্ছতা' (Transparency) নিশ্চিত করার জন্য সবচেয়ে কার্যকর হাতিয়ার কোন","94","Good","CLEAN","0","0"
"887","source-file","10_নৈতিকতা, মূল্যবোধ ও সু-শাসন","একজন সরকারি কর্মকর্তা বা সিভিল সার্ভান্টের নৈতিক আচরণের (Public Service Ethics) ","94","Good","CLEAN","0","0"
"888","source-file","10_নৈতিকতা, মূল্যবোধ ও সু-শাসন","প্রশাসনে 'ই-গভর্ন্যান্স' (E-Governance) চালুর মূল উদ্দেশ্য কী?","94","Good","CLEAN","0","0"
"889","source-file","10_নৈতিকতা, মূল্যবোধ ও সু-শাসন","ফরাসি বিপ্লবের মূল স্লোগান 'স্বাধীনতা, সাম্য ও ভ্রাতৃত্ব' আধুনিক বিশ্বে কোন ধরনে","94","Good","CLEAN","0","0"
"890","source-file","10_নৈতিকতা, মূল্যবোধ ও সু-শাসন","জাতিসংঘের 'টেকসই উন্নয়ন লক্ষ্যমাত্রা' (SDGs)-এর কত নম্বর লক্ষ্যে শান্তি, ন্যায়","94","Good","CLEAN","0","0"
"891","source-file","10_নৈতিকতা, মূল্যবোধ ও সু-শাসন","প্রাচীন গ্রিক দার্শনিক প্লেটোর রচিত 'The Republic' গ্রন্থের মূল আলোচ্য বিষয় কী ","94","Good","CLEAN","0","0"
"892","source-file","10_নৈতিকতা, মূল্যবোধ ও সু-শাসন","'কর্তব্যের জন্য কর্তব্য' (Duty for Duty's sake)— এই কঠোর নৈতিক মতবাদটির প্রবর্তক","94","Good","AUTO","0","1"
"893","source-file","10_নৈতিকতা, মূল্যবোধ ও সু-শাসন","একটি গণতান্ত্রিক রাষ্ট্রব্যবস্থায় সরকার তার কাজের জন্য চূড়ান্তভাবে কার কাছে জব","94","Good","CLEAN","0","0"
"894","source-file","10_নৈতিকতা, মূল্যবোধ ও সু-শাসন","ইংরেজি 'Value' বা মূল্যবোধ শব্দটি ল্যাটিন কোন শব্দ থেকে এসেছে?","94","Good","CLEAN","0","0"
"895","source-file","10_নৈতিকতা, মূল্যবোধ ও সু-শাসন","আধুনিক গণতন্ত্র ও মানবাধিকারের দার্শনিক ভিত্তি হিসেবে 'জীবন, স্বাধীনতা ও সম্পত্ত","94","Good","AUTO","0","1"
"896","source-file","10_নৈতিকতা, মূল্যবোধ ও সু-শাসন","জাতিসংঘ উন্নয়ন কর্মসূচির (UNDP) মতে, একটি রাষ্ট্রে সুশাসন নিশ্চিত করার ক্ষেত্রে","94","Good","CLEAN","0","0"
"897","source-file","10_নৈতিকতা, মূল্যবোধ ও সু-শাসন","বড়দের সম্মান করা এবং ছোটদের স্নেহ করা— এটি একজন মানুষের কোন ধরনের মূল্যবোধের পর","94","Good","AUTO","0","1"
"898","source-file","10_নৈতিকতা, মূল্যবোধ ও সু-শাসন","""মূল্যবোধ হলো আবেগিক ও আদর্শগত ঐক্যের ভিত্তি""— এ কথাটি কে বলেছেন?","94","Good","AUTO","0","1"
"899","source-file","10_নৈতিকতা, মূল্যবোধ ও সু-শাসন","আইনের শাসনের (Rule of Law) মূল উদ্দেশ্য কী?","94","Good","CLEAN","0","0"
"900","source-file","10_নৈতিকতা, মূল্যবোধ ও সু-শাসন","""মানুষের আচরণ ও চরিত্রের ভালো-মন্দ, ন্যায়-অন্যায় নিয়ে যে বিজ্ঞান আলোচনা করে, ","94","Good","AUTO","0","1"
"901","source-file","10_নৈতিকতা, মূল্যবোধ ও সু-শাসন","সুশাসন (Good Governance) মূলত কী ধরনের ধারণা?","94","Good","CLEAN","0","0"
"902","source-file","10_নৈতিকতা, মূল্যবোধ ও সু-শাসন","সমাজে নৈতিক মূল্যবোধ গঠনের সবচেয়ে প্রাচীন ও শক্তিশালী উপাদান কোনটি?","94","Good","CLEAN","0","0"
"903","source-file","10_নৈতিকতা, মূল্যবোধ ও সু-শাসন","'হুইসেলব্লোয়ার' (Whistleblower) বা জনস্বার্থে তথ্য প্রকাশকারী সুরক্ষা আইন সুশাস","94","Good","CLEAN","0","0"
"904","source-file","10_নৈতিকতা, মূল্যবোধ ও সু-শাসন","""মানুষ স্বভাবতই স্বার্থপর, আত্মকেন্দ্রিক ও কলহপ্রিয়""— মানুষের প্রকৃতি সম্পর্কে ","94","Good","AUTO","0","1"
"905","source-file","10_নৈতিকতা, মূল্যবোধ ও সু-শাসন","'শ্রমের মর্যাদা' (Dignity of labour) এবং 'মিতব্যয়িতা' কোন ধরনের মূল্যবোধের অন্ত","94","Good","CLEAN","0","0"
"906","source-file","10_নৈতিকতা, মূল্যবোধ ও সু-শাসন","প্রাচীন ভারতে সুশাসনের ধারণা এবং রাষ্ট্র পরিচালনার নীতি সম্পর্কে বিস্তারিত আলোচন","94","Good","CLEAN","0","0"
"907","source-file","10_নৈতিকতা, মূল্যবোধ ও সু-শাসন","""কোনো কাজের নৈতিক মানদণ্ড নির্ভর করে এর ফলাফলের ওপর; যে কাজের ফলাফল ভালো, তা নৈত","94","Good","AUTO","0","1"
"908","source-file","10_নৈতিকতা, মূল্যবোধ ও সু-শাসন","সমাজে মূল্যবোধের চরম অবক্ষয় ঘটলে নিচের কোনটি সবচেয়ে বেশি হুমকির সম্মুখীন হয়?","94","Good","CLEAN","0","0"
"909","source-file","10_নৈতিকতা, মূল্যবোধ ও সু-শাসন","""মূল্যবোধ হচ্ছে মানুষের ইচ্ছা বা লক্ষ্যের মানদণ্ড, যা দ্বারা মানুষের আচার-আচরণ ও","93","Good","AUTO","0","1"
"910","source-file","10_নৈতিকতা, মূল্যবোধ ও সু-শাসন","সুশাসন প্রতিষ্ঠায় 'দায়িত্বশীলতা' (Responsibility) এবং 'জবাবদিহিতা' (Accountabi","94","Good","CLEAN","0","0"
"911","source-file","10_নৈতিকতা, মূল্যবোধ ও সু-শাসন","নাগরিকের অধিকার রক্ষায় 'মৌলিক অধিকার' (Fundamental Rights) সংবিধানে সুস্পষ্টভাব","94","Good","CLEAN","0","0"
"912","source-file","10_নৈতিকতা, মূল্যবোধ ও সু-শাসন","""আইনের চোখে সবাই সমান"" (Equality before the law)— এই নীতিটি সর্বপ্রথম কোন দেশের ","94","Good","AUTO","0","1"
"913","source-file","10_নৈতিকতা, মূল্যবোধ ও সু-শাসন","সুশাসন ও নৈতিক মূল্যবোধ চর্চার চূড়ান্ত লক্ষ্য বা পরিণতি কী?","94","Good","CLEAN","0","0"
"914","source-file","10_নৈতিকতা, মূল্যবোধ ও সু-শাসন","সমাজে মূল্যবোধ প্রতিষ্ঠার সবচেয়ে আদি ও শক্তিশালী মাধ্যম হিসেবে কোনটি কাজ করে?","94","Good","CLEAN","0","0"
"915","source-file","10_নৈতিকতা, মূল্যবোধ ও সু-শাসন","সমাজে দুর্নীতিবিরোধী মূল্যবোধ প্রতিষ্ঠার জন্য শিক্ষাপ্রতিষ্ঠানে কোন উদ্যোগটি সবচ","94","Good","CLEAN","0","0"
"916","source-file","10_নৈতিকতা, মূল্যবোধ ও সু-শাসন","একটি সমাজে গণতান্ত্রিক মূল্যবোধ প্রতিষ্ঠার প্রথম ধাপ কোনটি?","94","Good","CLEAN","0","0"
"917","source-file","10_নৈতিকতা, মূল্যবোধ ও সু-শাসন","সমাজে 'শ্রমের মর্যাদা' (Dignity of labour) প্রতিষ্ঠার জন্য শিক্ষাব্যবস্থায় কোনট","94","Good","CLEAN","0","0"
"918","source-file","10_নৈতিকতা, মূল্যবোধ ও সু-শাসন","তরুণ প্রজন্মের মাঝে দেশপ্রেম ও জাতীয় মূল্যবোধ জাগ্রত করার সবচেয়ে কার্যকর উপায়","94","Good","CLEAN","0","0"
"919","source-file","10_নৈতিকতা, মূল্যবোধ ও সু-শাসন","একটি সমাজে 'আইনের শাসন' সুপ্রতিষ্ঠিত করতে সাধারণ নাগরিকের প্রাথমিক দায়িত্ব কী?","94","Good","CLEAN","0","0"
"920","source-file","10_নৈতিকতা, মূল্যবোধ ও সু-শাসন","সমাজে পরমতসহিষ্ণুতা নামক মূল্যবোধটি ছড়িয়ে দিতে শিক্ষাপ্রতিষ্ঠানে কোন ধরনের সহশ","94","Good","CLEAN","0","0"
"921","source-file","10_নৈতিকতা, মূল্যবোধ ও সু-শাসন","সমাজে 'দায়িত্বশীলতা' প্রতিষ্ঠার জন্য শৈশবে পরিবারের কোন চর্চাটি গুরুত্বপূর্ণ?","94","Good","CLEAN","0","0"
"922","source-file","10_নৈতিকতা, মূল্যবোধ ও সু-শাসন","নাগরিক জীবনে 'নিয়মানুবর্তিতা' (Punctuality) প্রতিষ্ঠার উৎকৃষ্ট উপায় কোনটি?","94","Good","CLEAN","0","0"
"923","source-file","10_নৈতিকতা, মূল্যবোধ ও সু-শাসন","সমাজে 'নারী-পুরুষের সমতা' নামক মূল্যবোধটি কীভাবে সবচেয়ে কার্যকরভাবে প্রতিষ্ঠা ক","94","Good","CLEAN","0","0"
"924","source-file","10_নৈতিকতা, মূল্যবোধ ও সু-শাসন","সুশাসনের অন্যতম শর্ত 'অংশগ্রহণ' (Participation) নিশ্চিতে বিদ্যালয় পর্যায়ে কোন ","94","Good","CLEAN","0","0"
"925","source-file","10_নৈতিকতা, মূল্যবোধ ও সু-শাসন","সমাজে 'সহমর্মিতা' (Empathy) ও 'পরোপকার' প্রতিষ্ঠার জন্য শিক্ষাপ্রতিষ্ঠানে কোন কা","94","Good","CLEAN","0","0"
"926","source-file","10_নৈতিকতা, মূল্যবোধ ও সু-শাসন","সমাজে মূল্যবোধের অবক্ষয় রোধে ধর্মীয় ও নৈতিক শিক্ষার মূল কাজ কী হওয়া উচিত?","94","Good","CLEAN","0","0"
"927","source-file","10_নৈতিকতা, মূল্যবোধ ও সু-শাসন","শিক্ষার্থীদের মাঝে 'সততা' প্রতিষ্ঠার জন্য শিক্ষকদের ভূমিকা কেমন হওয়া উচিত?","94","Good","CLEAN","0","0"
"928","source-file","10_নৈতিকতা, মূল্যবোধ ও সু-শাসন","সমাজে 'মানবাধিকার' সম্পর্কে সচেতনতা ও মূল্যবোধ কীভাবে প্রতিষ্ঠা করা সম্ভব?","94","Good","CLEAN","0","0"
"929","source-file","10_নৈতিকতা, মূল্যবোধ ও সু-শাসন","সুশাসন প্রতিষ্ঠায় 'পরিবেশগত দায়িত্ববোধ' কীভাবে সমাজে ছড়িয়ে দেওয়া যায়?","94","Good","CLEAN","0","0"
"930","source-file","10_নৈতিকতা, মূল্যবোধ ও সু-শাসন","সমাজে 'অসাম্প্রদায়িকতা' বা ধর্মনিরপেক্ষ মূল্যবোধ প্রতিষ্ঠার শ্রেষ্ঠ উপায় কোনটি","94","Good","CLEAN","0","0"
"931","source-file","10_নৈতিকতা, মূল্যবোধ ও সু-শাসন","সমাজে শিষ্টাচার ও ভদ্রতার মূল্যবোধ বিস্তারে পরিবারের কোন আচরণটি প্রভাব ফেলে?","94","Good","CLEAN","0","0"
"932","source-file","10_নৈতিকতা, মূল্যবোধ ও সু-শাসন","ব্যক্তিজীবনে 'মিতব্যয়িতা' নামক অর্থনৈতিক মূল্যবোধ প্রতিষ্ঠায় কোনটি কার্যকর?","94","Good","CLEAN","0","0"
"933","source-file","10_নৈতিকতা, মূল্যবোধ ও সু-শাসন","সমাজে 'দেশি পণ্যের প্রতি ভালোবাসা' বা অর্থনৈতিক দেশপ্রেম কীভাবে প্রতিষ্ঠা করা যা","94","Good","CLEAN","0","0"
"934","source-file","10_নৈতিকতা, মূল্যবোধ ও সু-শাসন","সমাজে অপরাধপ্রবণতা ও গ্যাং কালচার রোধে মূল্যবোধ প্রতিষ্ঠার কোন স্তরটি সবচেয়ে বে","94","Good","CLEAN","0","0"
"935","source-file","10_নৈতিকতা, মূল্যবোধ ও সু-শাসন","সমাজে 'দুর্নীতিকে ঘৃণা করার' মূল্যবোধ প্রতিষ্ঠায় সামাজিক বয়কটের ভূমিকা কী?","94","Good","CLEAN","0","0"
"936","source-file","10_নৈতিকতা, মূল্যবোধ ও সু-শাসন","শিক্ষার্থীদের মধ্যে 'জবাবদিহিতা' নামক সুশাসনের উপাদানটি কীভাবে চর্চা করানো যায়?","94","Good","CLEAN","0","0"
"937","source-file","10_নৈতিকতা, মূল্যবোধ ও সু-শাসন","সমাজে 'সৃজনশীলতা ও মুক্তচিন্তা'র মূল্যবোধ প্রতিষ্ঠায় কী প্রয়োজন?","94","Good","CLEAN","0","0"
"938","source-file","10_নৈতিকতা, মূল্যবোধ ও সু-শাসন","সমাজে 'নেতৃত্বের গুণাবলি' (Leadership) প্রতিষ্ঠায় শিক্ষাপ্রতিষ্ঠান কী করতে পারে","94","Good","CLEAN","0","0"
"939","source-file","10_নৈতিকতা, মূল্যবোধ ও সু-শাসন","রাষ্ট্রীয় পর্যায়ে সুশাসন প্রতিষ্ঠার সবচেয়ে অপরিহার্য আইনি ও কাঠামোগত ভিত্তি ক","94","Good","AUTO","0","1"
"940","source-file","10_নৈতিকতা, মূল্যবোধ ও সু-শাসন","সুশাসনে 'স্বচ্ছতা' (Transparency) প্রতিষ্ঠায় রাষ্ট্রের কোন উদ্যোগটি সবচেয়ে যুগ","94","Good","CLEAN","0","0"
"941","source-file","10_নৈতিকতা, মূল্যবোধ ও সু-শাসন","সমাজে ন্যায়বিচার ও সুশাসন প্রতিষ্ঠায় 'বিচার বিভাগের' (Judiciary) রূপরেখা কেমন ","94","Good","CLEAN","0","0"
"942","source-file","10_নৈতিকতা, মূল্যবোধ ও সু-শাসন","প্রশাসনে 'মেধাতন্ত্র' (Meritocracy) ও সমতা প্রতিষ্ঠায় কোন প্রতিষ্ঠানটির স্বাধীন","94","Good","CLEAN","0","0"
"943","source-file","10_নৈতিকতা, মূল্যবোধ ও সু-শাসন","সরকারি প্রতিষ্ঠানে 'জবাবদিহিতা' (Accountability) প্রতিষ্ঠার একটি শক্তিশালী প্রাত","94","Good","CLEAN","0","0"
"944","source-file","10_নৈতিকতা, মূল্যবোধ ও সু-শাসন","রাষ্ট্রে 'ক্ষমতার অপব্যবহার' ও স্বৈরতন্ত্র রোধে সংবিধানে কোন নীতির বাস্তবায়ন জর","94","Good","CLEAN","0","0"
"945","source-file","10_নৈতিকতা, মূল্যবোধ ও সু-শাসন","প্রশাসনে 'লাল ফিতার দৌরাত্ম্য' (Red Tapism) কমিয়ে সুশাসন প্রতিষ্ঠায় সরকার কী প","94","Good","CLEAN","0","0"
"946","source-file","10_নৈতিকতা, মূল্যবোধ ও সু-শাসন","রাষ্ট্রে 'দুর্নীতিমুক্ত' সমাজ প্রতিষ্ঠায় দুর্নীতি দমন কমিশনের (ACC) ভূমিকা কেমন","94","Good","CLEAN","0","0"
"947","source-file","10_নৈতিকতা, মূল্যবোধ ও সু-শাসন","সমাজে 'অর্থনৈতিক সুশাসন' ও অর্থের সঠিক ব্যবহার নিশ্চিতে কোন প্রতিষ্ঠানটির অডিট ব","94","Good","CLEAN","0","0"
"948","source-file","10_নৈতিকতা, মূল্যবোধ ও সু-শাসন","সুশাসনের রাজনৈতিক উপাদান 'বৈধতা' (Legitimacy) ও 'অংশগ্রহণ' প্রতিষ্ঠায় রাষ্ট্রের","94","Good","CLEAN","0","0"
"949","source-file","10_নৈতিকতা, মূল্যবোধ ও সু-শাসন","সমাজে 'মানবাধিকার' রক্ষায় এবং সুশাসন প্রতিষ্ঠায় রাষ্ট্রের কোন কমিশন কার্যকর ভূ","94","Good","CLEAN","0","0"
"950","source-file","10_নৈতিকতা, মূল্যবোধ ও সু-শাসন","সুশাসনে 'বিকেন্দ্রীকরণ' (Decentralization) নীতি সমাজে কীভাবে প্রতিষ্ঠিত করা যায়","94","Good","CLEAN","0","0"
"951","source-file","10_নৈতিকতা, মূল্যবোধ ও সু-শাসন","রাষ্ট্রে 'নৈতিকতা ও শুদ্ধাচার' প্রতিষ্ঠায় সরকারের কোন নীতিগত উদ্যোগটি একটি কাঠা","94","Good","CLEAN","0","0"
"952","source-file","10_নৈতিকতা, মূল্যবোধ ও সু-শাসন","সমাজে সুশাসন ও আইনের শাসন প্রতিষ্ঠায় আইন প্রয়োগকারী সংস্থার (যেমন- পুলিশ) আচরণ","94","Good","CLEAN","0","0"
"953","source-file","10_নৈতিকতা, মূল্যবোধ ও সু-শাসন","'হুইসেলব্লোয়ার' (Whistleblower) বা জনস্বার্থে তথ্য প্রকাশকারীদের সুরক্ষায় আইন ","94","Good","CLEAN","0","0"
"954","source-file","10_নৈতিকতা, মূল্যবোধ ও সু-শাসন","রাষ্ট্রে 'সংবিধানের শ্রেষ্ঠত্ব' (Supremacy of Constitution) সুশাসন প্রতিষ্ঠায় ক","94","Good","CLEAN","0","0"
"955","source-file","10_নৈতিকতা, মূল্যবোধ ও সু-শাসন","সমাজে 'সামাজিক ন্যায়বিচার' (Social Justice) প্রতিষ্ঠায় পিছিয়ে পড়া জনগোষ্ঠীর ","94","Good","CLEAN","0","0"
"956","source-file","10_নৈতিকতা, মূল্যবোধ ও সু-শাসন","সুশাসনে 'আইন প্রণয়ন' প্রক্রিয়ায় স্বচ্ছতা ও ঐকমত্য প্রতিষ্ঠায় সংসদের (Parliam","94","Good","CLEAN","0","0"
"957","source-file","10_নৈতিকতা, মূল্যবোধ ও সু-শাসন","'ভোক্তা অধিকার' ও 'অর্থনৈতিক সুশাসন' প্রতিষ্ঠায় রাষ্ট্রের কোন উদ্যোগটি সবচেয়ে ","94","Good","CLEAN","0","0"
"958","source-file","10_নৈতিকতা, মূল্যবোধ ও সু-শাসন","রাষ্ট্রে 'সম্পদের সুষম বণ্টন' ও 'সাম্য' প্রতিষ্ঠায় কর ব্যবস্থা কেমন হওয়া উচিত?","94","Good","CLEAN","0","0"
"959","source-file","10_নৈতিকতা, মূল্যবোধ ও সু-শাসন","সুশাসন প্রতিষ্ঠায় 'বিচারিক দীর্ঘসূত্রতা' (Backlog of cases) কমানোর জন্য কার্যকর","94","Good","CLEAN","0","0"
"960","source-file","10_নৈতিকতা, মূল্যবোধ ও সু-শাসন","রাষ্ট্রে 'পরিবেশগত সুশাসন' প্রতিষ্ঠায় কোন পদক্ষেপটি সবচেয়ে কার্যকর?","94","Good","CLEAN","0","0"
"961","source-file","10_নৈতিকতা, মূল্যবোধ ও সু-শাসন","সমাজে 'সংখ্যালঘুদের নিরাপত্তা ও অধিকার' প্রতিষ্ঠায় রাষ্ট্রের প্রধান দায়িত্ব কী","94","Good","CLEAN","0","0"
"962","source-file","10_নৈতিকতা, মূল্যবোধ ও সু-শাসন","সরকারি চাকরিতে 'শুদ্ধাচার ও নৈতিকতা' প্রতিষ্ঠায় কোন ব্যবস্থাটি কার্যকর?","94","Good","AUTO","0","1"
"963","source-file","10_নৈতিকতা, মূল্যবোধ ও সু-শাসন","রাষ্ট্রীয় নীতি ও সিদ্ধান্তে 'সরকারের সদিচ্ছা' (Political Will) সুশাসন প্রতিষ্ঠা","94","Good","CLEAN","0","0"
"964","source-file","10_নৈতিকতা, মূল্যবোধ ও সু-শাসন","সমাজে সুশাসন ও জবাবদিহিতা প্রতিষ্ঠায় 'সুশীল সমাজ' (Civil Society) কীভাবে সবচেয়","94","Good","CLEAN","0","0"
"965","source-file","10_নৈতিকতা, মূল্যবোধ ও সু-শাসন","দুর্নীতির বিরুদ্ধে সামাজিক প্রতিরোধ বা মূল্যবোধ গড়তে 'ট্রান্সপারেন্সি ইন্টারন্য","94","Good","CLEAN","0","0"
"966","source-file","10_নৈতিকতা, মূল্যবোধ ও সু-শাসন","সুশাসন প্রতিষ্ঠায় 'স্বাধীন গণমাধ্যম' (Independent Media) কীভাবে সমাজের দর্পণ হি","94","Good","CLEAN","0","0"
"967","source-file","10_নৈতিকতা, মূল্যবোধ ও সু-শাসন","সমাজে 'উদারতা' ও 'পরমতসহিষ্ণুতা' প্রতিষ্ঠায় গণমাধ্যমের ভূমিকা কেমন হওয়া উচিত?","94","Good","CLEAN","0","0"
"968","source-file","10_নৈতিকতা, মূল্যবোধ ও সু-শাসন","'অনুসন্ধানী সাংবাদিকতা' (Investigative Journalism) সুশাসন প্রতিষ্ঠায় কীভাবে সহা","94","Good","CLEAN","0","0"
"969","source-file","10_নৈতিকতা, মূল্যবোধ ও সু-শাসন","সমাজে 'অংশগ্রহণমূলক' (Participatory) সুশাসন প্রতিষ্ঠায় স্থানীয় পর্যায়ে কোন পদ","94","Good","CLEAN","0","0"
"970","source-file","10_নৈতিকতা, মূল্যবোধ ও সু-শাসন","নাগরিক হিসেবে সুশাসন প্রতিষ্ঠায় আপনার সবচেয়ে বড় 'অ্যাকটিভ সিটিজেনশিপ' বা সক্র","94","Good","CLEAN","0","0"
"971","source-file","10_নৈতিকতা, মূল্যবোধ ও সু-শাসন","নারী নির্যাতন, ইভটিজিং বা যৌতুকের মতো সামাজিক ব্যাধি দূর করে সুশাসন প্রতিষ্ঠায় ","94","Good","CLEAN","0","0"
"972","source-file","10_নৈতিকতা, মূল্যবোধ ও সু-শাসন","পেশাজীবীদের (ডাক্তার, ইঞ্জিনিয়ার, আইনজীবী) মাধ্যমে সমাজে সুশাসন ও মূল্যবোধ কীভা","94","Good","CLEAN","0","0"
"973","source-file","10_নৈতিকতা, মূল্যবোধ ও সু-শাসন","সমাজে 'অর্থনৈতিক সুশাসন' প্রতিষ্ঠায় ট্রেড ইউনিয়ন বা শ্রমিক সংগঠনগুলোর ভূমিকা ক","94","Good","CLEAN","0","0"
"974","source-file","10_নৈতিকতা, মূল্যবোধ ও সু-শাসন","'সামাজিক নিরীক্ষা' (Social Audit) বলতে কী বোঝায় এবং এটি কীভাবে সুশাসন প্রতিষ্ঠা","94","Good","CLEAN","0","0"
"975","source-file","10_নৈতিকতা, মূল্যবোধ ও সু-শাসন","'ডিজিটাল লিটারেসি' ও 'সাইবার নৈতিকতা' সমাজে কীভাবে প্রতিষ্ঠিত করা যায়?","94","Good","CLEAN","0","0"
"976","source-file","10_নৈতিকতা, মূল্যবোধ ও সু-শাসন","পরিবেশ রক্ষায় ও সুশাসন প্রতিষ্ঠায় 'কমিউনিটি বেজড অর্গানাইজেশন' (CBO) কী করতে প","94","Good","CLEAN","0","0"
"977","source-file","10_নৈতিকতা, মূল্যবোধ ও সু-শাসন","'ভোক্তা অধিকার' প্রতিষ্ঠায় সাধারণ নাগরিকের ভূমিকা কী হওয়া উচিত?","94","Good","CLEAN","0","0"
"978","source-file","10_নৈতিকতা, মূল্যবোধ ও সু-শাসন","সমাজে 'কমিউনিটি পুলিশিং' (Community Policing) কীভাবে সুশাসন ও মূল্যবোধ প্রতিষ্ঠা","94","Good","CLEAN","0","0"
"979","source-file","10_নৈতিকতা, মূল্যবোধ ও সু-শাসন","'অ্যাডভোকেসি' (Advocacy) বা নীতিনির্ধারণী তদবিরের মাধ্যমে এনজিওগুলো (NGO) সুশাসন","94","Good","CLEAN","0","0"
"980","source-file","10_নৈতিকতা, মূল্যবোধ ও সু-শাসন","সমাজে গণতান্ত্রিক মূল্যবোধ প্রতিষ্ঠায় নির্বাচনের সময় নাগরিকদের নৈতিক দায়িত্ব ","94","Good","CLEAN","0","0"
"981","source-file","10_নৈতিকতা, মূল্যবোধ ও সু-শাসন","সুশাসনে 'স্বচ্ছতা' প্রতিষ্ঠায় সাধারণ নাগরিকদের 'তথ্য চাওয়া'র অভ্যাস কীভাবে কাজ","94","Good","CLEAN","0","0"
"982","source-file","10_নৈতিকতা, মূল্যবোধ ও সু-শাসন","যুব সমাজ বা 'Youth Leadership' কীভাবে সমাজে মূল্যবোধ প্রতিষ্ঠায় কার্যকর হতে পার","94","Good","CLEAN","0","0"
"983","source-file","10_নৈতিকতা, মূল্যবোধ ও সু-শাসন","সমাজে 'আইনের শাসন' প্রতিষ্ঠায় গণমাধ্যমের একটি নেতিবাচক দিক কোনটি, যা পরিহার করা","94","Good","CLEAN","0","0"
"984","source-file","10_নৈতিকতা, মূল্যবোধ ও সু-শাসন","সমাজে 'সংখ্যালঘু অধিকার' রক্ষায় সংখ্যাগুরু সম্প্রদায়ের নৈতিক দায়িত্ব কী?","94","Good","CLEAN","0","0"
"985","source-file","10_নৈতিকতা, মূল্যবোধ ও সু-শাসন","'সুশীল সমাজ' যখন দলীয় রাজনীতির লেজুড়বৃত্তি করে, তখন সুশাসনে কী প্রভাব পড়ে?","94","Good","CLEAN","0","0"
"986","source-file","10_নৈতিকতা, মূল্যবোধ ও সু-শাসন","'নাগরিক সাংবাদিকতা' (Citizen Journalism) বর্তমান সময়ে সুশাসনে কীভাবে ভূমিকা রাখ","94","Good","CLEAN","0","0"
"987","source-file","10_নৈতিকতা, মূল্যবোধ ও সু-শাসন","সমাজে 'কর দেওয়ার সংস্কৃতি' (Tax Compliance) কীভাবে একটি সামাজিক মূল্যবোধে পরিণত","94","Good","CLEAN","0","0"
"988","source-file","10_নৈতিকতা, মূল্যবোধ ও সু-শাসন","পরিশেষে, সমাজে সুশাসন প্রতিষ্ঠায় সরকার, সুশীল সমাজ ও নাগরিকের মধ্যকার সম্পর্ক ক","94","Good","CLEAN","0","0"
"989","source-file","10_নৈতিকতা, মূল্যবোধ ও সু-শাসন","প্রশাসনে স্বচ্ছতা ও দুর্নীতি হ্রাসে 'ই-গভর্ন্যান্স' (E-governance) কীভাবে সবচেয়","94","Good","CLEAN","0","0"
"990","source-file","10_নৈতিকতা, মূল্যবোধ ও সু-শাসন","সরকারি কেনাকাটায় 'ই-টেন্ডারিং' বা e-GP (National e-Government Procurement) পদ্ধ","94","Good","CLEAN","0","0"
"991","source-file","10_নৈতিকতা, মূল্যবোধ ও সু-শাসন","সরকারি অফিসে 'নথি' বা ই-ফাইলিং (e-Filing) সিস্টেম চালু করার মূল উদ্দেশ্য কী যা স","94","Good","CLEAN","0","0"
"992","source-file","10_নৈতিকতা, মূল্যবোধ ও সু-শাসন","সুশাসন প্রতিষ্ঠায় 'ওয়ান স্টপ সার্ভিস' (One Stop Service) কেন্দ্রগুলোর ভূমিকা ক","94","Good","CLEAN","0","0"
"993","source-file","10_নৈতিকতা, মূল্যবোধ ও সু-শাসন","সরকারি কর্মকর্তাদের কাজের জবাবদিহিতা নিশ্চিত করতে 'এপিএ' (APA - Annual Performan","94","Good","CLEAN","0","0"
"994","source-file","10_নৈতিকতা, মূল্যবোধ ও সু-শাসন","নাগরিকদের অভাব-অভিযোগ দ্রুত সমাধানে প্রশাসনে কোন ডিজিটাল ব্যবস্থাটি (System) সুশ","94","Good","CLEAN","0","0"
"995","source-file","10_নৈতিকতা, মূল্যবোধ ও সু-শাসন","অর্থনীতিতে সুশাসন ও স্বচ্ছতা আনতে 'ডিজিটাল পেমেন্ট' বা মোবাইল ব্যাংকিং কীভাবে সা","94","Good","CLEAN","0","0"
"996","source-file","10_নৈতিকতা, মূল্যবোধ ও সু-শাসন","'উন্মুক্ত উপাত্ত' (Open Data) পোর্টাল সরকারের কোন দিকটি প্রতিষ্ঠা করে?","94","Good","CLEAN","0","0"
"997","source-file","10_নৈতিকতা, মূল্যবোধ ও সু-শাসন","ভূমি প্রশাসনে দুর্নীতি ও মামলা কমানোর জন্য সুশাসনের কোন পদক্ষেপটি সবচেয়ে কার্যক","94","Good","CLEAN","0","0"
"998","source-file","10_নৈতিকতা, মূল্যবোধ ও সু-শাসন","নির্বাচন ব্যবস্থায় স্বচ্ছতা আনতে প্রাতিষ্ঠানিক সংস্কার হিসেবে কোন প্রযুক্তির ব্","94","Good","CLEAN","0","0"
"999","source-file","10_নৈতিকতা, মূল্যবোধ ও সু-শাসন","'মানিলন্ডারিং' বা অর্থপাচার রোধে এবং আর্থিক খাতে সুশাসন প্রতিষ্ঠায় কোন প্রতিষ্ঠ","94","Good","CLEAN","0","0"
"1000","source-file","10_নৈতিকতা, মূল্যবোধ ও সু-শাসন","সরকারি কর্মকর্তাদের মধ্যে 'নৈতিকতা' ও 'মূল্যবোধ' ধরে রাখতে প্রাতিষ্ঠানিকভাবে কোন","94","Good","CLEAN","0","0"
"1001","source-file","10_নৈতিকতা, মূল্যবোধ ও সু-শাসন","প্রশাসনে 'স্বজনপ্রীতি' ও দুর্নীতির একটি বড় কারণ হলো কর্মকর্তাদের 'স্বেচ্ছাধীন ক","94","Good","CLEAN","0","0"
"1002","source-file","10_নৈতিকতা, মূল্যবোধ ও সু-শাসন","জনপ্রতিনিধি ও উচ্চপদস্থ কর্মকর্তাদের 'সম্পদের হিসাব' (Wealth Declaration) জনসমক্","94","Good","CLEAN","0","0"
"1003","source-file","10_নৈতিকতা, মূল্যবোধ ও সু-শাসন","সরকারি প্রতিষ্ঠানগুলোর সেবার মান উন্নয়নে 'গ্রাহক সন্তুষ্টি জরিপ' (Customer Sati","94","Good","CLEAN","0","0"
"1004","source-file","10_নৈতিকতা, মূল্যবোধ ও সু-শাসন","সরকারি কর্মকর্তাদের দক্ষতা ও নৈতিকতা বৃদ্ধিতে 'ক্যাপাসিটি বিল্ডিং' (Capacity Bui","94","Good","CLEAN","0","0"
"1005","source-file","10_নৈতিকতা, মূল্যবোধ ও সু-শাসন","সরকারি অফিসে 'অপ্রয়োজনীয় জনবল' ও 'আমলাতান্ত্রিক জটিলতা' কমাতে প্রাতিষ্ঠানিক সং","94","Good","CLEAN","0","0"
"1006","source-file","10_নৈতিকতা, মূল্যবোধ ও সু-শাসন","প্রশাসনে 'যোগসাজশমূলক দুর্নীতি' (Nexus) ভাঙার জন্য কোন প্রাতিষ্ঠানিক নিয়মটি কঠো","94","Good","CLEAN","0","0"
"1007","source-file","10_নৈতিকতা, মূল্যবোধ ও সু-শাসন","সাইবার স্পেসে সুশাসন ও তথ্য নিরাপত্তা নিশ্চিত করতে আধুনিক প্রাতিষ্ঠানিক প্রযুক্ত","94","Good","CLEAN","0","0"
"1008","source-file","10_নৈতিকতা, মূল্যবোধ ও সু-শাসন","'জাতীয় রাজস্ব বোর্ড' (NBR) এর কর আদায় প্রক্রিয়ায় সুশাসন আনতে সবচেয়ে কার্যকর","94","Good","CLEAN","0","0"
"1009","source-file","10_নৈতিকতা, মূল্যবোধ ও সু-শাসন","প্রাতিষ্ঠানিক সুশাসন বজায় রাখতে 'অভ্যন্তরীণ নিরীক্ষা' (Internal Audit) কীভাবে ক","94","Good","CLEAN","0","0"
"1010","source-file","10_নৈতিকতা, মূল্যবোধ ও সু-শাসন","প্রশাসনে 'তথ্যভাণ্ডার' বা 'ডেটাবেজ' একীভূত (Integration) করলে সুশাসনে কী সুবিধা ","94","Good","CLEAN","0","0"
"1011","source-file","10_নৈতিকতা, মূল্যবোধ ও সু-শাসন","'স্থানীয় সরকার' পর্যায়ে ই-গভর্ন্যান্স প্রতিষ্ঠায় কোন প্রতিষ্ঠানটি সবচেয়ে সফল","94","Good","CLEAN","0","0"
"1012","source-file","10_নৈতিকতা, মূল্যবোধ ও সু-শাসন","একটি সমাজে সুশাসন প্রতিষ্ঠার প্রাতিষ্ঠানিক উদ্যোগগুলো সফল হচ্ছে কি না, তা বোঝার ","94","Good","CLEAN","0","0"
"1013","source-file","10_নৈতিকতা, মূল্যবোধ ও সু-শাসন","পরিশেষে, ই-গভর্ন্যান্স ও প্রাতিষ্ঠানিক সংস্কার তখনই সমাজে সুশাসন ও মূল্যবোধ প্রত","94","Good","AUTO","0","1"
"1014","source-file","10_নৈতিকতা, মূল্যবোধ ও সু-শাসন","গভীর রাতে ফাঁকা রাস্তায় ট্রাফিক সিগন্যালে লাল বাতি দেখে একজন চালক গাড়ি থামিয়ে","94","Good","CLEAN","0","0"
"1015","source-file","10_নৈতিকতা, মূল্যবোধ ও সু-শাসন","রাস্তায় কুড়িয়ে পাওয়া একটি মানিব্যাগ এক ব্যক্তি প্রকৃত মালিককে ফেরত দিলেন। এর","94","Good","CLEAN","0","0"
"1016","source-file","10_নৈতিকতা, মূল্যবোধ ও সু-শাসন","সাধারণ মানুষের দৃষ্টিতে সুশাসন বলতে মূলত কী বোঝায়?","94","Good","CLEAN","0","0"
"1017","source-file","10_নৈতিকতা, মূল্যবোধ ও সু-শাসন","একজন সরকারি কর্মকর্তা তার নিজ আত্মীয়কে যোগ্যতা না থাকা সত্ত্বেও চাকরি দিলেন। এট","94","Good","CLEAN","0","0"
"1018","source-file","10_নৈতিকতা, মূল্যবোধ ও সু-শাসন","একটি সমাজে মূল্যবোধের অবক্ষয় হয়েছে তা সবচেয়ে ভালোভাবে বোঝা যায় কোন লক্ষণটি দ","94","Good","CLEAN","0","0"
"1019","source-file","10_নৈতিকতা, মূল্যবোধ ও সু-শাসন","একজন নাগরিক নিয়মিত কর বা ট্যাক্স প্রদান করেন। এটি তার কোন ধরনের মূল্যবোধ?","94","Good","CLEAN","0","0"
"1020","source-file","10_নৈতিকতা, মূল্যবোধ ও সু-শাসন","সরকারি হাসপাতালে বিনামূল্যে ঔষধ বিতরণে স্বচ্ছতা নিশ্চিত করতে হলে সবচেয়ে কার্যকর","94","Good","CLEAN","0","0"
"1021","source-file","10_নৈতিকতা, মূল্যবোধ ও সু-শাসন","আপনার এলাকার জনপ্রতিনিধি এলাকার উন্নয়নের জন্য একটি কমিটি গঠন করলেন যেখানে সমাজে","94","Good","CLEAN","0","0"
"1022","source-file","10_নৈতিকতা, মূল্যবোধ ও সু-শাসন","ভিন্ন ধর্ম, বর্ণ বা রাজনৈতিক মতাদর্শের মানুষের সাথে শান্তিপূর্ণভাবে বসবাস করার জ","94","Good","CLEAN","0","0"
"1023","source-file","10_নৈতিকতা, মূল্যবোধ ও সু-শাসন","একজন বিচারক তার নিজের সন্তানের বিরুদ্ধে আসা একটি মামলার বিচার করতে অস্বীকৃতি জান","94","Good","CLEAN","0","0"
"1024","source-file","10_নৈতিকতা, মূল্যবোধ ও সু-শাসন","সুশাসন প্রতিষ্ঠায় 'ই-টেন্ডারিং' (E-Tendering) পদ্ধতি চালুর মূল উদ্দেশ্য কী?","94","Good","CLEAN","0","0"
"1025","source-file","10_নৈতিকতা, মূল্যবোধ ও সু-শাসন","একটি দেশের সংবিধানে 'মৌলিক অধিকার' সন্নিবেশিত থাকলে সাধারণ মানুষের দৃষ্টিতে সেটি","94","Good","CLEAN","0","0"
"1026","source-file","10_নৈতিকতা, মূল্যবোধ ও সু-শাসন","মূল্যবোধের শিক্ষা একজন মানুষকে মূলত কী শেখায়?","94","Good","CLEAN","0","0"
"1027","source-file","10_নৈতিকতা, মূল্যবোধ ও সু-শাসন","সরকারি অফিসে কাজের গতি বাড়াতে এবং হয়রানি কমাতে 'সিটিজেনস চার্টার' (Citizen's C","94","Good","CLEAN","0","0"
"1028","source-file","10_নৈতিকতা, মূল্যবোধ ও সু-শাসন","সমাজে প্রবীণদের বা বৃদ্ধদের প্রতি সম্মান প্রদর্শন করা কোন ধরনের মূল্যবোধের অন্তর","94","Good","CLEAN","0","0"
"1029","source-file","10_নৈতিকতা, মূল্যবোধ ও সু-শাসন","একজন শিক্ষার্থী পরীক্ষায় অসদুপায় অবলম্বন করার সুযোগ থাকা সত্ত্বেও তা করল না। এ","94","Good","CLEAN","0","0"
"1030","source-file","10_নৈতিকতা, মূল্যবোধ ও সু-শাসন","সুশাসন প্রতিষ্ঠায় স্বাধীন গণমাধ্যমের সবচেয়ে বড় ভূমিকা কোনটি?","94","Good","CLEAN","0","0"
"1031","source-file","10_নৈতিকতা, মূল্যবোধ ও সু-শাসন","কর্মক্ষেত্রে একজন কর্মকর্তা প্রতিদিন সঠিক সময়ে অফিসে উপস্থিত হন। এটি তার কোন মূ","94","Good","CLEAN","0","0"
"1032","source-file","10_নৈতিকতা, মূল্যবোধ ও সু-শাসন","প্রাকৃতিক দুর্যোগের সময় এলাকার যুবকরা স্বেচ্ছায় ত্রাণ বিতরণে এগিয়ে এলো। এটি ত","94","Good","CLEAN","0","0"
"1033","source-file","10_নৈতিকতা, মূল্যবোধ ও সু-শাসন","'তথ্য অধিকার আইন' সাধারণ মানুষের ক্ষমতায়নে কীভাবে কাজ করে?","94","Good","CLEAN","0","0"
"1034","source-file","10_নৈতিকতা, মূল্যবোধ ও সু-শাসন","সুশাসনে 'লাল ফিতার দৌরাত্ম্য' (Red Tapism) একটি নেতিবাচক শব্দ। এর অর্থ কী?","94","Good","CLEAN","0","0"
"1035","source-file","10_নৈতিকতা, মূল্যবোধ ও সু-শাসন","পরিবেশ দূষণ রোধে কারখানা মালিক বর্জ্য শোধনাগার (ETP) ব্যবহার করছেন। এটি তার কোন ","94","Good","CLEAN","0","0"
"1036","source-file","10_নৈতিকতা, মূল্যবোধ ও সু-শাসন","আপনি একটি লাইনে দাঁড়িয়ে সেবার জন্য অপেক্ষা করছেন, এমন সময় একজন ব্যক্তি লাইন ভ","94","Good","CLEAN","0","0"
"1037","source-file","10_নৈতিকতা, মূল্যবোধ ও সু-শাসন","প্রশাসনে 'জবাবদিহিতা' (Accountability) না থাকলে নিচের কোন পরিস্থিতির সৃষ্টি হয়?","94","Good","CLEAN","0","0"
"1038","source-file","10_নৈতিকতা, মূল্যবোধ ও সু-শাসন","গণতান্ত্রিক মূল্যবোধ বিকাশে সবচেয়ে জরুরি উপাদান কোনটি?","94","Good","CLEAN","0","0"
"1039","source-file","10_নৈতিকতা, মূল্যবোধ ও সু-শাসন","সমাজের প্রতিটি মানুষ যখন তার নিজ নিজ দায়িত্ব সততার সাথে পালন করে, তখন রাষ্ট্রে ","94","Good","CLEAN","0","0"
"1040","source-file","10_নৈতিকতা, মূল্যবোধ ও সু-শাসন","একজন জনপ্রতিনিধি নির্বাচিত হওয়ার পর শুধুমাত্র তার নিজের দলের লোকদের সরকারি সুবি","94","Good","CLEAN","0","0"
"1041","source-file","10_নৈতিকতা, মূল্যবোধ ও সু-শাসন","সমাজে 'শ্রমের মর্যাদা' (Dignity of labour) প্রতিষ্ঠিত থাকলে কী সুবিধা হয়?","94","Good","CLEAN","0","0"
"1042","source-file","10_নৈতিকতা, মূল্যবোধ ও সু-শাসন","সুশাসনে 'বিকেন্দ্রীকরণ' (Decentralization) বলতে কী বোঝায়?","94","Good","CLEAN","0","0"
"1043","source-file","10_নৈতিকতা, মূল্যবোধ ও সু-শাসন","নিচের কোনটি নেতিবাচক মূল্যবোধের (Negative Values) উদাহরণ?","94","Good","CLEAN","0","0"
"1044","source-file","10_নৈতিকতা, মূল্যবোধ ও সু-শাসন","একজন শিক্ষক তার শিক্ষার্থীদের শুধু পাঠ্যবই না পড়িয়ে ভালো মানুষ হওয়ার উপদেশ দে","94","Good","CLEAN","0","0"
"1045","source-file","10_নৈতিকতা, মূল্যবোধ ও সু-শাসন","বিচার বিভাগের স্বাধীনতা সুশাসনের জন্য কেন অপরিহার্য?","94","Good","CLEAN","0","0"
"1046","source-file","10_নৈতিকতা, মূল্যবোধ ও সু-শাসন","অফিসে নারী কর্মীদের প্রতি সম্মানজনক ও নিরাপদ পরিবেশ বজায় রাখা কোন ধরনের মূল্যবো","94","Good","CLEAN","0","0"
"1047","source-file","10_নৈতিকতা, মূল্যবোধ ও সু-শাসন","একটি দেশে সুশাসন না থাকলে সাধারণ জনগণ সবচেয়ে বেশি কীভাবে ক্ষতিগ্রস্ত হয়?","94","Good","CLEAN","0","0"
"1048","source-file","10_নৈতিকতা, মূল্যবোধ ও সু-শাসন","'হুইসেলব্লোয়ার' (Whistleblower) বা দুর্নীতি ফাঁসকারী ব্যক্তিকে সুরক্ষা দিলে সুশ","94","Good","CLEAN","0","0"
"1049","source-file","10_নৈতিকতা, মূল্যবোধ ও সু-শাসন","আপনার সামনে একজন অন্ধ ব্যক্তি রাস্তা পার হতে পারছে না, আপনি তাকে সাহায্য করলেন। ","94","Good","CLEAN","0","0"
"1050","source-file","10_নৈতিকতা, মূল্যবোধ ও সু-শাসন","সুশাসনে 'আইনের চোখে সবাই সমান' (Equality before law) কথাটির বাস্তব অর্থ কী?","94","Good","CLEAN","0","0"
"1051","source-file","10_নৈতিকতা, মূল্যবোধ ও সু-শাসন","খাদ্যে ভেজাল মেশানো থেকে বিরত থাকা একজন ব্যবসায়ীর কোন ধরনের মূল্যবোধ?","94","Good","CLEAN","0","0"
"1052","source-file","10_নৈতিকতা, মূল্যবোধ ও সু-শাসন","নির্বাচনে নিজের পছন্দের প্রার্থী হেরে যাওয়ার পর ফলাফল মেনে নেওয়া কোন ধরনের মূল","94","Good","CLEAN","0","0"
"1053","source-file","10_নৈতিকতা, মূল্যবোধ ও সু-শাসন","একজন সরকারি কর্মচারী জনগণকে সেবা দেওয়াকে 'দয়া' না ভেবে নিজের 'দায়িত্ব' মনে কর","94","Good","CLEAN","0","0"
"1054","source-file","10_নৈতিকতা, মূল্যবোধ ও সু-শাসন","রাস্তাঘাটে ময়লা না ফেলে নির্দিষ্ট ডাস্টবিনে ময়লা ফেলা কোন ধরনের মূল্যবোধ?","94","Good","CLEAN","0","0"
"1055","source-file","10_নৈতিকতা, মূল্যবোধ ও সু-শাসন","সুশাসনে 'স্বচ্ছতা' (Transparency) নিশ্চিত না হলে কোনটি বৃদ্ধি পায়?","94","Good","CLEAN","0","0"
"1056","source-file","10_নৈতিকতা, মূল্যবোধ ও সু-শাসন","সমাজে 'ন্যায়বিচার' (Justice) প্রতিষ্ঠিত আছে তা কীভাবে বোঝা যায়?","94","Good","CLEAN","0","0"
"1057","source-file","10_নৈতিকতা, মূল্যবোধ ও সু-শাসন","একজন নাগরিক গুজব শুনে আইন নিজের হাতে তুলে নিলেন। এটি কিসের অভাব নির্দেশ করে?","94","Good","CLEAN","0","0"
"1058","source-file","10_নৈতিকতা, মূল্যবোধ ও সু-শাসন","সুশাসন প্রতিষ্ঠায় 'সরকারের রাজনৈতিক সদিচ্ছা' (Political Will) কেন সবচেয়ে বেশি ","94","Good","CLEAN","0","0"
"1059","source-file","10_নৈতিকতা, মূল্যবোধ ও সু-শাসন","'কর্তব্যের খাতিরে কর্তব্য করা' বা ফলাফল চিন্তা না করে সঠিক কাজ করা— এটি কোন ধরনে","94","Good","AUTO","0","1"
"1060","source-file","10_নৈতিকতা, মূল্যবোধ ও সু-শাসন","একজন কর্মকর্তা সরকারি গাড়ি ব্যক্তিগত কাজে ব্যবহার করেন না। এটি তার কোন মূল্যবোধ","94","Good","CLEAN","0","0"
"1061","source-file","10_নৈতিকতা, মূল্যবোধ ও সু-শাসন","সুশাসনে 'ঐকমত্যমুখী' (Consensus-oriented) সিদ্ধান্ত গ্রহণের সুবিধা কী?","94","Good","CLEAN","0","0"
"1062","source-file","10_নৈতিকতা, মূল্যবোধ ও সু-শাসন","অপরের বিপদে এগিয়ে না গিয়ে শুধু নিজের স্বার্থ নিয়ে ব্যস্ত থাকা কোন ধরনের মানসি","94","Good","CLEAN","0","0"
"1063","source-file","10_নৈতিকতা, মূল্যবোধ ও সু-শাসন","সুশাসন নিশ্চিত করতে একটি দেশের আইন কেমন হওয়া উচিত?","94","Good","CLEAN","0","0"
"1064","source-file","10_নৈতিকতা, মূল্যবোধ ও সু-শাসন","'কিশোর গ্যাং' কালচার সমাজে বৃদ্ধি পাওয়া কিসের ইঙ্গিত দেয়?","94","Good","CLEAN","0","0"
"1065","source-file","10_নৈতিকতা, মূল্যবোধ ও সু-শাসন","সুশাসনে 'ক্ষমতা স্বতন্ত্রীকরণ' (Separation of Powers) নীতি কেন জরুরি?","94","Good","CLEAN","0","0"
"1066","source-file","10_নৈতিকতা, মূল্যবোধ ও সু-শাসন","পাবলিক বাসে বয়স্ক বা প্রতিবন্ধী ব্যক্তিকে নিজের সিট ছেড়ে দেওয়া একজন নাগরিকের ","94","Good","CLEAN","0","0"
"1067","source-file","10_নৈতিকতা, মূল্যবোধ ও সু-শাসন","সরকার যখন 'তথ্য উন্মুক্তকরণ' বা 'Open Data' নীতি গ্রহণ করে, তখন সাধারণ মানুষের ম","94","Good","CLEAN","0","0"
"1068","source-file","10_নৈতিকতা, মূল্যবোধ ও সু-শাসন","'নেতৃত্বের সততা' একটি প্রতিষ্ঠানের সুশাসনে কীভাবে ভূমিকা রাখে?","94","Good","CLEAN","0","0"
"1069","source-file","10_নৈতিকতা, মূল্যবোধ ও সু-শাসন","'আইনের প্রতি শ্রদ্ধাবোধ' না থাকলে রাষ্ট্রে কী পরিস্থিতি তৈরি হয়?","94","Good","CLEAN","0","0"
"1070","source-file","10_নৈতিকতা, মূল্যবোধ ও সু-শাসন","স্থানীয় সরকার (Local Government) শক্তিশালী হলে সুশাসনের কোন দিকটি সবচেয়ে বেশি ","94","Good","CLEAN","0","0"
"1071","source-file","10_নৈতিকতা, মূল্যবোধ ও সু-শাসন","সমাজে 'পরশ্রীকাতরতা' (হিংসা) এবং 'অসহিষ্ণুতা' বৃদ্ধি পেলে কোনটি সবচেয়ে বেশি হুম","94","Good","CLEAN","0","0"
"1072","source-file","10_নৈতিকতা, মূল্যবোধ ও সু-শাসন","একজন ডাক্তার গ্রামে পোস্টিং পেয়ে সেখানে না গিয়ে শহরেই থেকে যাওয়ার চেষ্টা করেন","94","Good","CLEAN","0","0"
"1073","source-file","10_নৈতিকতা, মূল্যবোধ ও সু-শাসন","সুশাসন প্রতিষ্ঠায় 'জাতীয় শুদ্ধাচার কৌশল' (National Integrity Strategy) প্রণয়ন","94","Good","CLEAN","0","0"
"1074","source-file","10_নৈতিকতা, মূল্যবোধ ও সু-শাসন","অন্যের মতের সাথে দ্বিমত থাকলেও তাকে কথা বলতে দেওয়া— এটি সুশাসনের কোন সামাজিক ভি","94","Good","AUTO","0","1"
"1075","source-file","10_নৈতিকতা, মূল্যবোধ ও সু-শাসন","সরকারি কাজে 'জবাবদিহিতা' (Accountability) নিশ্চিত করতে কোন প্রতিষ্ঠানটি সবচেয়ে ","94","Good","CLEAN","0","0"
"1076","source-file","10_নৈতিকতা, মূল্যবোধ ও সু-শাসন","একজন ব্যক্তি তার কাজের জন্য ভুল স্বীকার করে ক্ষমা চাইলেন। এটি তার চরিত্রের কোন দ","94","Good","CLEAN","0","0"
"1077","source-file","10_নৈতিকতা, মূল্যবোধ ও সু-শাসন","ডিজিটাল বাংলাদেশ বা 'স্মার্ট বাংলাদেশ' রূপকল্প সুশাসন প্রতিষ্ঠায় কীভাবে সাহায্য","94","Good","CLEAN","0","0"
"1078","source-file","10_নৈতিকতা, মূল্যবোধ ও সু-শাসন","সমাজে 'উপযোগবাদ' (Utilitarianism) নীতির সাধারণ ধারণা কী?","94","Good","CLEAN","0","0"
"1079","source-file","10_নৈতিকতা, মূল্যবোধ ও সু-শাসন","প্রশাসনে 'মেধাতন্ত্র' (Meritocracy) বলতে কী বোঝায়?","94","Good","CLEAN","0","0"
"1080","source-file","10_নৈতিকতা, মূল্যবোধ ও সু-শাসন","রাস্তায় দুর্ঘটনায় আহত ব্যক্তিকে দেখে ছবি না তুলে হাসপাতালে নিয়ে যাওয়া— এটি ক","94","Good","AUTO","0","1"
"1081","source-file","10_নৈতিকতা, মূল্যবোধ ও সু-শাসন","সুশাসনে 'সংখ্যালঘু অধিকার' (Minority Rights) সংরক্ষণ কেন গুরুত্বপূর্ণ?","94","Good","CLEAN","0","0"
"1082","source-file","10_নৈতিকতা, মূল্যবোধ ও সু-শাসন","একজন সরকারি কর্মকর্তা তার কাজের গোপনীয়তা বজায় রাখার শপথ নেন। কিন্তু দুর্নীতির ","94","Good","CLEAN","0","0"
"1083","source-file","10_নৈতিকতা, মূল্যবোধ ও সু-শাসন","সামাজিক যোগাযোগ মাধ্যমে না জেনে কোনো সংবাদ শেয়ার না করা— এটি কোন ধরনের সচেতনতা?","94","Good","AUTO","0","1"
"1084","source-file","10_নৈতিকতা, মূল্যবোধ ও সু-শাসন","সুশাসনে 'কার্যকারিতা ও দক্ষতা' (Effectiveness and Efficiency) বলতে কী বোঝায়?","94","Good","CLEAN","0","0"
"1085","source-file","10_নৈতিকতা, মূল্যবোধ ও সু-শাসন","'দেশপ্রেম' (Patriotism) সুশাসনে কীভাবে ভূমিকা রাখে?","94","Good","CLEAN","0","0"
"1086","source-file","10_নৈতিকতা, মূল্যবোধ ও সু-শাসন","'ভোক্তা অধিকার সংরক্ষণ' কেন সুশাসনের একটি অংশ?","94","Good","CLEAN","0","0"
"1087","source-file","10_নৈতিকতা, মূল্যবোধ ও সু-শাসন","'উদারতা' (Open-mindedness) সুশাসনের কোন দিকটিতে প্রভাব ফেলে?","94","Good","CLEAN","0","0"
"1088","source-file","10_নৈতিকতা, মূল্যবোধ ও সু-শাসন","একজন চাকরিপ্রার্থী ঘুষ দিয়ে চাকরি নেওয়ার সুযোগ পেয়েও তা প্রত্যাখ্যান করলেন। এ","94","Good","CLEAN","0","0"
"1089","source-file","10_নৈতিকতা, মূল্যবোধ ও সু-শাসন","সুশাসন প্রতিষ্ঠায় 'দায়িত্বশীলতা' (Responsibility) এবং 'জবাবদিহিতা' (Accountabi","94","Good","CLEAN","0","0"
"1090","source-file","10_নৈতিকতা, মূল্যবোধ ও সু-শাসন","'সুশীল সমাজ' (Civil Society) রাষ্ট্রে কী ভূমিকা পালন করে?","94","Good","CLEAN","0","0"
"1091","source-file","10_নৈতিকতা, মূল্যবোধ ও সু-শাসন","সমাজে 'শ্রমিকদের ন্যায্য মজুরি' প্রদান না করা কোন ধরনের মূল্যবোধের অভাব?","94","Good","CLEAN","0","0"
"1092","source-file","10_নৈতিকতা, মূল্যবোধ ও সু-শাসন","'প্রতিক্রিয়াশীলতা' (Responsiveness) সুশাসনের একটি উপাদান। এর সাধারণ অর্থ কী?","94","Good","CLEAN","0","0"
"1093","source-file","10_নৈতিকতা, মূল্যবোধ ও সু-শাসন","পরিবার থেকে শিশু কী ধরনের প্রাথমিক মূল্যবোধ শেখে?","94","Good","CLEAN","0","0"
"1094","source-file","10_নৈতিকতা, মূল্যবোধ ও সু-শাসন","সরকারি হাসপাতালে কর্মরত একজন চিকিৎসকের মূল নৈতিক দায়িত্ব কী?","94","Good","CLEAN","0","0"
"1095","source-file","10_নৈতিকতা, মূল্যবোধ ও সু-শাসন","সুশাসনে 'সংবিধানের শ্রেষ্ঠত্ব' (Supremacy of Constitution) বলতে কী বোঝায়?","94","Good","CLEAN","0","0"
"1096","source-file","10_নৈতিকতা, মূল্যবোধ ও সু-শাসন","'কালো টাকা' বা অবৈধ অর্থ নির্বাচনে ব্যবহার করলে কী ক্ষতি হয়?","94","Good","CLEAN","0","0"
"1097","source-file","10_নৈতিকতা, মূল্যবোধ ও সু-শাসন","একজন ব্যবসায়ী কৃত্রিম সংকট তৈরি করে পণ্যের দাম বাড়িয়ে দিলেন। এটি কোন ধরনের অপ","94","Good","CLEAN","0","0"
"1098","source-file","10_নৈতিকতা, মূল্যবোধ ও সু-শাসন","সুশাসন প্রতিষ্ঠায় 'অবাধ ও সুষ্ঠু নির্বাচন' কেন অপরিহার্য?","94","Good","CLEAN","0","0"
"1099","source-file","10_নৈতিকতা, মূল্যবোধ ও সু-শাসন","সমাজে 'সাংস্কৃতিক আগ্রাসন' রোধ করতে কোন মূল্যবোধের চর্চা প্রয়োজন?","94","Good","CLEAN","0","0"
"1100","source-file","10_নৈতিকতা, মূল্যবোধ ও সু-শাসন","'পাবলিক সার্ভিস কমিশন' (PSC)-এর মতো প্রতিষ্ঠানগুলো স্বাধীনভাবে কাজ করলে সমাজে কো","94","Good","CLEAN","0","0"
"1101","source-file","10_নৈতিকতা, মূল্যবোধ ও সু-শাসন","'নৈতিকতা' (Ethics) এবং 'আইন' (Law) এর মধ্যে সবচেয়ে সাধারণ পার্থক্য কোনটি?","94","Good","CLEAN","0","0"
"1102","source-file","10_নৈতিকতা, মূল্যবোধ ও সু-শাসন","'দুর্নীতি দমন কমিশন' (ACC) কার্যকর ভূমিকা রাখলে সুশাসনের কোন দিকটি সবচেয়ে বেশি ","94","Good","CLEAN","0","0"
"1103","source-file","10_নৈতিকতা, মূল্যবোধ ও সু-শাসন","'মানবাধিকার' (Human Rights) রক্ষা করা কোন ধরনের মূল্যবোধ?","94","Good","CLEAN","0","0"
"1104","source-file","10_নৈতিকতা, মূল্যবোধ ও সু-শাসন","'Justice delayed is justice denied'— কথাটির মাধ্যমে সুশাসনের কোন অভাবকে নির্দেশ ","94","Good","AUTO","0","1"
"1105","source-file","10_নৈতিকতা, মূল্যবোধ ও সু-শাসন","""কর্তব্যের জন্য কর্তব্য""— ইমানুয়েল কান্টের এই উক্তির বাস্তব উদাহরণ কোনটি?","94","Good","AUTO","0","1"
"1106","source-file","10_নৈতিকতা, মূল্যবোধ ও সু-শাসন","সুশাসনে 'পরিবেশ সংরক্ষণ' কেন জরুরি?","94","Good","CLEAN","0","0"
"1107","source-file","10_নৈতিকতা, মূল্যবোধ ও সু-শাসন","নাগরিকের 'কর্তব্যনিষ্ঠা' রাষ্ট্রে কী প্রভাব ফেলে?","94","Good","CLEAN","0","0"
"1108","source-file","10_নৈতিকতা, মূল্যবোধ ও সু-শাসন","'স্থানীয় সরকার' (যেমন- ইউনিয়ন পরিষদ) শক্তিশালী হলে গ্রামীণ সমাজে কোন মূল্যবোধে","94","Good","CLEAN","0","0"
"1109","source-file","10_নৈতিকতা, মূল্যবোধ ও সু-শাসন","""আইনের শাসন"" (Rule of Law) না থাকলে সমাজে কোন নীতি প্রতিষ্ঠিত হয়?","94","Good","CLEAN","0","0"
"1110","source-file","10_নৈতিকতা, মূল্যবোধ ও সু-শাসন","সরকারি কাজে 'জনবান্ধব মানসিকতা' বলতে কী বোঝায়?","94","Good","CLEAN","0","0"
"1111","source-file","10_নৈতিকতা, মূল্যবোধ ও সু-শাসন","'সুশীল সমাজ' (Civil Society) যখন সরকারের ভুলগুলোর গঠনমূলক সমালোচনা করে, তখন সুশা","94","Good","CLEAN","0","0"
"1112","source-file","10_নৈতিকতা, মূল্যবোধ ও সু-শাসন","'মূল্যবোধ' ও 'সুশাসন' একে অপরের পরিপূরক— কথাটির অর্থ কী?","94","Good","AUTO","0","1"
"1113","source-file","10_নৈতিকতা, মূল্যবোধ ও সু-শাসন","পরিশেষে, একটি রাষ্ট্রে টেকসই সুশাসন প্রতিষ্ঠার জন্য সবচেয়ে বেশি কিসের প্রয়োজন?","94","Good","CLEAN","0","0"
"1114","source-file","10_নৈতিকতা, মূল্যবোধ ও সু-শাসন","জাতীয় উন্নয়নের একক ও সবচেয়ে গুরুত্বপূর্ণ নিয়ামক হিসেবে 'সুশাসন'কে কে আখ্যায়","94","Good","CLEAN","0","0"
"1115","source-file","10_নৈতিকতা, মূল্যবোধ ও সু-শাসন","একটি রাষ্ট্রের সার্বিক উন্নয়ন মূলত কিসের ওপর সবচেয়ে বেশি নির্ভরশীল?","94","Good","CLEAN","0","0"
"1116","source-file","10_নৈতিকতা, মূল্যবোধ ও সু-শাসন","জাতীয় উন্নয়নে 'আইনের শাসন' (Rule of Law) কীভাবে সরাসরি ভূমিকা রাখে?","94","Good","CLEAN","0","0"
"1117","source-file","10_নৈতিকতা, মূল্যবোধ ও সু-শাসন","""দুর্নীতি হলো জাতীয় উন্নয়নের প্রধান শত্রু""— দুর্নীতি রোধে সুশাসনের কোন উপাদানট","94","Good","AUTO","0","1"
"1118","source-file","10_নৈতিকতা, মূল্যবোধ ও সু-শাসন","একটি উন্নয়নশীল দেশে 'মেধাপাচার' (Brain drain) রোধ করতে সুশাসনের কোন নীতিটি বাস্","94","Good","CLEAN","0","0"
"1119","source-file","10_নৈতিকতা, মূল্যবোধ ও সু-শাসন","সুশাসনের 'অংশগ্রহণমূলক' (Participatory) উপাদানটি কীভাবে জাতীয় উন্নয়নকে ত্বরান্","94","Good","CLEAN","0","0"
"1120","source-file","10_নৈতিকতা, মূল্যবোধ ও সু-শাসন","জাতীয় উন্নয়নের সাথে 'সহনশীলতা' ও 'পরমতসহিষ্ণুতা'র সম্পর্ক কী?","94","Good","CLEAN","0","0"
"1121","source-file","10_নৈতিকতা, মূল্যবোধ ও সু-শাসন","'মানব উন্নয়ন সূচক' (HDI) বৃদ্ধিতে সুশাসনের কোন দিকটি সবচেয়ে বেশি প্রভাব ফেলে?","94","Good","CLEAN","0","0"
"1122","source-file","10_নৈতিকতা, মূল্যবোধ ও সু-শাসন","রাষ্ট্রে 'আমলাতান্ত্রিক দীর্ঘসূত্রতা' বা লাল ফিতার দৌরাত্ম্য থাকলে জাতীয় উন্নয়","94","Good","CLEAN","0","0"
"1123","source-file","10_নৈতিকতা, মূল্যবোধ ও সু-শাসন","জাতীয় উন্নয়নের লক্ষ্য অর্জনে 'সুশীল সমাজ' (Civil Society) মূলত কী ভূমিকা পালন ","94","Good","CLEAN","0","0"
"1124","source-file","10_নৈতিকতা, মূল্যবোধ ও সু-শাসন","উন্নয়নের একটি গুরুত্বপূর্ণ সূচক হলো 'দারিদ্র্য বিমোচন'। সুশাসন কীভাবে দারিদ্র্য","94","Good","CLEAN","0","0"
"1125","source-file","10_নৈতিকতা, মূল্যবোধ ও সু-শাসন","'তথ্য অধিকার আইন' (Right to Information) জাতীয় উন্নয়নে কীভাবে অনুঘটক হিসেবে কা","94","Good","CLEAN","0","0"
"1126","source-file","10_নৈতিকতা, মূল্যবোধ ও সু-শাসন","একটি দেশের 'বিদেশি প্রত্যক্ষ বিনিয়োগ' (FDI) আকর্ষণে কোন বিষয়টি সবচেয়ে বেশি ইত","94","Good","CLEAN","0","0"
"1127","source-file","10_নৈতিকতা, মূল্যবোধ ও সু-শাসন","সুশাসনের অভাব এবং মূল্যবোধের অবক্ষয় ঘটলে জাতীয় সম্পদের কী পরিণতি হয়?","94","Good","CLEAN","0","0"
"1128","source-file","10_নৈতিকতা, মূল্যবোধ ও সু-শাসন","'টেকসই উন্নয়ন' (Sustainable Development) অর্জনের জন্য নাগরিকের কোন মূল্যবোধটি অ","94","Good","CLEAN","0","0"
"1129","source-file","10_নৈতিকতা, মূল্যবোধ ও সু-শাসন","সুশাসনের 'কার্যকারিতা ও দক্ষতা' (Effectiveness and Efficiency) জাতীয় অর্থনীতিতে","94","Good","CLEAN","0","0"
"1130","source-file","10_নৈতিকতা, মূল্যবোধ ও সু-শাসন","সমাজে 'বৈষম্যহীনতা' ও 'সাম্য' প্রতিষ্ঠিত হলে জাতীয় উন্নয়নে তার কী প্রভাব পড়ে?","94","Good","CLEAN","0","0"
"1131","source-file","10_নৈতিকতা, মূল্যবোধ ও সু-শাসন","জাতীয় উন্নয়নে 'নারী ক্ষমতায়ন' নিশ্চিত করতে সুশাসনের কোন নীতিটি সবচেয়ে জরুরি?","94","Good","CLEAN","0","0"
"1132","source-file","10_নৈতিকতা, মূল্যবোধ ও সু-শাসন","সরকারি কেনাকাটায় বা দরপত্রে (Tender) ই-গভর্ন্যান্সের ব্যবহার জাতীয় উন্নয়নে কী","94","Good","CLEAN","0","0"
"1133","source-file","10_নৈতিকতা, মূল্যবোধ ও সু-শাসন","'স্বাধীন বিচার বিভাগ' জাতীয় উন্নয়নে কেন অপরিহার্য?","94","Good","CLEAN","0","0"
"1134","source-file","10_নৈতিকতা, মূল্যবোধ ও সু-শাসন","জাতীয় শুদ্ধাচার কৌশল (National Integrity Strategy) বাস্তবায়নের মূল লক্ষ্য কী?","94","Good","CLEAN","0","0"
"1135","source-file","10_নৈতিকতা, মূল্যবোধ ও সু-শাসন","'স্থানীয় সরকার' (Local Government) শক্তিশালী করার মাধ্যমে কীভাবে জাতীয় উন্নয়ন","94","Good","CLEAN","0","0"
"1136","source-file","10_নৈতিকতা, মূল্যবোধ ও সু-শাসন","একটি দেশের উন্নয়নে 'রাজনৈতিক ঐকমত্য' (Political Consensus) কেন প্রয়োজন?","94","Good","CLEAN","0","0"
"1137","source-file","10_নৈতিকতা, মূল্যবোধ ও সু-শাসন","মূল্যবোধের অবক্ষয়জনিত 'কিশোর অপরাধ' বৃদ্ধি জাতীয় উন্নয়নে কী ধরনের নেতিবাচক প্","94","Good","CLEAN","0","0"
"1138","source-file","10_নৈতিকতা, মূল্যবোধ ও সু-শাসন","সুশাসনে 'দায়িত্বশীলতা' (Responsibility) নামক নৈতিক গুণটি জাতীয় উন্নয়নে কীভাবে","94","Good","CLEAN","0","0"
"1139","source-file","10_নৈতিকতা, মূল্যবোধ ও সু-শাসন","'ভোক্তা অধিকার সংরক্ষণ' আইন কার্যকরভাবে বাস্তবায়িত হলে জাতীয় অর্থনীতির কোন দিক","94","Good","CLEAN","0","0"
"1140","source-file","10_নৈতিকতা, মূল্যবোধ ও সু-শাসন","'ডিজিটাল বাংলাদেশ' বা 'স্মার্ট বাংলাদেশ' রূপকল্প মূলত সুশাসনের কোন হাতিয়ারের মা","94","Good","CLEAN","0","0"
"1141","source-file","10_নৈতিকতা, মূল্যবোধ ও সু-শাসন","জাতীয় উন্নয়নে 'শ্রমের মর্যাদা' (Dignity of labour) নামক মূল্যবোধের ভূমিকা কী?","94","Good","CLEAN","0","0"
"1142","source-file","10_নৈতিকতা, মূল্যবোধ ও সু-শাসন","জাতিসংঘের 'টেকসই উন্নয়ন লক্ষ্যমাত্রা' (SDGs)-এর ১৬ নম্বর লক্ষ্যে সুশাসনের কোন ব","94","Good","CLEAN","0","0"
"1143","source-file","10_নৈতিকতা, মূল্যবোধ ও সু-শাসন","'মেধাস্বত্ব আইন' (Intellectual Property Rights) বাস্তবায়ন জাতীয় উন্নয়নে কীভাব","94","Good","CLEAN","0","0"
"1144","source-file","10_নৈতিকতা, মূল্যবোধ ও সু-শাসন","ব্যক্তিজীবনে 'সততা' নামক নৈতিক মূল্যবোধ জাতীয় উন্নয়নে কোন ভয়াবহ ব্যাধি দূর কর","94","Good","CLEAN","0","0"
"1145","source-file","10_নৈতিকতা, মূল্যবোধ ও সু-শাসন","সমাজে 'বৈষম্যমূলক আচরণ' (Discrimination) থাকলে জাতীয় উন্নয়নে তার কী প্রভাব পড়","94","Good","CLEAN","0","0"
"1146","source-file","10_নৈতিকতা, মূল্যবোধ ও সু-শাসন","জাতীয় জীবনে 'দেশপ্রেম' (Patriotism) কীভাবে অর্থনৈতিক উন্নয়নে সাহায্য করে?","94","Good","CLEAN","0","0"
"1147","source-file","10_নৈতিকতা, মূল্যবোধ ও সু-শাসন","একটি রাষ্ট্রের 'আন্তর্জাতিক ভাবমূর্তি' উজ্জ্বল হলে উন্নয়নে কী প্রভাব পড়ে?","94","Good","CLEAN","0","0"
"1148","source-file","10_নৈতিকতা, মূল্যবোধ ও সু-শাসন","সুশাসনে 'স্বচ্ছতা' (Transparency) নীতি ব্যাংকিং খাতে কীভাবে উন্নয়ন নিশ্চিত করে?","94","Good","CLEAN","0","0"
"1149","source-file","10_নৈতিকতা, মূল্যবোধ ও সু-শাসন","সরকারি কর্মকর্তাদের মধ্যে 'জনবান্ধব মানসিকতা' বা সেবার মূল্যবোধ জাতীয় উন্নয়নে ","94","Good","CLEAN","0","0"
"1150","source-file","10_নৈতিকতা, মূল্যবোধ ও সু-শাসন","'সামাজিক নিরাপত্তা বেষ্টনী' (Social Safety Net) কর্মসূচি সুশাসনের কোন লক্ষ্যের স","94","Good","CLEAN","0","0"
"1151","source-file","10_নৈতিকতা, মূল্যবোধ ও সু-শাসন","'গণমাধ্যম' স্বাধীনভাবে কাজ করলে জাতীয় উন্নয়নে তা কীভাবে সাহায্য করে?","94","Good","CLEAN","0","0"
"1152","source-file","10_নৈতিকতা, মূল্যবোধ ও সু-শাসন","সুশাসনে 'নিয়মকানুন সহজীকরণ' (Simplification of procedures) কীভাবে অর্থনৈতিক উন্","94","Good","CLEAN","0","0"
"1153","source-file","10_নৈতিকতা, মূল্যবোধ ও সু-শাসন","'নির্বাচনে কালো টাকার প্রভাব' জাতীয় উন্নয়নকে কীভাবে ব্যাহত করে?","94","Good","CLEAN","0","0"
"1154","source-file","10_নৈতিকতা, মূল্যবোধ ও সু-শাসন","'ন্যায়পাল' (Ombudsman) ব্যবস্থার সফল প্রয়োগ জাতীয় উন্নয়নে কী ভূমিকা রাখে?","94","Good","CLEAN","0","0"
"1155","source-file","10_নৈতিকতা, মূল্যবোধ ও সু-শাসন","জাতীয় জীবনে 'নৈতিকতা' (Ethics) কীভাবে মানবসম্পদ উন্নয়নে ভূমিকা রাখে?","94","Good","CLEAN","0","0"
"1156","source-file","10_নৈতিকতা, মূল্যবোধ ও সু-শাসন","'পরমতসহিষ্ণুতা' (Tolerance) না থাকলে কোনো দেশে কাঙ্ক্ষিত উন্নয়ন হয় না কেন?","94","Good","CLEAN","0","0"
"1157","source-file","10_নৈতিকতা, মূল্যবোধ ও সু-শাসন","'কর্তব্যনিষ্ঠা' নামক মূল্যবোধটি জাতীয় জীবনে কেন অত্যন্ত গুরুত্বপূর্ণ?","94","Good","AUTO","0","1"
"1158","source-file","10_নৈতিকতা, মূল্যবোধ ও সু-শাসন","পরিবেশ রক্ষায় 'বর্জ্য ব্যবস্থাপনা' ও 'দূষণ নিয়ন্ত্রণ' আইন মেনে চলা সুশাসনের কো","94","Good","CLEAN","0","0"
"1159","source-file","10_নৈতিকতা, মূল্যবোধ ও সু-শাসন","'জনগণের অংশগ্রহণ' (Public Participation) বাজেট প্রণয়নে কীভাবে সুফল বয়ে আনে?","94","Good","CLEAN","0","0"
"1160","source-file","10_নৈতিকতা, মূল্যবোধ ও সু-শাসন","'মৌলিক অধিকার' (Fundamental Rights) রক্ষা করা সুশাসনের একটি বড় কাজ। এটি উন্নয়ন","94","Good","CLEAN","0","0"
"1161","source-file","10_নৈতিকতা, মূল্যবোধ ও সু-শাসন","'ক্ষমতা স্বতন্ত্রীকরণ' (Separation of Powers) নীতি জাতীয় উন্নয়নকে কীভাবে পরোক্","94","Good","CLEAN","0","0"
"1162","source-file","10_নৈতিকতা, মূল্যবোধ ও সু-শাসন","সমাজে 'সহমর্মিতা' (Empathy) নামক মূল্যবোধটি থাকলে জাতীয় উন্নয়নের কোন দিকটি সবচ","94","Good","CLEAN","0","0"
"1163","source-file","10_নৈতিকতা, মূল্যবোধ ও সু-শাসন","'শুদ্ধাচার' (Integrity) বলতে কেবল আর্থিক দুর্নীতি না করাকে বোঝায় না, বরং আর কী ","94","Good","CLEAN","0","0"
"1164","source-file","10_নৈতিকতা, মূল্যবোধ ও সু-শাসন","সুশাসনে 'সংখ্যালঘুদের নিরাপত্তা ও অধিকার' নিশ্চিত করা জাতীয় উন্নয়নে কেন জরুরি?","94","Good","CLEAN","0","0"
"1165","source-file","10_নৈতিকতা, মূল্যবোধ ও সু-শাসন","'উদারতা' (Open-mindedness) ও 'গঠনমূলক সমালোচনা গ্রহণের মানসিকতা' সরকারকে কীভাবে ","94","Good","CLEAN","0","0"
"1166","source-file","10_নৈতিকতা, মূল্যবোধ ও সু-শাসন","জাতীয় উন্নয়নে 'সামাজিক পুঁজি' (Social Capital) বলতে মূলত কী বোঝায়?","94","Good","CLEAN","0","0"
"1167","source-file","10_নৈতিকতা, মূল্যবোধ ও সু-শাসন","'পাবলিক সার্ভিস কমিশন' (PSC) যদি রাজনৈতিক প্রভাবমুক্ত থাকে, তবে জাতীয় উন্নয়নে ","94","Good","CLEAN","0","0"
"1168","source-file","10_নৈতিকতা, মূল্যবোধ ও সু-শাসন","'কালো টাকা সাদা করার সুযোগ' দেওয়া হলে তা সুশাসনের কোন নীতির পরিপন্থি এবং উন্নয়","94","Good","CLEAN","0","0"
"1169","source-file","10_নৈতিকতা, মূল্যবোধ ও সু-শাসন","'হুইসেলব্লোয়ার' (Whistleblower) বা দুর্নীতি ফাঁসকারীকে সুরক্ষা আইন প্রদান করলে ","94","Good","CLEAN","0","0"
"1170","source-file","10_নৈতিকতা, মূল্যবোধ ও সু-শাসন","'বিচারিক দীর্ঘসূত্রতা' (Justice delayed) জাতীয় উন্নয়নকে কীভাবে ব্যাহত করে?","94","Good","CLEAN","0","0"
"1171","source-file","10_নৈতিকতা, মূল্যবোধ ও সু-শাসন","সমাজে 'পরশ্রীকাতরতা' (হিংসা) নামক নেতিবাচক মূল্যবোধ বৃদ্ধি পেলে জাতীয় ঐক্যে কী ","94","Good","CLEAN","0","0"
"1172","source-file","10_নৈতিকতা, মূল্যবোধ ও সু-শাসন","জাতীয় উন্নয়নে 'সুশাসনের' একটি বড় লক্ষ্য হলো 'বৈধতা' (Legitimacy) নিশ্চিত করা।","94","Good","CLEAN","0","0"
"1173","source-file","10_নৈতিকতা, মূল্যবোধ ও সু-শাসন","একজন ব্যবসায়ী কৃত্রিম সংকট তৈরি করে পণ্যের দাম বাড়ানো থেকে বিরত থাকলেন। এটি জা","94","Good","CLEAN","0","0"
"1174","source-file","10_নৈতিকতা, মূল্যবোধ ও সু-শাসন","'আইনের চোখে সবাই সমান' (Equality before law)— এই নীতিটি জাতীয় উন্নয়নে কেন অত্য","94","Good","AUTO","0","1"
"1175","source-file","10_নৈতিকতা, মূল্যবোধ ও সু-শাসন","সুশাসনে 'স্বচ্ছতা' (Transparency) নিশ্চিত হলে গুজব ও অস্থিতিশীলতা কেন কমে যায়?","94","Good","CLEAN","0","0"
"1176","source-file","10_নৈতিকতা, মূল্যবোধ ও সু-শাসন","'ভোটের অধিকার প্রয়োগ করা' নাগরিকের জীবনে কেন একটি গুরুত্বপূর্ণ মূল্যবোধ এবং উন্","94","Good","CLEAN","0","0"
"1177","source-file","10_নৈতিকতা, মূল্যবোধ ও সু-শাসন","সমাজে 'শ্রমিকদের ন্যায্য মজুরি' প্রদান না করা কোন ধরনের মূল্যবোধের অভাব এবং উন্ন","94","Good","CLEAN","0","0"
"1178","source-file","10_নৈতিকতা, মূল্যবোধ ও সু-শাসন","'দুর্নীতি দমন কমিশন' (ACC) কার্যকর হলে জাতীয় অর্থনীতির কী লাভ হয়?","94","Good","CLEAN","0","0"
"1179","source-file","10_নৈতিকতা, মূল্যবোধ ও সু-শাসন","'অ্যাডভোকেসি' বা জনসচেতনতামূলক প্রচারণার মাধ্যমে সুশীল সমাজ জাতীয় উন্নয়নে কী ভ","94","Good","CLEAN","0","0"
"1180","source-file","10_নৈতিকতা, মূল্যবোধ ও সু-শাসন","'মানবাধিকার' (Human Rights) রক্ষা করা একটি রাষ্ট্রের উন্নয়নের প্রধান শর্ত কেন?","94","Good","CLEAN","0","0"
"1181","source-file","10_নৈতিকতা, মূল্যবোধ ও সু-শাসন","সুশাসনে 'ঐকমত্যমুখী' (Consensus-oriented) সিদ্ধান্ত জাতীয় উন্নয়নে কেন জরুরি?","94","Good","CLEAN","0","0"
"1182","source-file","10_নৈতিকতা, মূল্যবোধ ও সু-শাসন","'ডিজিটাল লিটারেসি' (Digital Literacy) বা তথ্যপ্রযুক্তির নৈতিক ব্যবহার জাতীয় উন্","94","Good","CLEAN","0","0"
"1183","source-file","10_নৈতিকতা, মূল্যবোধ ও সু-শাসন","জাতীয় উন্নয়নে 'সামাজিক পুঁজি' বা সোশ্যাল ক্যাপিটাল বৃদ্ধির অন্যতম উপায় কোনটি?","94","Good","CLEAN","0","0"
"1184","source-file","10_নৈতিকতা, মূল্যবোধ ও সু-শাসন","'সিটিজেনস চার্টার' বা নাগরিক সনদ সুশাসনে একজন নাগরিককে কীভাবে সাহায্য করে এবং উন","94","Good","CLEAN","0","0"
"1185","source-file","10_নৈতিকতা, মূল্যবোধ ও সু-শাসন","'ন্যায়বিচার' (Justice) বলতে সুশাসনে শুধু আইনি বিচার নয়, বরং উন্নয়নের ক্ষেত্রে","94","Good","CLEAN","0","0"
"1186","source-file","10_নৈতিকতা, মূল্যবোধ ও সু-শাসন","'উদারতা' ও 'সমালোচনা গ্রহণের মানসিকতা' সরকারকে কীভাবে জাতীয় উন্নয়নে সাহায্য কর","94","Good","CLEAN","0","0"
"1187","source-file","10_নৈতিকতা, মূল্যবোধ ও সু-শাসন","ব্যক্তিজীবনে 'সততা' ও 'নৈতিকতা'র অভাবে 'হোয়াইট কলার ক্রাইম' (ভদ্রবেশী অপরাধ) বা","94","Good","CLEAN","0","0"
"1188","source-file","10_নৈতিকতা, মূল্যবোধ ও সু-শাসন","'জাতীয় স্বার্থকে ব্যক্তিগত স্বার্থের ঊর্ধ্বে স্থান দেওয়া'— এটি রাষ্ট্র গঠনে কো","94","Good","AUTO","0","1"
"1189","source-file","10_নৈতিকতা, মূল্যবোধ ও সু-শাসন","'স্থানীয় সরকার' ব্যবস্থা শক্তিশালী হলে তৃণমূলের উন্নয়নে কী সুফল আসে?","94","Good","CLEAN","0","0"
"1190","source-file","10_নৈতিকতা, মূল্যবোধ ও সু-শাসন","সুশাসনে 'আইনের চোখে সমতা' (Equality before the law) নীতি লঙ্ঘিত হলে জাতীয় উন্নয","94","Good","CLEAN","0","0"
"1191","source-file","10_নৈতিকতা, মূল্যবোধ ও সু-শাসন","'পাবলিক সার্ভিস কমিশন' (PSC) এর মতো প্রতিষ্ঠানগুলো নিরপেক্ষ থাকলে জাতীয় উন্নয়ন","94","Good","CLEAN","0","0"
"1192","source-file","10_নৈতিকতা, মূল্যবোধ ও সু-শাসন","সুশাসন ও মূল্যবোধের অভাব একটি দেশের 'আন্তর্জাতিক ভাবমূর্তি' নষ্ট করে জাতীয় অর্থ","94","Good","CLEAN","0","0"
"1193","source-file","10_নৈতিকতা, মূল্যবোধ ও সু-শাসন","'পরিবেশ দূষণ রোধ' এবং 'বর্জ্য ব্যবস্থাপনা' মেনে চলা জাতীয় উন্নয়নে কেন অত্যাবশ্","94","Good","CLEAN","0","0"
"1194","source-file","10_নৈতিকতা, মূল্যবোধ ও সু-শাসন","সমাজে 'নারীর প্রতি সম্মান ও মর্যাদা' প্রদান করে তাদের মূলধারায় যুক্ত করা জাতীয়","94","Good","CLEAN","0","0"
"1195","source-file","10_নৈতিকতা, মূল্যবোধ ও সু-শাসন","'কালো টাকা' বা পেশিশক্তি ব্যবহার করে নির্বাচনে জয়ী হওয়ার প্রবণতা জাতীয় জীবনে ","94","Good","CLEAN","0","0"
"1196","source-file","10_নৈতিকতা, মূল্যবোধ ও সু-শাসন","সুশাসনে 'সংবিধানের শ্রেষ্ঠত্ব' (Supremacy of Constitution) বলতে কী বোঝায় এবং এট","94","Good","CLEAN","0","0"
"1197","source-file","10_নৈতিকতা, মূল্যবোধ ও সু-শাসন","একজন সরকারি চিকিৎসক তার পেশাগত দায়িত্ব পালনে অবহেলা করলেন। এটি তার কোন মূল্যবোধ","94","Good","CLEAN","0","0"
"1198","source-file","10_নৈতিকতা, মূল্যবোধ ও সু-শাসন","'সহমর্মিতা' (Empathy) নামক মূল্যবোধ জাতীয় দুর্যোগের সময় (যেমন- বন্যা বা মহামার","94","Good","CLEAN","0","0"
"1199","source-file","10_নৈতিকতা, মূল্যবোধ ও সু-শাসন","সুশাসন প্রতিষ্ঠায় 'রাষ্ট্রীয় ক্ষমতার অপব্যবহার' রোধে একজন শাসকের সবচেয়ে বড় র","94","Good","CLEAN","0","0"
"1200","source-file","10_নৈতিকতা, মূল্যবোধ ও সু-শাসন","'পাবলিক সার্ভিস' বা সরকারি সেবাকে 'চাকরি' না ভেবে 'সেবা' হিসেবে গ্রহণ করা কোন ধর","94","Good","CLEAN","0","0"
"1201","source-file","10_নৈতিকতা, মূল্যবোধ ও সু-শাসন","'ভোক্তা অধিকার সংরক্ষণ' আইন বাস্তবায়ন সুশাসন ও মূল্যবোধের কোন দিকটিকে তুলে ধরে ","94","Good","CLEAN","0","0"
"1202","source-file","10_নৈতিকতা, মূল্যবোধ ও সু-শাসন","সমাজে পরশ্রীকাতরতা ও হিংসার মতো নেতিবাচক মূল্যবোধ বৃদ্ধি পেলে সুশাসনের কোন উপাদা","94","Good","CLEAN","0","0"
"1203","source-file","10_নৈতিকতা, মূল্যবোধ ও সু-শাসন","""Justice delayed is justice denied""— বিচারিক দীর্ঘসূত্রতা জাতীয় উন্নয়নে কীভাবে","94","Good","AUTO","0","1"
"1204","source-file","10_নৈতিকতা, মূল্যবোধ ও সু-শাসন","সুশাসনে 'স্বচ্ছতা' (Transparency) বলতে কেবল তথ্য প্রকাশ নয়, বরং আর কী বোঝায়?","94","Good","CLEAN","0","0"
"1205","source-file","10_নৈতিকতা, মূল্যবোধ ও সু-শাসন","নাগরিকের 'কর্তব্যনিষ্ঠা' (Devotion to duty) সুশাসনের চাকাকে সচল রেখে জাতীয় উন্ন","94","Good","CLEAN","0","0"
"1206","source-file","10_নৈতিকতা, মূল্যবোধ ও সু-শাসন","সুশাসনে 'সংখ্যালঘুদের নিরাপত্তা' নিশ্চিত করা জাতীয় উন্নয়নে কেন একটি গুরুত্বপূর","94","Good","CLEAN","0","0"
"1207","source-file","10_নৈতিকতা, মূল্যবোধ ও সু-শাসন","""Power corrupts and absolute power corrupts absolutely"" – এই নৈতিক স্খলন রোধে সু","94","Good","AUTO","0","1"
"1208","source-file","10_নৈতিকতা, মূল্যবোধ ও সু-শাসন","মূল্যবোধের অবক্ষয় রোধে 'সাংস্কৃতিক কর্মকাণ্ড' কীভাবে সুশাসনে ও জাতীয় উন্নয়নে ","94","Good","CLEAN","0","0"
"1209","source-file","10_নৈতিকতা, মূল্যবোধ ও সু-শাসন","সুশাসনে 'বৈধতা' (Legitimacy) উপাদানের সাথে কোন রাজনৈতিক মূল্যবোধ জড়িত এবং উন্নয","94","Good","CLEAN","0","0"
"1210","source-file","10_নৈতিকতা, মূল্যবোধ ও সু-শাসন","'অ্যাডভোকেসি' বা জনসচেতনতামূলক প্রচারণার মাধ্যমে সুশীল সমাজ জাতীয় উন্নয়নে কী ক","94","Good","CLEAN","0","0"
"1211","source-file","10_নৈতিকতা, মূল্যবোধ ও সু-শাসন","'মূল্যবোধ' ও 'সুশাসন' একে অপরের পরিপূরক— এই ধারণার বাস্তব প্রয়োগ জাতীয় উন্নয়ন","94","Good","AUTO","0","1"
"1212","source-file","10_নৈতিকতা, মূল্যবোধ ও সু-শাসন","পরিশেষে, একটি রাষ্ট্রে টেকসই জাতীয় উন্নয়ন (Sustainable National Development) অ","94","Good","CLEAN","0","0"
"1213","source-file","10_নৈতিকতা, মূল্যবোধ ও সু-শাসন","একজন নাগরিকের ব্যক্তিগত জীবনে মূল্যবোধের প্রাথমিক ও প্রধান গুরুত্ব কী?","94","Good","CLEAN","0","0"
"1214","source-file","10_নৈতিকতা, মূল্যবোধ ও সু-শাসন","নাগরিকের 'দেশপ্রেম' ও 'আনুগত্য' মূলত কোন ধরনের আদর্শ গঠনে সাহায্য করে?","94","Good","CLEAN","0","0"
"1215","source-file","10_নৈতিকতা, মূল্যবোধ ও সু-শাসন","একজন সৎ নাগরিক কেন স্বতঃস্ফূর্তভাবে আয়কর প্রদান করেন?","94","Good","CLEAN","0","0"
"1216","source-file","10_নৈতিকতা, মূল্যবোধ ও সু-শাসন","সমাজে 'পরমতসহিষ্ণুতা' (Tolerance) চর্চার সবচেয়ে বড় সুফল কোনটি?","94","Good","CLEAN","0","0"
"1217","source-file","10_নৈতিকতা, মূল্যবোধ ও সু-শাসন","ব্যক্তিগত জীবনে 'নিয়মানুবর্তিতা' (Punctuality) মূল্যবোধের গুরুত্ব কী?","94","Good","CLEAN","0","0"
"1218","source-file","10_নৈতিকতা, মূল্যবোধ ও সু-শাসন","সুশাসন একজন সাধারণ নাগরিকের জীবনে সবচেয়ে গুরুত্বপূর্ণ কোন বিষয়টি নিশ্চিত করে?","94","Good","CLEAN","0","0"
"1219","source-file","10_নৈতিকতা, মূল্যবোধ ও সু-শাসন","জাতীয় আদর্শ হিসেবে 'সামাজিক ন্যায়বিচার' (Social Justice) প্রতিষ্ঠায় সুশাসনের ","94","Good","CLEAN","0","0"
"1220","source-file","10_নৈতিকতা, মূল্যবোধ ও সু-শাসন","সমাজে মূল্যবোধের অবক্ষয় ঘটলে একজন সাধারণ নাগরিকের দৈনন্দিন জীবনে এর কী প্রভাব প","94","Good","CLEAN","0","0"
"1221","source-file","10_নৈতিকতা, মূল্যবোধ ও সু-শাসন","নাগরিকের 'আত্মসংযম' (Self-restraint) সুশাসন প্রতিষ্ঠায় কীভাবে সাহায্য করে?","94","Good","CLEAN","0","0"
"1222","source-file","10_নৈতিকতা, মূল্যবোধ ও সু-শাসন","সুশাসনের 'স্বচ্ছতা' (Transparency) নীতি সমাজ গঠনে কী ধরনের প্রভাব ফেলে?","94","Good","CLEAN","0","0"
"1223","source-file","10_নৈতিকতা, মূল্যবোধ ও সু-শাসন","জাতীয় আদর্শ হিসেবে 'দুর্নীতিমুক্ত বাংলাদেশ' গড়তে হলে শুধু আইনের শাসন যথেষ্ট নয","94","Good","CLEAN","0","0"
"1224","source-file","10_নৈতিকতা, মূল্যবোধ ও সু-শাসন","একটি সমাজের ভিত্তি মজবুত হয় কখন?","94","Good","CLEAN","0","0"
"1225","source-file","10_নৈতিকতা, মূল্যবোধ ও সু-শাসন","সুশাসনের অভাবে জাতীয় জীবনে 'মেধাপাচার' (Brain drain) কেন ঘটে?","94","Good","CLEAN","0","0"
"1226","source-file","10_নৈতিকতা, মূল্যবোধ ও সু-শাসন","'শ্রমের মর্যাদা' (Dignity of labour) নামক মূল্যবোধটি একটি আধুনিক রাষ্ট্র গঠনে কী","94","Good","CLEAN","0","0"
"1227","source-file","10_নৈতিকতা, মূল্যবোধ ও সু-শাসন","সুশাসনের অন্যতম প্রধান শর্ত 'অংশগ্রহণ' (Participation) নাগরিকের জীবনে কেন গুরুত্","94","Good","CLEAN","0","0"
"1228","source-file","10_নৈতিকতা, মূল্যবোধ ও সু-শাসন","'দায়িত্ববোধ' ও 'কর্তব্যনিষ্ঠা' ছাড়া জাতীয় আদর্শ গঠন সম্ভব নয় কেন?","94","Good","CLEAN","0","0"
"1229","source-file","10_নৈতিকতা, মূল্যবোধ ও সু-শাসন","সুশাসন ও মূল্যবোধের অভাবে সমাজে যখন 'জোর যার মুল্লুক তার' নীতি প্রতিষ্ঠিত হয়, ত","94","Good","CLEAN","0","0"
"1230","source-file","10_নৈতিকতা, মূল্যবোধ ও সু-শাসন","ব্যক্তিজীবনে 'সততা' (Honesty) নামক মূল্যবোধটি সুশাসনের কোন উপাদানটিকে সরাসরি শক্","94","Good","CLEAN","0","0"
"1231","source-file","10_নৈতিকতা, মূল্যবোধ ও সু-শাসন","জাতীয় সংহতি (National Integration) বজায় রাখতে কোন মূল্যবোধটি সবচেয়ে বেশি প্রয","94","Good","CLEAN","0","0"
"1232","source-file","10_নৈতিকতা, মূল্যবোধ ও সু-শাসন","সুশাসনের 'আইনের শাসন' নাগরিকের জীবনে কোন অনুভূতিটি তৈরি করে?","94","Good","AUTO","0","1"
"1233","source-file","10_নৈতিকতা, মূল্যবোধ ও সু-শাসন","ব্যক্তি, সমাজ ও রাষ্ট্রীয় জীবনে 'নৈতিকতা'র (Ethics) চূড়ান্ত লক্ষ্য কী?","94","Good","CLEAN","0","0"
"1234","source-file","10_নৈতিকতা, মূল্যবোধ ও সু-শাসন","'গণতান্ত্রিক মূল্যবোধ' (Democratic Values) জাতীয় আদর্শ হিসেবে কেন গুরুত্বপূর্ণ?","94","Good","CLEAN","0","0"
"1235","source-file","10_নৈতিকতা, মূল্যবোধ ও সু-শাসন","সুশাসন নিশ্চিত করতে হলে 'নাগরিক সমাজ' (Civil Society) বা সুশীল সমাজের ভূমিকা কেম","94","Good","CLEAN","0","0"
"1236","source-file","10_নৈতিকতা, মূল্যবোধ ও সু-শাসন","নাগরিক জীবনে 'সহমর্মিতা' (Empathy) মূল্যবোধটির অভাব ঘটলে সমাজে কী পরিণতি হয়?","94","Good","CLEAN","0","0"
"1237","source-file","10_নৈতিকতা, মূল্যবোধ ও সু-শাসন","সুশাসনে 'বিকেন্দ্রীকরণ' (Decentralization) একজন সাধারণ নাগরিকের জীবনে কী সুফল বয","94","Good","CLEAN","0","0"
"1238","source-file","10_নৈতিকতা, মূল্যবোধ ও সু-শাসন","'সংবিধানের প্রতি শর্তহীন আনুগত্য' একজন নাগরিকের কোন ধরনের মূল্যবোধের প্রকাশ?","94","Good","CLEAN","0","0"
"1239","source-file","10_নৈতিকতা, মূল্যবোধ ও সু-শাসন","একটি দেশের 'আন্তর্জাতিক ভাবমূর্তি' (International Image) উজ্জ্বল করতে সুশাসনের ভ","94","Good","CLEAN","0","0"
"1240","source-file","10_নৈতিকতা, মূল্যবোধ ও সু-শাসন","সমাজে 'মূল্যবোধের অবক্ষয়' রোধ করতে পরিবারের পর কার ভূমিকা সবচেয়ে গুরুত্বপূর্ণ?","94","Good","CLEAN","0","0"
"1241","source-file","10_নৈতিকতা, মূল্যবোধ ও সু-শাসন","জাতীয় আদর্শ হিসেবে 'টেকসই উন্নয়ন' (Sustainable Development) নিশ্চিত করতে কোন ম","94","Good","CLEAN","0","0"
"1242","source-file","10_নৈতিকতা, মূল্যবোধ ও সু-শাসন","সুশাসন প্রতিষ্ঠায় 'প্রতিক্রিয়াশীলতা' (Responsiveness) নাগরিকের জীবনে কেন স্বস্","94","Good","CLEAN","0","0"
"1243","source-file","10_নৈতিকতা, মূল্যবোধ ও সু-শাসন","ব্যক্তি জীবনে 'সাহসিকতা' (Courage) নামক মূল্যবোধটি সুশাসনে কীভাবে প্রভাব ফেলে?","94","Good","CLEAN","0","0"
"1244","source-file","10_নৈতিকতা, মূল্যবোধ ও সু-শাসন","'তথ্য অধিকার আইন' (Right to Information) একজন নাগরিককে কীভাবে ক্ষমতায়িত করে?","94","Good","CLEAN","0","0"
"1245","source-file","10_নৈতিকতা, মূল্যবোধ ও সু-শাসন","সমাজ গঠনে 'শিষ্টাচার' (Etiquette) ও 'ভদ্রতা'র গুরুত্ব কী?","94","Good","CLEAN","0","0"
"1246","source-file","10_নৈতিকতা, মূল্যবোধ ও সু-শাসন","একটি কল্যাণমূলক রাষ্ট্র (Welfare State) গঠনে সুশাসনের কোন উপাদানটি সবচেয়ে বেশি ","94","Good","CLEAN","0","0"
"1247","source-file","10_নৈতিকতা, মূল্যবোধ ও সু-শাসন","ব্যক্তিজীবনে 'মিতব্যয়িতা' (Frugality) নামক অর্থনৈতিক মূল্যবোধটি জাতীয় জীবনে কী","94","Good","CLEAN","0","0"
"1248","source-file","10_নৈতিকতা, মূল্যবোধ ও সু-শাসন","সুশাসনের অভাবে যখন 'স্বজনপ্রীতি' (Nepotism) বাড়ে, তখন সমাজের কোন মূল্যবোধটি সবচ","94","Good","CLEAN","0","0"
"1249","source-file","10_নৈতিকতা, মূল্যবোধ ও সু-শাসন","'ডিজিটাল বাংলাদেশ' বা 'স্মার্ট বাংলাদেশ' রূপকল্প সুশাসন প্রতিষ্ঠায় কীভাবে সাহায","94","Good","CLEAN","0","0"
"1250","source-file","10_নৈতিকতা, মূল্যবোধ ও সু-শাসন","নাগরিকের 'দেশপ্রেম' সুশাসনকে কীভাবে ত্বরান্বিত করে?","94","Good","CLEAN","0","0"
"1251","source-file","10_নৈতিকতা, মূল্যবোধ ও সু-শাসন","বিচার বিভাগের 'কার্যকারিতা ও দক্ষতা' না থাকলে একজন নাগরিকের জীবনে কী ঘটে?","94","Good","AUTO","0","1"
"1252","source-file","10_নৈতিকতা, মূল্যবোধ ও সু-শাসন","সমাজে 'পরশ্রীকাতরতা' (হিংসা) নামক নেতিবাচক মূল্যবোধ বৃদ্ধি পেলে জাতীয় আদর্শের ক","94","Good","CLEAN","0","0"
"1253","source-file","10_নৈতিকতা, মূল্যবোধ ও সু-শাসন","'উদারতা' (Open-mindedness) নামক মূল্যবোধ সুশাসনের কোন উপাদানটিকে সরাসরি সমর্থন ক","94","Good","CLEAN","0","0"
"1254","source-file","10_নৈতিকতা, মূল্যবোধ ও সু-শাসন","সুশাসনে 'দায়িত্বশীলতা' (Responsibility) এবং 'জবাবদিহিতা' (Accountability)-এর মধ","94","Good","CLEAN","0","0"
"1255","source-file","10_নৈতিকতা, মূল্যবোধ ও সু-শাসন","'ভোক্তা অধিকার সংরক্ষণ' আইন বাস্তবায়ন একজন নাগরিকের জীবনে কী সুফল বয়ে আনে?","94","Good","CLEAN","0","0"
"1256","source-file","10_নৈতিকতা, মূল্যবোধ ও সু-শাসন","সমাজে 'কিশোর অপরাধ' বৃদ্ধি মূলত কিসের ইঙ্গিত দেয়?","94","Good","CLEAN","0","0"
"1257","source-file","10_নৈতিকতা, মূল্যবোধ ও সু-শাসন","সুশাসনে 'ক্ষমতা স্বতন্ত্রীকরণ' (Separation of Powers) নীতি নাগরিক অধিকার রক্ষায়","94","Good","CLEAN","0","0"
"1258","source-file","10_নৈতিকতা, মূল্যবোধ ও সু-শাসন","একজন কর্মকর্তা তার অফিসের গোপনীয় তথ্য জনস্বার্থে প্রকাশ করে দিলেন। সুশাসনের ভাষ","94","Good","CLEAN","0","0"
"1259","source-file","10_নৈতিকতা, মূল্যবোধ ও সু-শাসন","সমাজ গঠনে 'উপযোগবাদ' (Utilitarianism) নীতির প্রয়োগ বলতে কী বোঝায়?","94","Good","CLEAN","0","0"
"1260","source-file","10_নৈতিকতা, মূল্যবোধ ও সু-শাসন","একজন নাগরিক হিসেবে 'সংখ্যালঘুদের অধিকার রক্ষা' করার মানসিকতা আপনার কোন মূল্যবোধে","94","Good","CLEAN","0","0"
"1261","source-file","10_নৈতিকতা, মূল্যবোধ ও সু-শাসন","সুশাসনে 'কার্যকারিতা ও দক্ষতা' (Effectiveness and Efficiency) জাতীয় জীবনে কী প্","94","Good","AUTO","0","1"
"1262","source-file","10_নৈতিকতা, মূল্যবোধ ও সু-শাসন","""কর্তব্যের জন্য কর্তব্য""— ইমানুয়েল কান্টের এই বিশুদ্ধ নৈতিক মতবাদটি নাগরিক জীবন","94","Good","AUTO","0","1"
"1263","source-file","10_নৈতিকতা, মূল্যবোধ ও সু-শাসন","'শুদ্ধাচার কৌশল' (National Integrity Strategy) সুশাসন প্রতিষ্ঠায় কোন পদ্ধতি অবল","94","Good","CLEAN","0","0"
"1264","source-file","10_নৈতিকতা, মূল্যবোধ ও সু-শাসন","'মেধাতন্ত্র' (Meritocracy) সুশাসনের একটি গুরুত্বপূর্ণ দিক। এটি জাতীয় জীবনে কী ভ","94","Good","CLEAN","0","0"
"1265","source-file","10_নৈতিকতা, মূল্যবোধ ও সু-শাসন","ব্যক্তিজীবনে 'দয়া' (Mercy) ও 'ক্ষমা' (Forgiveness) সমাজ গঠনে কী প্রভাব ফেলে?","94","Good","CLEAN","0","0"
"1266","source-file","10_নৈতিকতা, মূল্যবোধ ও সু-শাসন","'অবাধ ও সুষ্ঠু নির্বাচন' সুশাসনে কেন অপরিহার্য এবং এটি কোন জাতীয় আদর্শকে সমুন্ন","94","Good","CLEAN","0","0"
"1267","source-file","10_নৈতিকতা, মূল্যবোধ ও সু-শাসন","সুশাসনে 'লাল ফিতার দৌরাত্ম্য' (Red Tapism) কমানো হলে একজন নাগরিক কীভাবে উপকৃত হন","94","Good","CLEAN","0","0"
"1268","source-file","10_নৈতিকতা, মূল্যবোধ ও সু-শাসন","সামাজিক যোগাযোগ মাধ্যমে 'গুজব না ছড়ানো' একজন আধুনিক নাগরিকের কোন ধরনের মূল্যবোধ","94","Good","CLEAN","0","0"
"1269","source-file","10_নৈতিকতা, মূল্যবোধ ও সু-শাসন","জাতীয় আদর্শ হিসেবে 'সামাজিক নিরাপত্তা বেষ্টনী' (Social Safety Net) তৈরি করা সুশ","94","Good","CLEAN","0","0"
"1270","source-file","10_নৈতিকতা, মূল্যবোধ ও সু-শাসন","'নেতৃত্বের সততা' একটি জাতির ওপর কী প্রভাব ফেলে?","94","Good","CLEAN","0","0"
"1271","source-file","10_নৈতিকতা, মূল্যবোধ ও সু-শাসন","'বিচার বিভাগের স্বাধীনতা' ছাড়া একটি রাষ্ট্রে কোন মূল্যবোধটি সবচেয়ে বেশি ক্ষতিগ","94","Good","CLEAN","0","0"
"1272","source-file","10_নৈতিকতা, মূল্যবোধ ও সু-শাসন","একজন ব্যবসায়ী কৃত্রিম সংকট তৈরি করে পণ্যের দাম বাড়ানো থেকে বিরত থাকলেন। এটি তা","94","Good","CLEAN","0","0"
"1273","source-file","10_নৈতিকতা, মূল্যবোধ ও সু-শাসন","'আইনের প্রতি শ্রদ্ধাবোধ' না থাকলে সমাজ কোন দিকে ধাবিত হয়?","94","Good","CLEAN","0","0"
"1274","source-file","10_নৈতিকতা, মূল্যবোধ ও সু-শাসন","সুশাসনে 'স্বচ্ছতা' (Transparency) নিশ্চিত হলে সমাজে কোনটি কমে যায়?","94","Good","CLEAN","0","0"
"1275","source-file","10_নৈতিকতা, মূল্যবোধ ও সু-শাসন","'দেশজ সংস্কৃতি ও ঐত্যিহ্যের চর্চা' জাতীয় আদর্শ গঠনে কীভাবে ভূমিকা রাখে?","94","Good","CLEAN","0","0"
"1276","source-file","10_নৈতিকতা, মূল্যবোধ ও সু-শাসন","'দুর্নীতি দমন কমিশন' (ACC) যদি স্বাধীন ও কার্যকরভাবে কাজ করে, তবে সুশাসনের কোন স","94","Good","CLEAN","0","0"
"1277","source-file","10_নৈতিকতা, মূল্যবোধ ও সু-শাসন","ব্যক্তি জীবনে 'পরশ্রীকাতরতা' বা হিংসা পরিহার করলে সমাজে কী প্রতিষ্ঠিত হয়?","94","Good","CLEAN","0","0"
"1278","source-file","10_নৈতিকতা, মূল্যবোধ ও সু-শাসন","'জনবান্ধব প্রশাসন' বলতে সুশাসনে কী বোঝায়?","94","Good","CLEAN","0","0"
"1279","source-file","10_নৈতিকতা, মূল্যবোধ ও সু-শাসন","'ঐকমত্যমুখী' (Consensus-oriented) সিদ্ধান্ত জাতীয় সংকটে কেন জরুরি?","94","Good","CLEAN","0","0"
"1280","source-file","10_নৈতিকতা, মূল্যবোধ ও সু-শাসন","'মানবাধিকার' (Human Rights) রক্ষা করা একজন নাগরিক ও রাষ্ট্রের কোন ধরনের মূল্যবোধ","94","Good","CLEAN","0","0"
"1281","source-file","10_নৈতিকতা, মূল্যবোধ ও সু-শাসন","'ভোটের অধিকার প্রয়োগ করা' নাগরিকের জীবনে কেন একটি গুরুত্বপূর্ণ মূল্যবোধ?","94","Good","CLEAN","0","0"
"1282","source-file","10_নৈতিকতা, মূল্যবোধ ও সু-শাসন","'সিটিজেনস চার্টার' বা নাগরিক সনদ সুশাসনে একজন নাগরিককে কীভাবে সাহায্য করে?","94","Good","CLEAN","0","0"
"1283","source-file","10_নৈতিকতা, মূল্যবোধ ও সু-শাসন","সমাজে 'শ্রমিকদের ন্যায্য মজুরি' প্রদান করা কোন ধরনের মূল্যবোধের অন্তর্ভুক্ত?","94","Good","CLEAN","0","0"
"1284","source-file","10_নৈতিকতা, মূল্যবোধ ও সু-শাসন","সুশাসনে 'তথ্য উন্মুক্তকরণ' বা Open Data নীতি সরকারের কোন বৈশিষ্ট্য প্রকাশ করে?","94","Good","CLEAN","0","0"
"1285","source-file","10_নৈতিকতা, মূল্যবোধ ও সু-শাসন","'ন্যায়বিচার' (Justice) বলতে সুশাসনে শুধু আইনি বিচার নয়, বরং আর কী বোঝায়?","94","Good","CLEAN","0","0"
"1286","source-file","10_নৈতিকতা, মূল্যবোধ ও সু-শাসন","'উদারতা' ও 'সমালোচনা গ্রহণের মানসিকতা' সুশাসনে কী ভূমিকা রাখে?","94","Good","CLEAN","0","0"
"1287","source-file","10_নৈতিকতা, মূল্যবোধ ও সু-শাসন","ব্যক্তিজীবনে 'সততা' ও 'নৈতিকতা'র অভাবে শিক্ষিত ব্যক্তিরাও যখন অপরাধ করে, তখন তাক","94","Good","CLEAN","0","0"
"1288","source-file","10_নৈতিকতা, মূল্যবোধ ও সু-শাসন","'জাতীয় স্বার্থকে ব্যক্তিগত স্বার্থের ঊর্ধ্বে স্থান দেওয়া'— এটি রাষ্ট্র গঠনে কো","94","Good","AUTO","0","1"
"1289","source-file","10_নৈতিকতা, মূল্যবোধ ও সু-শাসন","'স্থানীয় সরকার' (Local Government) ব্যবস্থা শক্তিশালী হলে তৃণমূলের নাগরিকরা কীভ","94","Good","CLEAN","0","0"
"1290","source-file","10_নৈতিকতা, মূল্যবোধ ও সু-শাসন","সুশাসনে 'আইনের চোখে সমতা' (Equality before the law) নীতিটি লঙ্ঘিত হলে সমাজের কী ","94","Good","CLEAN","0","0"
"1291","source-file","10_নৈতিকতা, মূল্যবোধ ও সু-শাসন","'পাবলিক সার্ভিস কমিশন' (PSC) এর মতো প্রতিষ্ঠানগুলো নিরপেক্ষ থাকলে জাতীয় জীবনে ক","94","Good","CLEAN","0","0"
"1292","source-file","10_নৈতিকতা, মূল্যবোধ ও সু-শাসন","সুশাসন ও মূল্যবোধের অভাব একটি দেশের 'আন্তর্জাতিক ভাবমূর্তি'কে কীভাবে নষ্ট করে?","94","Good","CLEAN","0","0"
"1293","source-file","10_নৈতিকতা, মূল্যবোধ ও সু-শাসন","'পরিবেশ দূষণ রোধ' এবং 'বর্জ্য ব্যবস্থাপনা' মেনে চলা একজন নাগরিকের কোন ধরনের দায়","94","Good","CLEAN","0","0"
"1294","source-file","10_নৈতিকতা, মূল্যবোধ ও সু-শাসন","সমাজে 'নারীর প্রতি সম্মান ও মর্যাদা' প্রদান করা সুশাসনের কোন জাতীয় আদর্শকে সুপ্","94","Good","CLEAN","0","0"
"1295","source-file","10_নৈতিকতা, মূল্যবোধ ও সু-শাসন","'কালো টাকা' বা পেশিশক্তি ব্যবহার করে নির্বাচনে জয়ী হওয়ার প্রবণতা জাতীয় জীবনে ","94","Good","CLEAN","0","0"
"1296","source-file","10_নৈতিকতা, মূল্যবোধ ও সু-শাসন","সুশাসনে 'সংবিধানের শ্রেষ্ঠত্ব' (Supremacy of Constitution) বলতে কী বোঝায়?","94","Good","CLEAN","0","0"
"1297","source-file","10_নৈতিকতা, মূল্যবোধ ও সু-শাসন","'সহমর্মিতা' (Empathy) ও 'সহানুভূতি' (Sympathy)-এর মধ্যে কোনটি সমাজ গঠনে বেশি কার","94","Good","CLEAN","0","0"
"1298","source-file","10_নৈতিকতা, মূল্যবোধ ও সু-শাসন","সুশাসন প্রতিষ্ঠায় 'রাষ্ট্রীয় ক্ষমতার অপব্যবহার' রোধে একজন শাসকের সবচেয়ে বড় র","94","Good","CLEAN","0","0"
"1299","source-file","10_নৈতিকতা, মূল্যবোধ ও সু-শাসন","'পাবলিক সার্ভিস' বা সরকারি সেবাকে 'চাকরি' না ভেবে 'সেবা' হিসেবে গ্রহণ করা কোন ধর","94","Good","CLEAN","0","0"
"1300","source-file","10_নৈতিকতা, মূল্যবোধ ও সু-শাসন","'ভোক্তা অধিকার সংরক্ষণ' আইন বাস্তবায়ন সুশাসন ও মূল্যবোধের কোন দিকটিকে তুলে ধরে?","94","Good","CLEAN","0","0"
"1301","source-file","10_নৈতিকতা, মূল্যবোধ ও সু-শাসন","সমাজে পরশ্রীকাতরতা ও হিংসার মতো নেতিবাচক মূল্যবোধ বৃদ্ধি পেলে সুশাসনের কোন উপাদা","94","Good","CLEAN","0","0"
"1302","source-file","10_নৈতিকতা, মূল্যবোধ ও সু-শাসন","""Justice delayed is justice denied"" (বিচারিক দীর্ঘসূত্রতা ন্যায়বিচারকে অস্বীকার","94","Good","AUTO","0","1"
"1303","source-file","10_নৈতিকতা, মূল্যবোধ ও সু-শাসন","সুশাসনে 'স্বচ্ছতা' (Transparency) বলতে কেবল তথ্য প্রকাশ নয়, বরং আর কী বোঝায়?","94","Good","CLEAN","0","0"
"1304","source-file","10_নৈতিকতা, মূল্যবোধ ও সু-শাসন","নাগরিকের 'কর্তব্যনিষ্ঠা' (Devotion to duty) সুশাসনের চাকাকে কীভাবে সচল রাখে?","94","Good","CLEAN","0","0"
"1305","source-file","10_নৈতিকতা, মূল্যবোধ ও সু-শাসন","সুশাসনে 'সংখ্যালঘুদের নিরাপত্তা' নিশ্চিত করা কোন ধরনের মূল্যবোধের চূড়ান্ত পরীক্","94","Good","CLEAN","0","0"
"1306","source-file","10_নৈতিকতা, মূল্যবোধ ও সু-শাসন","""Power corrupts and absolute power corrupts absolutely"" – এই নৈতিক স্খলন রোধে সু","94","Good","AUTO","0","1"
"1307","source-file","10_নৈতিকতা, মূল্যবোধ ও সু-শাসন","মূল্যবোধের অবক্ষয় রোধে 'সাংস্কৃতিক কর্মকাণ্ড' কীভাবে সুশাসনে সাহায্য করে?","94","Good","CLEAN","0","0"
"1308","source-file","10_নৈতিকতা, মূল্যবোধ ও সু-শাসন","সুশাসনে 'বৈধতা' (Legitimacy) উপাদানের সাথে কোন রাজনৈতিক মূল্যবোধ জড়িত?","94","Good","CLEAN","0","0"
"1309","source-file","10_নৈতিকতা, মূল্যবোধ ও সু-শাসন","'অ্যাডভোকেসি' বা জনসচেতনতা মূলক প্রচারণার মাধ্যমে সুশীল সমাজ মূলত কী করতে চায়?","94","Good","CLEAN","0","0"
"1310","source-file","10_নৈতিকতা, মূল্যবোধ ও সু-শাসন","'মূল্যবোধ' ও 'সুশাসন' একে অপরের পরিপূরক— কথাটির অর্থ কী?","94","Good","AUTO","0","1"
"1311","source-file","10_নৈতিকতা, মূল্যবোধ ও সু-শাসন","পরিশেষে, একটি রাষ্ট্রে টেকসই সুশাসন (Sustainable Good Governance) প্রতিষ্ঠার জন্","94","Good","CLEAN","0","0"
"1312","source-file","10_নৈতিকতা, মূল্যবোধ ও সু-শাসন","একজন নাগরিকের ব্যক্তিগত জীবনে মূল্যবোধের প্রাথমিক ও প্রধান গুরুত্ব কী?","94","Good","CLEAN","0","0"
"1313","source-file","10_নৈতিকতা, মূল্যবোধ ও সু-শাসন","নাগরিকের 'দেশপ্রেম' ও 'আনুগত্য' মূলত কোন ধরনের আদর্শ গঠনে সাহায্য করে?","94","Good","CLEAN","0","0"
"1314","source-file","10_নৈতিকতা, মূল্যবোধ ও সু-শাসন","একজন সৎ নাগরিক কেন স্বতঃস্ফূর্তভাবে আয়কর প্রদান করেন?","94","Good","CLEAN","0","0"
"1315","source-file","10_নৈতিকতা, মূল্যবোধ ও সু-শাসন","সমাজে 'পরমতসহিষ্ণুতা' (Tolerance) চর্চার সবচেয়ে বড় সুফল কোনটি?","94","Good","CLEAN","0","0"
"1316","source-file","10_নৈতিকতা, মূল্যবোধ ও সু-শাসন","ব্যক্তিগত জীবনে 'নিয়মানুবর্তিতা' (Punctuality) মূল্যবোধের গুরুত্ব কী?","94","Good","CLEAN","0","0"
"1317","source-file","10_নৈতিকতা, মূল্যবোধ ও সু-শাসন","সুশাসন একজন সাধারণ নাগরিকের জীবনে সবচেয়ে গুরুত্বপূর্ণ কোন বিষয়টি নিশ্চিত করে?","94","Good","CLEAN","0","0"
"1318","source-file","10_নৈতিকতা, মূল্যবোধ ও সু-শাসন","জাতীয় আদর্শ হিসেবে 'সামাজিক ন্যায়বিচার' (Social Justice) প্রতিষ্ঠায় সুশাসনের ","94","Good","CLEAN","0","0"
"1319","source-file","10_নৈতিকতা, মূল্যবোধ ও সু-শাসন","সমাজে মূল্যবোধের অবক্ষয় ঘটলে একজন সাধারণ নাগরিকের দৈনন্দিন জীবনে এর কী প্রভাব প","94","Good","CLEAN","0","0"
"1320","source-file","10_নৈতিকতা, মূল্যবোধ ও সু-শাসন","নাগরিকের 'আত্মসংযম' (Self-restraint) সুশাসন প্রতিষ্ঠায় কীভাবে সাহায্য করে?","94","Good","CLEAN","0","0"
"1321","source-file","10_নৈতিকতা, মূল্যবোধ ও সু-শাসন","সুশাসনের 'স্বচ্ছতা' (Transparency) নীতি সমাজ গঠনে কী ধরনের প্রভাব ফেলে?","94","Good","CLEAN","0","0"
"1322","source-file","10_নৈতিকতা, মূল্যবোধ ও সু-শাসন","জাতীয় আদর্শ হিসেবে 'দুর্নীতিমুক্ত বাংলাদেশ' গড়তে হলে শুধু আইনের শাসন যথেষ্ট নয","94","Good","CLEAN","0","0"
"1323","source-file","10_নৈতিকতা, মূল্যবোধ ও সু-শাসন","একটি সমাজের ভিত্তি মজবুত হয় কখন?","94","Good","CLEAN","0","0"
"1324","source-file","10_নৈতিকতা, মূল্যবোধ ও সু-শাসন","সুশাসনের অভাবে জাতীয় জীবনে 'মেধাপাচার' (Brain drain) কেন ঘটে?","94","Good","CLEAN","0","0"
"1325","source-file","10_নৈতিকতা, মূল্যবোধ ও সু-শাসন","'শ্রমের মর্যাদা' (Dignity of labour) নামক মূল্যবোধটি একটি আধুনিক রাষ্ট্র গঠনে কী","94","Good","CLEAN","0","0"
"1326","source-file","10_নৈতিকতা, মূল্যবোধ ও সু-শাসন","সুশাসনের অন্যতম প্রধান শর্ত 'অংশগ্রহণ' (Participation) নাগরিকের জীবনে কেন গুরুত্","94","Good","CLEAN","0","0"
"1327","source-file","10_নৈতিকতা, মূল্যবোধ ও সু-শাসন","'দায়িত্ববোধ' ও 'কর্তব্যনিষ্ঠা' ছাড়া জাতীয় আদর্শ গঠন সম্ভব নয় কেন?","94","Good","CLEAN","0","0"
"1328","source-file","10_নৈতিকতা, মূল্যবোধ ও সু-শাসন","সুশাসন ও মূল্যবোধের অভাবে সমাজে যখন 'জোর যার মুল্লুক তার' নীতি প্রতিষ্ঠিত হয়, ত","94","Good","CLEAN","0","0"
"1329","source-file","10_নৈতিকতা, মূল্যবোধ ও সু-শাসন","ব্যক্তিজীবনে 'সততা' (Honesty) নামক মূল্যবোধটি সুশাসনের কোন উপাদানটিকে সরাসরি শক্","94","Good","CLEAN","0","0"
"1330","source-file","10_নৈতিকতা, মূল্যবোধ ও সু-শাসন","জাতীয় সংহতি (National Integration) বজায় রাখতে কোন মূল্যবোধটি সবচেয়ে বেশি প্রয","94","Good","CLEAN","0","0"
"1331","source-file","10_নৈতিকতা, মূল্যবোধ ও সু-শাসন","সুশাসনের 'আইনের শাসন' নাগরিকের জীবনে কোন অনুভূতিটি তৈরি করে?","94","Good","AUTO","0","1"
"1332","source-file","10_নৈতিকতা, মূল্যবোধ ও সু-শাসন","ব্যক্তি, সমাজ ও রাষ্ট্রীয় জীবনে 'নৈতিকতা'র (Ethics) চূড়ান্ত লক্ষ্য কী?","94","Good","CLEAN","0","0"
"1333","source-file","10_নৈতিকতা, মূল্যবোধ ও সু-শাসন","'গণতান্ত্রিক মূল্যবোধ' (Democratic Values) জাতীয় আদর্শ হিসেবে কেন গুরুত্বপূর্ণ?","94","Good","CLEAN","0","0"
"1334","source-file","10_নৈতিকতা, মূল্যবোধ ও সু-শাসন","সুশাসন নিশ্চিত করতে হলে 'নাগরিক সমাজ' (Civil Society) বা সুশীল সমাজের ভূমিকা কেম","94","Good","CLEAN","0","0"
"1335","source-file","10_নৈতিকতা, মূল্যবোধ ও সু-শাসন","নাগরিক জীবনে 'সহমর্মিতা' (Empathy) মূল্যবোধটির অভাব ঘটলে সমাজে কী পরিণতি হয়?","94","Good","CLEAN","0","0"
"1336","source-file","10_নৈতিকতা, মূল্যবোধ ও সু-শাসন","সুশাসনে 'বিকেন্দ্রীকরণ' (Decentralization) একজন সাধারণ নাগরিকের জীবনে কী সুফল বয","94","Good","CLEAN","0","0"
"1337","source-file","10_নৈতিকতা, মূল্যবোধ ও সু-শাসন","'সংবিধানের প্রতি শর্তহীন আনুগত্য' একজন নাগরিকের কোন ধরনের মূল্যবোধের প্রকাশ?","94","Good","CLEAN","0","0"
"1338","source-file","10_নৈতিকতা, মূল্যবোধ ও সু-শাসন","একটি দেশের 'আন্তর্জাতিক ভাবমূর্তি' (International Image) উজ্জ্বল করতে সুশাসনের ভ","94","Good","CLEAN","0","0"
"1339","source-file","10_নৈতিকতা, মূল্যবোধ ও সু-শাসন","সমাজে 'মূল্যবোধের অবক্ষয়' রোধ করতে পরিবারের পর কার ভূমিকা সবচেয়ে গুরুত্বপূর্ণ?","94","Good","CLEAN","0","0"
"1340","source-file","10_নৈতিকতা, মূল্যবোধ ও সু-শাসন","জাতীয় আদর্শ হিসেবে 'টেকসই উন্নয়ন' (Sustainable Development) নিশ্চিত করতে কোন ম","94","Good","CLEAN","0","0"
"1341","source-file","10_নৈতিকতা, মূল্যবোধ ও সু-শাসন","সুশাসন প্রতিষ্ঠায় 'প্রতিক্রিয়াশীলতা' (Responsiveness) নাগরিকের জীবনে কেন স্বস্","94","Good","CLEAN","0","0"
"1342","source-file","10_নৈতিকতা, মূল্যবোধ ও সু-শাসন","ব্যক্তি জীবনে 'সাহসিকতা' (Courage) নামক মূল্যবোধটি সুশাসনে কীভাবে প্রভাব ফেলে?","94","Good","CLEAN","0","0"
"1343","source-file","10_নৈতিকতা, মূল্যবোধ ও সু-শাসন","'তথ্য অধিকার আইন' (Right to Information) একজন নাগরিককে কীভাবে ক্ষমতায়িত করে?","94","Good","CLEAN","0","0"
"1344","source-file","10_নৈতিকতা, মূল্যবোধ ও সু-শাসন","সমাজ গঠনে 'শিষ্টাচার' (Etiquette) ও 'ভদ্রতা'র গুরুত্ব কী?","94","Good","CLEAN","0","0"
"1345","source-file","10_নৈতিকতা, মূল্যবোধ ও সু-শাসন","একটি কল্যাণমূলক রাষ্ট্র (Welfare State) গঠনে সুশাসনের কোন উপাদানটি সবচেয়ে বেশি ","94","Good","CLEAN","0","0"
"1346","source-file","10_নৈতিকতা, মূল্যবোধ ও সু-শাসন","ব্যক্তিজীবনে 'মিতব্যয়িতা' (Frugality) নামক অর্থনৈতিক মূল্যবোধটি জাতীয় জীবনে কী","94","Good","CLEAN","0","0"
"1347","source-file","10_নৈতিকতা, মূল্যবোধ ও সু-শাসন","সুশাসনের অভাবে যখন 'স্বজনপ্রীতি' (Nepotism) বাড়ে, তখন সমাজের কোন মূল্যবোধটি সবচ","94","Good","CLEAN","0","0"
"1348","source-file","10_নৈতিকতা, মূল্যবোধ ও সু-শাসন","'ডিজিটাল বাংলাদেশ' বা 'স্মার্ট বাংলাদেশ' রূপকল্প সুশাসন প্রতিষ্ঠায় কীভাবে সাহায","94","Good","CLEAN","0","0"
"1349","source-file","10_নৈতিকতা, মূল্যবোধ ও সু-শাসন","নাগরিকের 'দেশপ্রেম' সুশাসনকে কীভাবে ত্বরান্বিত করে?","94","Good","CLEAN","0","0"
"1350","source-file","10_নৈতিকতা, মূল্যবোধ ও সু-শাসন","বিচার বিভাগের 'কার্যকারিতা ও দক্ষতা' না থাকলে একজন নাগরিকের জীবনে কী ঘটে?","94","Good","AUTO","0","1"
"1351","source-file","10_নৈতিকতা, মূল্যবোধ ও সু-শাসন","সমাজে 'পরশ্রীকাতরতা' (হিংসা) নামক নেতিবাচক মূল্যবোধ বৃদ্ধি পেলে জাতীয় আদর্শের ক","94","Good","CLEAN","0","0"
"1352","source-file","10_নৈতিকতা, মূল্যবোধ ও সু-শাসন","'উদারতা' (Open-mindedness) নামক মূল্যবোধ সুশাসনের কোন উপাদানটিকে সরাসরি সমর্থন ক","94","Good","CLEAN","0","0"
"1353","source-file","10_নৈতিকতা, মূল্যবোধ ও সু-শাসন","সুশাসনে 'দায়িত্বশীলতা' (Responsibility) এবং 'জবাবদিহিতা' (Accountability)-এর মধ","94","Good","CLEAN","0","0"
"1354","source-file","10_নৈতিকতা, মূল্যবোধ ও সু-শাসন","'ভোক্তা অধিকার সংরক্ষণ' আইন বাস্তবায়ন একজন নাগরিকের জীবনে কী সুফল বয়ে আনে?","94","Good","CLEAN","0","0"
"1355","source-file","10_নৈতিকতা, মূল্যবোধ ও সু-শাসন","সমাজে 'কিশোর অপরাধ' বৃদ্ধি মূলত কিসের ইঙ্গিত দেয়?","94","Good","CLEAN","0","0"
"1356","source-file","10_নৈতিকতা, মূল্যবোধ ও সু-শাসন","সুশাসনে 'ক্ষমতা স্বতন্ত্রীকরণ' (Separation of Powers) নীতি নাগরিক অধিকার রক্ষায়","94","Good","CLEAN","0","0"
"1357","source-file","10_নৈতিকতা, মূল্যবোধ ও সু-শাসন","একজন কর্মকর্তা তার অফিসের গোপনীয় তথ্য জনস্বার্থে প্রকাশ করে দিলেন। সুশাসনের ভাষ","94","Good","CLEAN","0","0"
"1358","source-file","10_নৈতিকতা, মূল্যবোধ ও সু-শাসন","সমাজ গঠনে 'উপযোগবাদ' (Utilitarianism) নীতির প্রয়োগ বলতে কী বোঝায়?","94","Good","CLEAN","0","0"
"1359","source-file","10_নৈতিকতা, মূল্যবোধ ও সু-শাসন","একজন নাগরিক হিসেবে 'সংখ্যালঘুদের অধিকার রক্ষা' করার মানসিকতা আপনার কোন মূল্যবোধে","94","Good","CLEAN","0","0"
"1360","source-file","10_নৈতিকতা, মূল্যবোধ ও সু-শাসন","সুশাসনে 'কার্যকারিতা ও দক্ষতা' (Effectiveness and Efficiency) জাতীয় জীবনে কী প্","94","Good","AUTO","0","1"
"1361","source-file","10_নৈতিকতা, মূল্যবোধ ও সু-শাসন","""কর্তব্যের জন্য কর্তব্য""— ইমানুয়েল কান্টের এই বিশুদ্ধ নৈতিক মতবাদটি নাগরিক জীবন","94","Good","AUTO","0","1"
"1362","source-file","10_নৈতিকতা, মূল্যবোধ ও সু-শাসন","'শুদ্ধাচার কৌশল' (National Integrity Strategy) সুশাসন প্রতিষ্ঠায় কোন পদ্ধতি অবল","94","Good","CLEAN","0","0"
"1363","source-file","10_নৈতিকতা, মূল্যবোধ ও সু-শাসন","'মেধাতন্ত্র' (Meritocracy) সুশাসনের একটি গুরুত্বপূর্ণ দিক। এটি জাতীয় জীবনে কী ভ","94","Good","CLEAN","0","0"
"1364","source-file","10_নৈতিকতা, মূল্যবোধ ও সু-শাসন","ব্যক্তিজীবনে 'দয়া' (Mercy) ও 'ক্ষমা' (Forgiveness) সমাজ গঠনে কী প্রভাব ফেলে?","94","Good","CLEAN","0","0"
"1365","source-file","10_নৈতিকতা, মূল্যবোধ ও সু-শাসন","'অবাধ ও সুষ্ঠু নির্বাচন' সুশাসনে কেন অপরিহার্য এবং এটি কোন জাতীয় আদর্শকে সমুন্ন","94","Good","CLEAN","0","0"
"1366","source-file","10_নৈতিকতা, মূল্যবোধ ও সু-শাসন","সুশাসনে 'লাল ফিতার দৌরাত্ম্য' (Red Tapism) কমানো হলে একজন নাগরিক কীভাবে উপকৃত হন","94","Good","CLEAN","0","0"
"1367","source-file","10_নৈতিকতা, মূল্যবোধ ও সু-শাসন","সামাজিক যোগাযোগ মাধ্যমে 'গুজব না ছড়ানো' একজন আধুনিক নাগরিকের কোন ধরনের মূল্যবোধ","94","Good","CLEAN","0","0"
"1368","source-file","10_নৈতিকতা, মূল্যবোধ ও সু-শাসন","জাতীয় আদর্শ হিসেবে 'সামাজিক নিরাপত্তা বেষ্টনী' (Social Safety Net) তৈরি করা সুশ","94","Good","CLEAN","0","0"
"1369","source-file","10_নৈতিকতা, মূল্যবোধ ও সু-শাসন","'নেতৃত্বের সততা' একটি জাতির ওপর কী প্রভাব ফেলে?","94","Good","CLEAN","0","0"
"1370","source-file","10_নৈতিকতা, মূল্যবোধ ও সু-শাসন","'বিচার বিভাগের স্বাধীনতা' ছাড়া একটি রাষ্ট্রে কোন মূল্যবোধটি সবচেয়ে বেশি ক্ষতিগ","94","Good","CLEAN","0","0"
"1371","source-file","10_নৈতিকতা, মূল্যবোধ ও সু-শাসন","একজন ব্যবসায়ী কৃত্রিম সংকট তৈরি করে পণ্যের দাম বাড়ানো থেকে বিরত থাকলেন। এটি তা","94","Good","CLEAN","0","0"
"1372","source-file","10_নৈতিকতা, মূল্যবোধ ও সু-শাসন","'আইনের প্রতি শ্রদ্ধাবোধ' না থাকলে সমাজ কোন দিকে ধাবিত হয়?","94","Good","CLEAN","0","0"
"1373","source-file","10_নৈতিকতা, মূল্যবোধ ও সু-শাসন","সুশাসনে 'স্বচ্ছতা' (Transparency) নিশ্চিত হলে সমাজে কোনটি কমে যায়?","94","Good","CLEAN","0","0"
"1374","source-file","10_নৈতিকতা, মূল্যবোধ ও সু-শাসন","'দেশজ সংস্কৃতি ও ঐত্যিহ্যের চর্চা' জাতীয় আদর্শ গঠনে কীভাবে ভূমিকা রাখে?","94","Good","CLEAN","0","0"
"1375","source-file","10_নৈতিকতা, মূল্যবোধ ও সু-শাসন","'দুর্নীতি দমন কমিশন' (ACC) যদি স্বাধীন ও কার্যকরভাবে কাজ করে, তবে সুশাসনের কোন স","94","Good","CLEAN","0","0"
"1376","source-file","10_নৈতিকতা, মূল্যবোধ ও সু-শাসন","ব্যক্তি জীবনে 'পরশ্রীকাতরতা' বা হিংসা পরিহার করলে সমাজে কী প্রতিষ্ঠিত হয়?","94","Good","CLEAN","0","0"
"1377","source-file","10_নৈতিকতা, মূল্যবোধ ও সু-শাসন","'জনবান্ধব প্রশাসন' বলতে সুশাসনে কী বোঝায়?","94","Good","CLEAN","0","0"
"1378","source-file","10_নৈতিকতা, মূল্যবোধ ও সু-শাসন","'ঐকমত্যমুখী' (Consensus-oriented) সিদ্ধান্ত জাতীয় সংকটে কেন জরুরি?","94","Good","CLEAN","0","0"
"1379","source-file","10_নৈতিকতা, মূল্যবোধ ও সু-শাসন","'মানবাধিকার' (Human Rights) রক্ষা করা একজন নাগরিক ও রাষ্ট্রের কোন ধরনের মূল্যবোধ","94","Good","CLEAN","0","0"
"1380","source-file","10_নৈতিকতা, মূল্যবোধ ও সু-শাসন","'ভোটের অধিকার প্রয়োগ করা' নাগরিকের জীবনে কেন একটি গুরুত্বপূর্ণ মূল্যবোধ?","94","Good","CLEAN","0","0"
"1381","source-file","10_নৈতিকতা, মূল্যবোধ ও সু-শাসন","'সিটিজেনস চার্টার' বা নাগরিক সনদ সুশাসনে একজন নাগরিককে কীভাবে সাহায্য করে?","94","Good","CLEAN","0","0"
"1382","source-file","10_নৈতিকতা, মূল্যবোধ ও সু-শাসন","সমাজে 'শ্রমিকদের ন্যায্য মজুরি' প্রদান করা কোন ধরনের মূল্যবোধের অন্তর্ভুক্ত?","94","Good","CLEAN","0","0"
"1383","source-file","10_নৈতিকতা, মূল্যবোধ ও সু-শাসন","সুশাসনে 'তথ্য উন্মুক্তকরণ' বা Open Data নীতি সরকারের কোন বৈশিষ্ট্য প্রকাশ করে?","94","Good","CLEAN","0","0"
"1384","source-file","10_নৈতিকতা, মূল্যবোধ ও সু-শাসন","'ন্যায়বিচার' (Justice) বলতে সুশাসনে শুধু আইনি বিচার নয়, বরং আর কী বোঝায়?","94","Good","CLEAN","0","0"
"1385","source-file","10_নৈতিকতা, মূল্যবোধ ও সু-শাসন","'উদারতা' ও 'সমালোচনা গ্রহণের মানসিকতা' সুশাসনে কী ভূমিকা রাখে?","94","Good","CLEAN","0","0"
"1386","source-file","10_নৈতিকতা, মূল্যবোধ ও সু-শাসন","ব্যক্তিজীবনে 'সততা' ও 'নৈতিকতা'র অভাবে শিক্ষিত ব্যক্তিরাও যখন অপরাধ করে, তখন তাক","94","Good","CLEAN","0","0"
"1387","source-file","10_নৈতিকতা, মূল্যবোধ ও সু-শাসন","'জাতীয় স্বার্থকে ব্যক্তিগত স্বার্থের ঊর্ধ্বে স্থান দেওয়া'— এটি রাষ্ট্র গঠনে কো","94","Good","AUTO","0","1"
"1388","source-file","10_নৈতিকতা, মূল্যবোধ ও সু-শাসন","'স্থানীয় সরকার' (Local Government) ব্যবস্থা শক্তিশালী হলে তৃণমূলের নাগরিকরা কীভ","94","Good","CLEAN","0","0"
"1389","source-file","10_নৈতিকতা, মূল্যবোধ ও সু-শাসন","সুশাসনে 'আইনের চোখে সমতা' (Equality before the law) নীতিটি লঙ্ঘিত হলে সমাজের কী ","94","Good","CLEAN","0","0"
"1390","source-file","10_নৈতিকতা, মূল্যবোধ ও সু-শাসন","'পাবলিক সার্ভিস কমিশন' (PSC) এর মতো প্রতিষ্ঠানগুলো নিরপেক্ষ থাকলে জাতীয় জীবনে ক","94","Good","CLEAN","0","0"
"1391","source-file","10_নৈতিকতা, মূল্যবোধ ও সু-শাসন","সুশাসন ও মূল্যবোধের অভাব একটি দেশের 'আন্তর্জাতিক ভাবমূর্তি'কে কীভাবে নষ্ট করে?","94","Good","CLEAN","0","0"
"1392","source-file","10_নৈতিকতা, মূল্যবোধ ও সু-শাসন","'পরিবেশ দূষণ রোধ' এবং 'বর্জ্য ব্যবস্থাপনা' মেনে চলা একজন নাগরিকের কোন ধরনের দায়","94","Good","CLEAN","0","0"
"1393","source-file","10_নৈতিকতা, মূল্যবোধ ও সু-শাসন","সমাজে 'নারীর প্রতি সম্মান ও মর্যাদা' প্রদান করা সুশাসনের কোন জাতীয় আদর্শকে সুপ্","94","Good","CLEAN","0","0"
"1394","source-file","10_নৈতিকতা, মূল্যবোধ ও সু-শাসন","'কালো টাকা' বা পেশিশক্তি ব্যবহার করে নির্বাচনে জয়ী হওয়ার প্রবণতা জাতীয় জীবনে ","94","Good","CLEAN","0","0"
"1395","source-file","10_নৈতিকতা, মূল্যবোধ ও সু-শাসন","সুশাসনে 'সংবিধানের শ্রেষ্ঠত্ব' (Supremacy of Constitution) বলতে কী বোঝায়?","94","Good","CLEAN","0","0"
"1396","source-file","10_নৈতিকতা, মূল্যবোধ ও সু-শাসন","'সহমর্মিতা' (Empathy) ও 'সহানুভূতি' (Sympathy)-এর মধ্যে কোনটি সমাজ গঠনে বেশি কার","94","Good","CLEAN","0","0"
"1397","source-file","10_নৈতিকতা, মূল্যবোধ ও সু-শাসন","সুশাসন প্রতিষ্ঠায় 'রাষ্ট্রীয় ক্ষমতার অপব্যবহার' রোধে একজন শাসকের সবচেয়ে বড় র","94","Good","CLEAN","0","0"
"1398","source-file","10_নৈতিকতা, মূল্যবোধ ও সু-শাসন","'পাবলিক সার্ভিস' বা সরকারি সেবাকে 'চাকরি' না ভেবে 'সেবা' হিসেবে গ্রহণ করা কোন ধর","94","Good","CLEAN","0","0"
"1399","source-file","10_নৈতিকতা, মূল্যবোধ ও সু-শাসন","'ভোক্তা অধিকার সংরক্ষণ' আইন বাস্তবায়ন সুশাসন ও মূল্যবোধের কোন দিকটিকে তুলে ধরে?","94","Good","CLEAN","0","0"
"1400","source-file","10_নৈতিকতা, মূল্যবোধ ও সু-শাসন","সমাজে পরশ্রীকাতরতা ও হিংসার মতো নেতিবাচক মূল্যবোধ বৃদ্ধি পেলে সুশাসনের কোন উপাদা","94","Good","CLEAN","0","0"
"1401","source-file","10_নৈতিকতা, মূল্যবোধ ও সু-শাসন","""Justice delayed is justice denied"" (বিচারিক দীর্ঘসূত্রতা ন্যায়বিচারকে অস্বীকার","94","Good","AUTO","0","1"
"1402","source-file","10_নৈতিকতা, মূল্যবোধ ও সু-শাসন","সুশাসনে 'স্বচ্ছতা' (Transparency) বলতে কেবল তথ্য প্রকাশ নয়, বরং আর কী বোঝায়?","94","Good","CLEAN","0","0"
"1403","source-file","10_নৈতিকতা, মূল্যবোধ ও সু-শাসন","নাগরিকের 'কর্তব্যনিষ্ঠা' (Devotion to duty) সুশাসনের চাকাকে কীভাবে সচল রাখে?","94","Good","CLEAN","0","0"
"1404","source-file","10_নৈতিকতা, মূল্যবোধ ও সু-শাসন","সুশাসনে 'সংখ্যালঘুদের নিরাপত্তা' নিশ্চিত করা কোন ধরনের মূল্যবোধের চূড়ান্ত পরীক্","94","Good","CLEAN","0","0"
"1405","source-file","10_নৈতিকতা, মূল্যবোধ ও সু-শাসন","""Power corrupts and absolute power corrupts absolutely"" – এই নৈতিক স্খলন রোধে সু","94","Good","AUTO","0","1"
"1406","source-file","10_নৈতিকতা, মূল্যবোধ ও সু-শাসন","মূল্যবোধের অবক্ষয় রোধে 'সাংস্কৃতিক কর্মকাণ্ড' কীভাবে সুশাসনে সাহায্য করে?","94","Good","CLEAN","0","0"
"1407","source-file","10_নৈতিকতা, মূল্যবোধ ও সু-শাসন","সুশাসনে 'বৈধতা' (Legitimacy) উপাদানের সাথে কোন রাজনৈতিক মূল্যবোধ জড়িত?","94","Good","CLEAN","0","0"
"1408","source-file","10_নৈতিকতা, মূল্যবোধ ও সু-শাসন","'অ্যাডভোকেসি' বা জনসচেতনতা মূলক প্রচারণার মাধ্যমে সুশীল সমাজ মূলত কী করতে চায়?","94","Good","CLEAN","0","0"
"1409","source-file","10_নৈতিকতা, মূল্যবোধ ও সু-শাসন","'মূল্যবোধ' ও 'সুশাসন' একে অপরের পরিপূরক— কথাটির অর্থ কী?","94","Good","AUTO","0","1"
"1410","source-file","10_নৈতিকতা, মূল্যবোধ ও সু-শাসন","পরিশেষে, একটি রাষ্ট্রে টেকসই সুশাসন (Sustainable Good Governance) প্রতিষ্ঠার জন্","94","Good","CLEAN","0","0"
"1411","source-file","10_নৈতিকতা, মূল্যবোধ ও সু-শাসন","যে সকল চিন্তাভাবনা, লক্ষ্য, উদ্দেশ্য ও সংকল্প মানুষের সামগ্রিক আচার-আচরণ ও কর্মক","94","Good","CLEAN","0","0"
"1412","source-file","10_নৈতিকতা, মূল্যবোধ ও সু-শাসন","নিচের কোনটি মূল্যবোধের প্রধান বৈশিষ্ট্য নয়?","94","Good","CLEAN","0","0"
"1413","source-file","10_নৈতিকতা, মূল্যবোধ ও সু-শাসন","বিশ্বব্যাংক সর্বপ্রথম কত সালে ‘সুশাসন’ (Good Governance) ধারণাটি ব্যবহার করে?","94","Good","AUTO","0","1"
"1414","source-file","10_নৈতিকতা, মূল্যবোধ ও সু-শাসন","জাতিসংঘ উন্নয়ন কর্মসূচির (UNDP) মতে সুশাসনের উপাদান কয়টি?","94","Good","CLEAN","0","0"
"1415","source-file","10_নৈতিকতা, মূল্যবোধ ও সু-শাসন","নৈতিকতা ও আইনের মধ্যে প্রধান পার্থক্য কোথায়?","94","Good","CLEAN","0","0"
"1416","source-file","10_নৈতিকতা, মূল্যবোধ ও সু-শাসন","""যেসব নীতি বা মানদণ্ডের ভিত্তিতে মানুষ তাদের আচরণ ও কার্যাবলির ভালো-মন্দ বিচার ক","94","Good","AUTO","0","1"
"1417","source-file","10_নৈতিকতা, মূল্যবোধ ও সু-শাসন","সুশাসনের মূল ভিত্তি কী?","94","Good","CLEAN","0","0"
"1418","source-file","10_নৈতিকতা, মূল্যবোধ ও সু-শাসন","সততা, শিষ্টাচার, দয়া ও সহনশীলতা— এগুলো কোন ধরনের মূল্যবোধের উদাহরণ?","94","Good","AUTO","0","1"
"1419","source-file","10_নৈতিকতা, মূল্যবোধ ও সু-শাসন","সিদ্ধান্ত গ্রহণ ও তা বাস্তবায়নের ক্ষেত্রে নিয়মনীতি যথাযথভাবে অনুসরণ করাকে সুশা","94","Good","CLEAN","0","0"
"1420","source-file","10_নৈতিকতা, মূল্যবোধ ও সু-শাসন","'Governance' শব্দটি প্রাচীন কোন ভাষার শব্দ থেকে এসেছে?","94","Good","CLEAN","0","0"
"1421","source-file","10_নৈতিকতা, মূল্যবোধ ও সু-শাসন","মানুষের মূল্যবোধ মূলত কোথা থেকে উৎপত্তি লাভ করে?","94","Good","CLEAN","0","0"
"1422","source-file","10_নৈতিকতা, মূল্যবোধ ও সু-শাসন","""সুশাসন বলতে রাষ্ট্রের সাথে সুশীল সমাজের, সরকারের সাথে শাসিত জনগণের এবং শাসকের স","94","Good","AUTO","0","1"
"1423","source-file","10_নৈতিকতা, মূল্যবোধ ও সু-শাসন","সুশাসন কোন ধরনের প্রক্রিয়া?","94","Good","CLEAN","0","0"
"1424","source-file","10_নৈতিকতা, মূল্যবোধ ও সু-শাসন","নৈতিক মূল্যবোধের প্রধান বৈশিষ্ট্য কোনটি?","94","Good","CLEAN","0","0"
"1425","source-file","10_নৈতিকতা, মূল্যবোধ ও সু-শাসন","দর্শনের যে শাখায় মূল্যবোধের প্রকৃতি ও মানদণ্ড নিয়ে আলোচনা করা হয়, তাকে কী বলে","94","Good","CLEAN","0","0"
"1426","source-file","10_নৈতিকতা, মূল্যবোধ ও সু-শাসন","সরকারি কর্মকর্তা ও প্রতিষ্ঠানগুলোর তাদের কাজের জন্য জনগণের বা কর্তৃপক্ষের নিকট ক","94","Good","CLEAN","0","0"
"1427","source-file","10_নৈতিকতা, মূল্যবোধ ও সু-শাসন","পরমতসহিষ্ণুতা কোন ধরনের মূল্যবোধের সবচেয়ে গুরুত্বপূর্ণ উপাদান?","94","Good","CLEAN","0","0"
"1428","source-file","10_নৈতিকতা, মূল্যবোধ ও সু-শাসন","সুশাসন প্রতিষ্ঠার অন্যতম প্রধান পূর্বশর্ত কোনটি?","94","Good","CLEAN","0","0"
"1429","source-file","10_নৈতিকতা, মূল্যবোধ ও সু-শাসন","সুশাসনের চূড়ান্ত লক্ষ্য কী?","94","Good","CLEAN","0","0"
"1430","source-file","10_নৈতিকতা, মূল্যবোধ ও সু-শাসন","আইন মান্য করা, কর প্রদান করা এবং ভোট দেওয়া— এগুলো একজন নাগরিকের কোন ধরনের মূল্য","94","Good","AUTO","0","1"
"1431","source-file","10_নৈতিকতা, মূল্যবোধ ও সু-শাসন","সুশাসন (Good Governance) ধারণাটি কোন আন্তর্জাতিক অর্থলগ্নিকারী সংস্থার উদ্ভাবন?","94","Good","CLEAN","0","0"
"1432","source-file","10_নৈতিকতা, মূল্যবোধ ও সু-শাসন","নিচের কোনটি সুশাসনের রাজনৈতিক উপাদান হিসেবে গণ্য হয় না?","94","Good","CLEAN","0","0"
"1433","source-file","10_নৈতিকতা, মূল্যবোধ ও সু-শাসন","‘ই-গভর্ন্যান্স’ (E-Governance) বা ইলেকট্রনিক গভর্ন্যান্স সুশাসনের কোন উপাদানটিকে","94","Good","AUTO","0","1"
"1434","source-file","10_নৈতিকতা, মূল্যবোধ ও সু-শাসন","নিচের কোনটি নৈতিক মূল্যবোধের (Moral Values) প্রধান উৎস নয়?","94","Good","CLEAN","0","0"
"1435","source-file","10_নৈতিকতা, মূল্যবোধ ও সু-শাসন","গ্রিক দার্শনিক প্লেটোর মতে মানুষের আত্মার প্রধান সদ্গুণ বা মূল্যবোধ কয়টি?","94","Good","CLEAN","0","0"
"1436","source-file","10_নৈতিকতা, মূল্যবোধ ও সু-শাসন","""Good governance is perhaps the single most important factor in eradicating pove","94","Good","AUTO","0","1"
"1437","source-file","10_নৈতিকতা, মূল্যবোধ ও সু-শাসন","আধুনিক রাষ্ট্রে সুশাসন প্রতিষ্ঠার ক্ষেত্রে সবচেয়ে বড় অন্তরায় বা বাধা কোনটি?","94","Good","CLEAN","0","0"
"1438","source-file","10_নৈতিকতা, মূল্যবোধ ও সু-শাসন","তথ্য অধিকার আইন (Right to Information Act) সুশাসনের কোন উপাদানের সাথে সরাসরি সম্","94","Good","CLEAN","0","0"
"1439","source-file","10_নৈতিকতা, মূল্যবোধ ও সু-শাসন","মূল্যবোধ শিক্ষার সবচেয়ে আদি ও প্রধান প্রতিষ্ঠান কোনটি?","94","Good","CLEAN","0","0"
"1440","source-file","10_নৈতিকতা, মূল্যবোধ ও সু-শাসন","একটি সমাজে সুশাসন প্রতিষ্ঠার জন্য সবচেয়ে বেশি প্রয়োজন কার সদিচ্ছা?","94","Good","CLEAN","0","0"
"1441","source-file","10_নৈতিকতা, মূল্যবোধ ও সু-শাসন","‘সুবর্ণ মধ্যক’ (Golden Mean) নামক নৈতিক মতবাদের প্রবর্তক কে?","94","Good","AUTO","0","1"
"1442","source-file","10_নৈতিকতা, মূল্যবোধ ও সু-শাসন","নিচের কোনটি সুশাসনের পরিপন্থি?","94","Good","CLEAN","0","0"
"1443","source-file","10_নৈতিকতা, মূল্যবোধ ও সু-শাসন","সুশাসনের 'ঐকমত্যমুখী' (Consensus oriented) উপাদানটির অর্থ কী?","94","Good","CLEAN","0","0"
"1444","source-file","10_নৈতিকতা, মূল্যবোধ ও সু-শাসন","""Justice is the first virtue of social institutions, as truth is of systems of t","94","Good","AUTO","0","1"
"1445","source-file","10_নৈতিকতা, মূল্যবোধ ও সু-শাসন","মূল্যবোধ মূলত মানুষের কোন ধরনের আচরণ নিয়ন্ত্রণ করে?","94","Good","CLEAN","0","0"
"1446","source-file","10_নৈতিকতা, মূল্যবোধ ও সু-শাসন","নিচের কোনটি সুশাসনের সামাজিক উপাদান?","94","Good","CLEAN","0","0"
"1447","source-file","10_নৈতিকতা, মূল্যবোধ ও সু-শাসন","ইমানুয়েল কান্টের মতে নৈতিকতার সর্বজনীন নিয়ম বা মানদণ্ড কোনটি?","94","Good","CLEAN","0","0"
"1448","source-file","10_নৈতিকতা, মূল্যবোধ ও সু-শাসন","সুশাসনের ধারণাটি কোন ধরনের রাষ্ট্রের সাথে সবচেয়ে বেশি সামঞ্জস্যপূর্ণ?","94","Good","CLEAN","0","0"
"1449","source-file","10_নৈতিকতা, মূল্যবোধ ও সু-শাসন","ম্যাক্স ওয়েবার (Max Weber) নিচের কোন কাঠামোর তাত্ত্বিক প্রবক্তা, যা সুশাসন বাস্","94","Good","CLEAN","0","0"
"1450","source-file","10_নৈতিকতা, মূল্যবোধ ও সু-শাসন","জাতিসংঘের (UN ESCAP) মতে সুশাসনের উপাদান কয়টি?","94","Good","CLEAN","0","0"
"1451","source-file","10_নৈতিকতা, মূল্যবোধ ও সু-শাসন","'Ethics' (নীতিবিদ্যা) শব্দটি প্রাচীন কোন ভাষার শব্দ থেকে উৎপত্তি লাভ করেছে?","94","Good","CLEAN","0","0"
"1452","source-file","10_নৈতিকতা, মূল্যবোধ ও সু-শাসন","""উদ্দেশ্যই উপায়কে বৈধতা দেয়"" (The end justifies the means)— উক্তিটি কোন দার্শন","94","Good","AUTO","0","1"
"1453","source-file","10_নৈতিকতা, মূল্যবোধ ও সু-শাসন","বিশ্বব্যাংকের (World Bank) মতে সুশাসনের উপাদান কয়টি?","94","Good","CLEAN","0","0"
"1454","source-file","10_নৈতিকতা, মূল্যবোধ ও সু-শাসন","'উপযোগবাদ' (Utilitarianism) বা 'সর্বাধিক মানুষের সর্বাধিক সুখ' নীতির মূল প্রবর্ত","94","Good","CLEAN","0","0"
"1455","source-file","10_নৈতিকতা, মূল্যবোধ ও সু-শাসন","সুশাসনের কোন উপাদানটি নিশ্চিত করে যে সমাজের পিছিয়ে পড়া বা দুর্বল অংশও রাষ্ট্রী","94","Good","CLEAN","0","0"
"1456","source-file","10_নৈতিকতা, মূল্যবোধ ও সু-শাসন","সুশাসন প্রতিষ্ঠায় সরকারের বিভিন্ন বিভাগের (আইন, শাসন ও বিচার) মধ্যে 'ক্ষমতা স্ব","94","Good","CLEAN","0","0"
"1457","source-file","10_নৈতিকতা, মূল্যবোধ ও সু-শাসন","'ন্যায়পাল' (Ombudsman) প্রতিষ্ঠানটি সুশাসনের কোন উপাদানের সাথে সবচেয়ে বেশি সম্","94","Good","CLEAN","0","0"
"1458","source-file","10_নৈতিকতা, মূল্যবোধ ও সু-শাসন","ন্যায়পাল (Ombudsman) ব্যবস্থার উদ্ভব ঘটে সর্বপ্রথম কোন দেশে?","94","Good","CLEAN","0","0"
"1459","source-file","10_নৈতিকতা, মূল্যবোধ ও সু-শাসন","'আইনের শাসন' (Rule of Law) ধারণার আধুনিক প্রবক্তা হিসেবে কাকে স্বীকৃতি দেওয়া হয","94","Good","CLEAN","0","0"
"1460","source-file","10_নৈতিকতা, মূল্যবোধ ও সু-শাসন","""Power tends to corrupt, and absolute power corrupts absolutely""— সুশাসন ও ক্ষমত","94","Good","AUTO","0","1"
"1461","source-file","10_নৈতিকতা, মূল্যবোধ ও সু-শাসন","মূল্যবোধের একটি অন্যতম প্রধান বৈশিষ্ট্য হলো এর 'আপেক্ষিকতা' (Relativity)। এর অর্","94","Good","CLEAN","0","0"
"1462","source-file","10_নৈতিকতা, মূল্যবোধ ও সু-শাসন","সুশীল সমাজ (Civil Society) রাষ্ট্রীয় সুশাসন প্রতিষ্ঠায় মূলত কী ভূমিকা পালন করে","94","Good","CLEAN","0","0"
"1463","source-file","10_নৈতিকতা, মূল্যবোধ ও সু-শাসন","বিশ্বব্যাংক প্রণীত ১৯৯২ সালের কোন প্রতিবেদনে সুশাসনের সুনির্দিষ্ট রূপরেখা ও সংজ্","94","Good","CLEAN","0","0"
"1464","source-file","10_নৈতিকতা, মূল্যবোধ ও সু-শাসন","নৈতিক আচরণের মূল ভিত্তি হলো মানুষের 'সদিচ্ছা' (Good Will)— এটি কোন দার্শনিকের মত","94","Good","AUTO","0","1"
"1465","source-file","10_নৈতিকতা, মূল্যবোধ ও সু-শাসন","নিচের কোনটি 'ব্যক্তিগত মূল্যবোধের' (Personal Values) উদাহরণ নয়?","94","Good","CLEAN","0","0"
"1466","source-file","10_নৈতিকতা, মূল্যবোধ ও সু-শাসন","রাষ্ট্রীয় ও সামাজিক জীবনে সুশাসন প্রতিষ্ঠায় কোনটি 'চেকস অ্যান্ড ব্যালান্স' (Ch","94","Good","CLEAN","0","0"
"1467","source-file","10_নৈতিকতা, মূল্যবোধ ও সু-শাসন","'জনগণের অংশগ্রহণ' (Participation) সুশাসনের একটি অপরিহার্য উপাদান। এই অংশগ্রহণ কা","94","Good","CLEAN","0","0"
"1468","source-file","10_নৈতিকতা, মূল্যবোধ ও সু-শাসন","সুশাসনের 'প্রতিক্রিয়াশীলতা' (Responsiveness) উপাদানটির মূল অর্থ কী?","94","Good","CLEAN","0","0"
"1469","source-file","10_নৈতিকতা, মূল্যবোধ ও সু-শাসন","'Virtue is knowledge' (সদ্গুণই জ্ঞান)— উক্তিটি কোন দার্শনিকের?","94","Good","AUTO","0","1"
"1470","source-file","10_নৈতিকতা, মূল্যবোধ ও সু-শাসন","কোনো সরকারি সিদ্ধান্ত গ্রহণ প্রক্রিয়ায় পুরুষ ও নারী উভয়ের সমান সুযোগ ও প্রতিন","94","Good","CLEAN","0","0"
"1471","source-file","10_নৈতিকতা, মূল্যবোধ ও সু-শাসন","""Man is born free, and everywhere he is in chains"" (মানুষ জন্মগতভাবে স্বাধীন, কি","94","Good","AUTO","0","1"
"1472","source-file","10_নৈতিকতা, মূল্যবোধ ও সু-শাসন","দেশপ্রেম, জাতীয়তাবোধ এবং নিয়মিত ভোটাধিকার প্রয়োগ করা— এগুলো একজন নাগরিকের কোন","94","Good","AUTO","0","1"
"1473","source-file","10_নৈতিকতা, মূল্যবোধ ও সু-শাসন","সুশাসনের 'কার্যকারিতা ও দক্ষতা' (Effectiveness and Efficiency) উপাদানটির মূল অর্","94","Good","CLEAN","0","0"
"1474","source-file","10_নৈতিকতা, মূল্যবোধ ও সু-শাসন","সুশাসন এবং নৈতিকতার মধ্যকার সম্পর্ককে কীভাবে মূল্যায়ন করা যায়?","94","Good","CLEAN","0","0"
"1475","source-file","10_নৈতিকতা, মূল্যবোধ ও সু-শাসন","আধুনিক রাষ্ট্রবিজ্ঞানে রাষ্ট্রের উৎপত্তি ও শাসকের নিরঙ্কুশ ক্ষমতা নিয়ে রচিত বিখ","94","Good","CLEAN","0","0"
"1476","source-file","10_নৈতিকতা, মূল্যবোধ ও সু-শাসন","প্রশাসনে 'স্বজনপ্রীতি' (Nepotism) বা মেধার পরিবর্তে আত্মীয়-স্বজনকে চাকরি দেওয়া","94","Good","CLEAN","0","0"
"1477","source-file","10_নৈতিকতা, মূল্যবোধ ও সু-শাসন","নিচের কোনটি মানুষের মাঝে ইতিবাচক মূল্যবোধ বিকাশের সবচেয়ে শক্তিশালী হাতিয়ার হিস","94","Good","CLEAN","0","0"
"1478","source-file","10_নৈতিকতা, মূল্যবোধ ও সু-শাসন","সুশাসনের অন্যতম ভিত্তি 'আইনের শাসন' (Rule of Law)-এর প্রকৃত অর্থ কী?","94","Good","CLEAN","0","0"
"1479","source-file","10_নৈতিকতা, মূল্যবোধ ও সু-শাসন","নৈতিকতার আলোচনায় 'সহমর্মিতা' (Empathy) বলতে মূলত কী বোঝায়?","94","Good","CLEAN","0","0"
"1480","source-file","10_নৈতিকতা, মূল্যবোধ ও সু-শাসন","উন্নয়নশীল বিশ্বে 'সুশাসন' (Good Governance) ধারণাটি মূলত কোন দশক থেকে ব্যাপক জন","94","Good","CLEAN","0","0"
"1481","source-file","10_নৈতিকতা, মূল্যবোধ ও সু-শাসন","""রাষ্ট্রের অস্তিত্ব কেবল জীবনধারণের জন্যই নয়, বরং উৎকৃষ্ট জীবনযাপনের জন্যই""— উক","94","Good","AUTO","0","1"
"1482","source-file","10_নৈতিকতা, মূল্যবোধ ও সু-শাসন","ধর্মীয় মূল্যবোধের অন্যতম প্রধান বৈশিষ্ট্য কোনটি?","94","Good","CLEAN","0","0"
"1483","source-file","10_নৈতিকতা, মূল্যবোধ ও সু-শাসন","সুশাসনে 'স্বচ্ছতা' (Transparency) নিশ্চিত করার জন্য সবচেয়ে কার্যকর হাতিয়ার কোন","94","Good","CLEAN","0","0"
"1484","source-file","10_নৈতিকতা, মূল্যবোধ ও সু-শাসন","একজন সরকারি কর্মকর্তা বা সিভিল সার্ভান্টের নৈতিক আচরণের (Public Service Ethics) ","94","Good","CLEAN","0","0"
"1485","source-file","10_নৈতিকতা, মূল্যবোধ ও সু-শাসন","প্রশাসনে 'ই-গভর্ন্যান্স' (E-Governance) চালুর মূল উদ্দেশ্য কী?","94","Good","CLEAN","0","0"
"1486","source-file","10_নৈতিকতা, মূল্যবোধ ও সু-শাসন","ফরাসি বিপ্লবের মূল স্লোগান 'স্বাধীনতা, সাম্য ও ভ্রাতৃত্ব' আধুনিক বিশ্বে কোন ধরনে","94","Good","CLEAN","0","0"
"1487","source-file","10_নৈতিকতা, মূল্যবোধ ও সু-শাসন","জাতিসংঘের 'টেকসই উন্নয়ন লক্ষ্যমাত্রা' (SDGs)-এর কত নম্বর লক্ষ্যে শান্তি, ন্যায়","94","Good","CLEAN","0","0"
"1488","source-file","10_নৈতিকতা, মূল্যবোধ ও সু-শাসন","প্রাচীন গ্রিক দার্শনিক প্লেটোর রচিত 'The Republic' গ্রন্থের মূল আলোচ্য বিষয় কী ","94","Good","CLEAN","0","0"
"1489","source-file","10_নৈতিকতা, মূল্যবোধ ও সু-শাসন","'কর্তব্যের জন্য কর্তব্য' (Duty for Duty's sake)— এই কঠোর নৈতিক মতবাদটির প্রবর্তক","94","Good","AUTO","0","1"
"1490","source-file","10_নৈতিকতা, মূল্যবোধ ও সু-শাসন","একটি গণতান্ত্রিক রাষ্ট্রব্যবস্থায় সরকার তার কাজের জন্য চূড়ান্তভাবে কার কাছে জব","94","Good","CLEAN","0","0"
"1491","source-file","10_নৈতিকতা, মূল্যবোধ ও সু-শাসন","ইংরেজি 'Value' বা মূল্যবোধ শব্দটি ল্যাটিন কোন শব্দ থেকে এসেছে?","94","Good","CLEAN","0","0"
"1492","source-file","10_নৈতিকতা, মূল্যবোধ ও সু-শাসন","আধুনিক গণতন্ত্র ও মানবাধিকারের দার্শনিক ভিত্তি হিসেবে 'জীবন, স্বাধীনতা ও সম্পত্ত","94","Good","AUTO","0","1"
"1493","source-file","10_নৈতিকতা, মূল্যবোধ ও সু-শাসন","জাতিসংঘ উন্নয়ন কর্মসূচির (UNDP) মতে, একটি রাষ্ট্রে সুশাসন নিশ্চিত করার ক্ষেত্রে","94","Good","CLEAN","0","0"
"1494","source-file","10_নৈতিকতা, মূল্যবোধ ও সু-শাসন","বড়দের সম্মান করা এবং ছোটদের স্নেহ করা— এটি একজন মানুষের কোন ধরনের মূল্যবোধের পর","94","Good","AUTO","0","1"
"1495","source-file","10_নৈতিকতা, মূল্যবোধ ও সু-শাসন","""মূল্যবোধ হলো আবেগিক ও আদর্শগত ঐক্যের ভিত্তি""— এ কথাটি কে বলেছেন?","94","Good","AUTO","0","1"
"1496","source-file","10_নৈতিকতা, মূল্যবোধ ও সু-শাসন","আইনের শাসনের (Rule of Law) মূল উদ্দেশ্য কী?","94","Good","CLEAN","0","0"
"1497","source-file","10_নৈতিকতা, মূল্যবোধ ও সু-শাসন","""মানুষের আচরণ ও চরিত্রের ভালো-মন্দ, ন্যায়-অন্যায় নিয়ে যে বিজ্ঞান আলোচনা করে, ","94","Good","AUTO","0","1"
"1498","source-file","10_নৈতিকতা, মূল্যবোধ ও সু-শাসন","সুশাসন (Good Governance) মূলত কী ধরনের ধারণা?","94","Good","CLEAN","0","0"
"1499","source-file","10_নৈতিকতা, মূল্যবোধ ও সু-শাসন","সমাজে নৈতিক মূল্যবোধ গঠনের সবচেয়ে প্রাচীন ও শক্তিশালী উপাদান কোনটি?","94","Good","CLEAN","0","0"
"1500","source-file","10_নৈতিকতা, মূল্যবোধ ও সু-শাসন","'হুইসেলব্লোয়ার' (Whistleblower) বা জনস্বার্থে তথ্য প্রকাশকারী সুরক্ষা আইন সুশাস","94","Good","CLEAN","0","0"
"1501","source-file","10_নৈতিকতা, মূল্যবোধ ও সু-শাসন","""মানুষ স্বভাবতই স্বার্থপর, আত্মকেন্দ্রিক ও কলহপ্রিয়""— মানুষের প্রকৃতি সম্পর্কে ","94","Good","AUTO","0","1"
"1502","source-file","10_নৈতিকতা, মূল্যবোধ ও সু-শাসন","'শ্রমের মর্যাদা' (Dignity of labour) এবং 'মিতব্যয়িতা' কোন ধরনের মূল্যবোধের অন্ত","94","Good","CLEAN","0","0"
"1503","source-file","10_নৈতিকতা, মূল্যবোধ ও সু-শাসন","প্রাচীন ভারতে সুশাসনের ধারণা এবং রাষ্ট্র পরিচালনার নীতি সম্পর্কে বিস্তারিত আলোচন","94","Good","CLEAN","0","0"
"1504","source-file","10_নৈতিকতা, মূল্যবোধ ও সু-শাসন","""কোনো কাজের নৈতিক মানদণ্ড নির্ভর করে এর ফলাফলের ওপর; যে কাজের ফলাফল ভালো, তা নৈত","94","Good","AUTO","0","1"
"1505","source-file","10_নৈতিকতা, মূল্যবোধ ও সু-শাসন","সমাজে মূল্যবোধের চরম অবক্ষয় ঘটলে নিচের কোনটি সবচেয়ে বেশি হুমকির সম্মুখীন হয়?","94","Good","CLEAN","0","0"
"1506","source-file","10_নৈতিকতা, মূল্যবোধ ও সু-শাসন","""মূল্যবোধ হচ্ছে মানুষের ইচ্ছা বা লক্ষ্যের মানদণ্ড, যা দ্বারা মানুষের আচার-আচরণ ও","93","Good","AUTO","0","1"
"1507","source-file","10_নৈতিকতা, মূল্যবোধ ও সু-শাসন","সুশাসন প্রতিষ্ঠায় 'দায়িত্বশীলতা' (Responsibility) এবং 'জবাবদিহিতা' (Accountabi","94","Good","CLEAN","0","0"
"1508","source-file","10_নৈতিকতা, মূল্যবোধ ও সু-শাসন","নাগরিকের অধিকার রক্ষায় 'মৌলিক অধিকার' (Fundamental Rights) সংবিধানে সুস্পষ্টভাব","94","Good","CLEAN","0","0"
"1509","source-file","10_নৈতিকতা, মূল্যবোধ ও সু-শাসন","""আইনের চোখে সবাই সমান"" (Equality before the law)— এই নীতিটি সর্বপ্রথম কোন দেশের ","94","Good","AUTO","0","1"
"1510","source-file","10_নৈতিকতা, মূল্যবোধ ও সু-শাসন","সুশাসন ও নৈতিক মূল্যবোধ চর্চার চূড়ান্ত লক্ষ্য বা পরিণতি কী?","94","Good","CLEAN","0","0"
"1511","source-file","10_নৈতিকতা, মূল্যবোধ ও সু-শাসন","সুশাসন ও মূল্যবোধের মধ্যকার সম্পর্ক মূলত কেমন?","94","Good","CLEAN","0","0"
"1512","source-file","10_নৈতিকতা, মূল্যবোধ ও সু-শাসন","নিচের কোনটি সুশাসন প্রতিষ্ঠার সবচেয়ে শক্তিশালী নৈতিক ভিত্তি?","94","Good","CLEAN","0","0"
"1513","source-file","10_নৈতিকতা, মূল্যবোধ ও সু-শাসন","মূল্যবোধহীন সমাজে সুশাসন কেন প্রতিষ্ঠা করা কঠিন?","94","Good","CLEAN","0","0"
"1514","source-file","10_নৈতিকতা, মূল্যবোধ ও সু-শাসন","""মূল্যবোধ হলো সুশাসনের চালিকাশক্তি""— কথাটির তাৎপর্য কী?","94","Good","AUTO","0","1"
"1515","source-file","10_নৈতিকতা, মূল্যবোধ ও সু-শাসন","একটি রাষ্ট্রে আইনের শাসন ও নৈতিক মূল্যবোধের মধ্যে প্রধান পার্থক্য কী?","94","Good","CLEAN","0","0"
"1516","source-file","10_নৈতিকতা, মূল্যবোধ ও সু-শাসন","সুশাসন নিশ্চিত করতে হলে নাগরিকের কোন মূল্যবোধটি সবচেয়ে বেশি প্রয়োজন?","94","Good","CLEAN","0","0"
"1517","source-file","10_নৈতিকতা, মূল্যবোধ ও সু-শাসন","সমাজে নৈতিক মূল্যবোধ শক্তিশালী হলে সুশাসনের কোন উপাদানটি আপনাআপনি বৃদ্ধি পায়?","94","Good","CLEAN","0","0"
"1518","source-file","10_নৈতিকতা, মূল্যবোধ ও সু-শাসন","সুশাসন ও মূল্যবোধ উভয়টির চূড়ান্ত লক্ষ্য কী?","94","Good","CLEAN","0","0"
"1519","source-file","10_নৈতিকতা, মূল্যবোধ ও সু-শাসন","রাষ্ট্রীয় প্রশাসনে সুশাসন আনতে হলে আমলাদের মধ্যে কোন মূল্যবোধের চর্চা জরুরি?","94","Good","CLEAN","0","0"
"1520","source-file","10_নৈতিকতা, মূল্যবোধ ও সু-শাসন","মূল্যবোধ ও আইনের মধ্যে সম্পর্ক কী?","94","Good","CLEAN","0","0"
"1521","source-file","10_নৈতিকতা, মূল্যবোধ ও সু-শাসন","সুশাসনের কোন উপাদানটি সরাসরি গণতান্ত্রিক মূল্যবোধের সাথে সম্পর্কিত?","94","Good","CLEAN","0","0"
"1522","source-file","10_নৈতিকতা, মূল্যবোধ ও সু-শাসন","একটি দেশের সুশাসন ব্যবস্থা দুর্বল হয়ে পড়ে কখন?","94","Good","CLEAN","0","0"
"1523","source-file","10_নৈতিকতা, মূল্যবোধ ও সু-শাসন","নিচের কোনটি রাজনৈতিক মূল্যবোধ ও সুশাসনের অভিন্ন উপাদান?","94","Good","CLEAN","0","0"
"1524","source-file","10_নৈতিকতা, মূল্যবোধ ও সু-শাসন","সুশাসন প্রতিষ্ঠায় সরকার ও জনগণের মধ্যে সেতুবন্ধন হিসেবে কাজ করে কোনটি?","94","Good","CLEAN","0","0"
"1525","source-file","10_নৈতিকতা, মূল্যবোধ ও সু-শাসন","মূল্যবোধ কীভাবে সুশাসনে সহায়তা করে?","94","Good","CLEAN","0","0"
"1526","source-file","10_নৈতিকতা, মূল্যবোধ ও সু-শাসন","সুশাসন ও মূল্যবোধের অভাবের সরাসরি ফলাফল কোনটি?","94","Good","CLEAN","0","0"
"1527","source-file","10_নৈতিকতা, মূল্যবোধ ও সু-শাসন","সুশাসন প্রতিষ্ঠায় ‘স্বচ্ছতা’ (Transparency) নিশ্চিত করতে কোন মূল্যবোধটি আবশ্যক?","94","Good","AUTO","0","1"
"1528","source-file","10_নৈতিকতা, মূল্যবোধ ও সু-শাসন","নাগরিকের ‘আইন মান্য করার প্রবণতা’ কোন ধরনের মূল্যবোধ এবং এটি সুশাসনে কী ভূমিকা র","94","Good","AUTO","0","1"
"1529","source-file","10_নৈতিকতা, মূল্যবোধ ও সু-শাসন","মূল্যবোধের শিক্ষা কোথা থেকে শুরু হলে সুশাসন প্রতিষ্ঠা সহজ হয়?","94","Good","CLEAN","0","0"
"1530","source-file","10_নৈতিকতা, মূল্যবোধ ও সু-শাসন","সুশাসনের উপাদানগুলোর সফল প্রয়োগ মূলত কিসের ওপর নির্ভরশীল?","94","Good","CLEAN","0","0"
"1531","source-file","10_নৈতিকতা, মূল্যবোধ ও সু-শাসন","‘সাম্য ও অন্তর্ভুক্তি’ (Equity and Inclusiveness) সুশাসনের উপাদান। এটি কোন মূল্য","94","Good","AUTO","0","1"
"1532","source-file","10_নৈতিকতা, মূল্যবোধ ও সু-শাসন","সুশাসনের রাজনৈতিক উপাদানগুলো কার্যকর হতে কোন মূল্যবোধের চর্চা অপরিহার্য?","94","Good","CLEAN","0","0"
"1533","source-file","10_নৈতিকতা, মূল্যবোধ ও সু-শাসন","নিচের কোনটি সুশাসনের অন্তরায় এবং মূল্যবোধের অবক্ষয়ের লক্ষণ?","94","Good","CLEAN","0","0"
"1534","source-file","10_নৈতিকতা, মূল্যবোধ ও সু-শাসন","মূল্যবোধের সাথে সুশাসনের সম্পর্ককে কীভাবে বর্ণনা করা যায়?","94","Good","CLEAN","0","0"
"1535","source-file","10_নৈতিকতা, মূল্যবোধ ও সু-শাসন","সুশাসন একটি আধুনিক ধারণা হলেও এর মূলে রয়েছে প্রাচীনকালের কোন বিষয়টি?","94","Good","CLEAN","0","0"
"1536","source-file","10_নৈতিকতা, মূল্যবোধ ও সু-শাসন","গণতান্ত্রিক মূল্যবোধের অভাব ঘটলে সুশাসনের কোন উপাদানটি সবচেয়ে বেশি ক্ষতিগ্রস্ত ","94","Good","CLEAN","0","0"
"1537","source-file","10_নৈতিকতা, মূল্যবোধ ও সু-শাসন","'দায়িত্ববোধ' (Sense of responsibility) কোন ধরনের মূল্যবোধ এবং এটি সুশাসনে কীভাব","94","Good","CLEAN","0","0"
"1538","source-file","10_নৈতিকতা, মূল্যবোধ ও সু-শাসন","সমাজে ‘সহমর্মিতা’ (Empathy) নামক মূল্যবোধটি বিরাজ করলে সুশাসনের কোন দিকটি শক্তিশ","94","Good","AUTO","0","1"
"1539","source-file","10_নৈতিকতা, মূল্যবোধ ও সু-শাসন","সুশাসনে ঐকমত্য (Consensus) প্রতিষ্ঠায় কোন মূল্যবোধটি সহায়ক?","94","Good","CLEAN","0","0"
"1540","source-file","10_নৈতিকতা, মূল্যবোধ ও সু-শাসন","সরকার ও প্রশাসনের কার্যক্রমে 'স্বচ্ছতা' না থাকলে সমাজে কোন মূল্যবোধের অবক্ষয় ঘট","94","Good","CLEAN","0","0"
"1541","source-file","10_নৈতিকতা, মূল্যবোধ ও সু-শাসন","মূল্যবোধহীন শিক্ষা সুশাসনের জন্য কেন হুমকিস্বরূপ?","94","Good","CLEAN","0","0"
"1542","source-file","10_নৈতিকতা, মূল্যবোধ ও সু-শাসন","জবাবদিহিতা সুশাসনের একটি গুরুত্বপূর্ণ শর্ত। এর সাথে কোন মূল্যবোধটি সরাসরি যুক্ত?","94","Good","CLEAN","0","0"
"1543","source-file","10_নৈতিকতা, মূল্যবোধ ও সু-শাসন","রাষ্ট্রের সম্পদ সুষম বণ্টন সুশাসনের একটি অংশ। এর পেছনে কোন অর্থনৈতিক মূল্যবোধ কা","94","Good","CLEAN","0","0"
"1544","source-file","10_নৈতিকতা, মূল্যবোধ ও সু-শাসন","মূল্যবোধের অবক্ষয় রোধে এবং সুশাসন প্রতিষ্ঠায় কার ভূমিকা সবচেয়ে বেশি?","94","Good","CLEAN","0","0"
"1545","source-file","10_নৈতিকতা, মূল্যবোধ ও সু-শাসন","সুশাসনে স্বাধীন গণমাধ্যমের ভূমিকা ব্যাপক। এটি নাগরিকের কোন মূল্যবোধকে জাগ্রত করে","94","Good","CLEAN","0","0"
"1546","source-file","10_নৈতিকতা, মূল্যবোধ ও সু-শাসন","'দুর্নীতি' সুশাসনের প্রধান শত্রু। দুর্নীতি প্রতিরোধে আইনি ব্যবস্থার পাশাপাশি আর ","94","Good","CLEAN","0","0"
"1547","source-file","10_নৈতিকতা, মূল্যবোধ ও সু-শাসন","সুশাসনের অন্যতম শর্ত হলো 'সংখ্যালঘুদের অধিকার রক্ষা'। এটি কোন মূল্যবোধের পরিচায়","94","Good","CLEAN","0","0"
"1548","source-file","10_নৈতিকতা, মূল্যবোধ ও সু-শাসন","নাগরিকের ‘দেশপ্রেম’ সুশাসন প্রতিষ্ঠায় কীভাবে সাহায্য করে?","94","Good","AUTO","0","1"
"1549","source-file","10_নৈতিকতা, মূল্যবোধ ও সু-শাসন","সুশাসনে ‘ক্ষমতার বিকেন্দ্রীকরণ’ (Decentralization) কোন মূল্যবোধকে উৎসাহিত করে?","94","Good","AUTO","0","1"
"1550","source-file","10_নৈতিকতা, মূল্যবোধ ও সু-শাসন","বিচার বিভাগের স্বাধীনতা সুশাসনের অন্যতম ভিত্তি। এটি কোন মূল্যবোধ রক্ষায় কাজ করে","94","Good","CLEAN","0","0"
"1551","source-file","10_নৈতিকতা, মূল্যবোধ ও সু-শাসন","'লাল ফিতার দৌরাত্ম্য' (Red Tapism) বা আমলাতান্ত্রিক দীর্ঘসূত্রতা সুশাসনের পথে বা","94","Good","CLEAN","0","0"
"1552","source-file","10_নৈতিকতা, মূল্যবোধ ও সু-শাসন","সুশাসনে 'প্রতিক্রিয়াশীলতা' (Responsiveness) বলতে দ্রুত সেবা প্রদান বোঝায়। এটি ","94","Good","CLEAN","0","0"
"1553","source-file","10_নৈতিকতা, মূল্যবোধ ও সু-শাসন","রাষ্ট্রে সুশাসন না থাকলে সমাজের মূল্যবোধের কী পরিণতি হয়?","94","Good","CLEAN","0","0"
"1554","source-file","10_নৈতিকতা, মূল্যবোধ ও সু-শাসন","একটি সমাজে ‘শিষ্টাচার’ (Etiquette) ও ‘ভদ্রতা’ সুশাসনে কীভাবে ভূমিকা রাখে?","94","Good","AUTO","0","1"
"1555","source-file","10_নৈতিকতা, মূল্যবোধ ও সু-শাসন","সুশাসনের 'কার্যকারিতা ও দক্ষতা' (Effectiveness and Efficiency) উপাদানের সাথে কোন","94","Good","CLEAN","0","0"
"1556","source-file","10_নৈতিকতা, মূল্যবোধ ও সু-শাসন","আইনের শাসন প্রতিষ্ঠায় নাগরিকের নৈতিক দায়িত্ব কোনটি?","94","Good","CLEAN","0","0"
"1557","source-file","10_নৈতিকতা, মূল্যবোধ ও সু-শাসন","""জোর যার মুল্লুক তার""— এই নীতি সমাজে প্রতিষ্ঠিত হলে সুশাসনের কী অবস্থা হয়?","94","Good","AUTO","0","1"
"1558","source-file","10_নৈতিকতা, মূল্যবোধ ও সু-শাসন","সুশাসনে 'মানবাধিকার' (Human Rights) রক্ষার বিষয়টি কোন ধরনের মূল্যবোধের চূড়ান্ত","94","Good","CLEAN","0","0"
"1559","source-file","10_নৈতিকতা, মূল্যবোধ ও সু-শাসন","তথ্য অধিকার আইন (RTI) পাস হওয়ার ফলে সুশাসন ও মূল্যবোধের কোন দিকটি বিকশিত হয়েছে","94","Good","CLEAN","0","0"
"1560","source-file","10_নৈতিকতা, মূল্যবোধ ও সু-শাসন","মূল্যবোধের অবক্ষয়জনিত অপরাধ (যেমন- ইভটিজিং, কিশোর গ্যাং) রোধে সুশাসনের কোন হাতি","94","Good","CLEAN","0","0"
"1561","source-file","10_নৈতিকতা, মূল্যবোধ ও সু-শাসন","সুশীল সমাজের (Civil Society) প্রধান নৈতিক দায়িত্ব কী, যা সুশাসনকে ত্বরান্বিত কর","94","Good","CLEAN","0","0"
"1562","source-file","10_নৈতিকতা, মূল্যবোধ ও সু-শাসন","'শ্রমের মর্যাদা' (Dignity of labour) সুশাসন প্রতিষ্ঠায় কীভাবে সাহায্য করে?","94","Good","CLEAN","0","0"
"1563","source-file","10_নৈতিকতা, মূল্যবোধ ও সু-শাসন","‘নেতৃত্বের সততা’ সুশাসনের জন্য কেন সবচেয়ে বেশি গুরুত্বপূর্ণ?","94","Good","AUTO","0","1"
"1564","source-file","10_নৈতিকতা, মূল্যবোধ ও সু-শাসন","মূল্যবোধ শিক্ষা সুশাসনের কোন উপাদানটিকে সবচেয়ে বেশি দীর্ঘস্থায়ী করে?","94","Good","CLEAN","0","0"
"1565","source-file","10_নৈতিকতা, মূল্যবোধ ও সু-শাসন","সুশাসনে ‘জনগণের অংশগ্রহণ’ (Participation) নিশ্চিত করতে নাগরিকের কোন রাজনৈতিক মূল","94","Good","AUTO","0","1"
"1566","source-file","10_নৈতিকতা, মূল্যবোধ ও সু-শাসন","নিচের কোনটি সুশাসনের বৈশিষ্ট্য, যা সরাসরি নৈতিক মূল্যবোধ থেকে উৎসারিত?","94","Good","CLEAN","0","0"
"1567","source-file","10_নৈতিকতা, মূল্যবোধ ও সু-শাসন","‘সহনশীলতা’ (Tolerance) মূল্যবোধটি সুশাসনে কীভাবে কাজ করে?","94","Good","AUTO","0","1"
"1568","source-file","10_নৈতিকতা, মূল্যবোধ ও সু-শাসন","সুশাসন প্রতিষ্ঠায় 'ন্যায়পাল' (Ombudsman) ব্যবস্থার মূল কাজ কী এবং এটি কোন মূল্","94","Good","CLEAN","0","0"
"1569","source-file","10_নৈতিকতা, মূল্যবোধ ও সু-শাসন","সামাজিক যোগাযোগ মাধ্যমে গুজব না ছড়ানো একজন নাগরিকের কোন ধরনের মূল্যবোধ এবং এটি ","94","Good","CLEAN","0","0"
"1570","source-file","10_নৈতিকতা, মূল্যবোধ ও সু-শাসন","সুশাসনে 'ঐকমত্যমুখী' (Consensus oriented) দৃষ্টিভঙ্গির মূলে কোন নৈতিক গুণটি কাজ ","94","Good","CLEAN","0","0"
"1571","source-file","10_নৈতিকতা, মূল্যবোধ ও সু-শাসন","'ই-গভর্ন্যান্স' বা ডিজিটাল প্রশাসন সুশাসন ও মূল্যবোধের সম্পর্কে কী পরিবর্তন এনেছ","94","Good","CLEAN","0","0"
"1572","source-file","10_নৈতিকতা, মূল্যবোধ ও সু-শাসন","মূল্যবোধের অবক্ষয় ঘটলে রাষ্ট্রীয় প্রতিষ্ঠানগুলোর ওপর এর কী প্রভাব পড়ে?","94","Good","CLEAN","0","0"
"1573","source-file","10_নৈতিকতা, মূল্যবোধ ও সু-শাসন","""সবার উপরে মানুষ সত্য, তাহার উপরে নাই""— এটি কোন ধরনের মূল্যবোধ এবং সুশাসনে এর ভূ","94","Good","AUTO","0","1"
"1574","source-file","10_নৈতিকতা, মূল্যবোধ ও সু-শাসন","সুশাসনে 'সংবিধানের প্রতি আনুগত্য' নাগরিকের কোন মূল্যবোধ?","94","Good","CLEAN","0","0"
"1575","source-file","10_নৈতিকতা, মূল্যবোধ ও সু-শাসন","প্রশাসনে 'মেধাতন্ত্র' (Meritocracy) প্রতিষ্ঠা করা সুশাসনের কোন উপাদানের সাথে সম্","94","Good","CLEAN","0","0"
"1576","source-file","10_নৈতিকতা, মূল্যবোধ ও সু-শাসন","'ব্যক্তিগত সততা' (Personal Integrity) ছাড়া সুশাসনের 'স্বচ্ছতা' উপাদানটি কেন অকা","94","Good","CLEAN","0","0"
"1577","source-file","10_নৈতিকতা, মূল্যবোধ ও সু-শাসন","রাষ্ট্রীয়ভাবে 'দুর্নীতি দমন কমিশন' (ACC) গঠন করা সুশাসনের কোন উপাদানের অংশ এবং ","94","Good","CLEAN","0","0"
"1578","source-file","10_নৈতিকতা, মূল্যবোধ ও সু-শাসন","নির্বাচনে 'কালো টাকার প্রভাব' সুশাসন ও মূল্যবোধের ওপর কী প্রভাব ফেলে?","94","Good","CLEAN","0","0"
"1579","source-file","10_নৈতিকতা, মূল্যবোধ ও সু-শাসন","সুশাসনে 'পরিবেশ সংরক্ষণ' (Environmental Protection) একটি গুরুত্বপূর্ণ দিক। এটি ন","94","Good","CLEAN","0","0"
"1580","source-file","10_নৈতিকতা, মূল্যবোধ ও সু-শাসন","মূল্যবোধ চর্চার অভাবে সৃষ্ট 'কিশোর অপরাধ' সুশাসনের কোন দিকটিকে সবচেয়ে বেশি ব্যা","94","Good","CLEAN","0","0"
"1581","source-file","10_নৈতিকতা, মূল্যবোধ ও সু-শাসন","সুশাসনে 'আইনের শাসন' এবং 'নৈতিকতা'র মধ্যে একটি মৌলিক পার্থক্য থাকা সত্ত্বেও তারা","94","Good","CLEAN","0","0"
"1582","source-file","10_নৈতিকতা, মূল্যবোধ ও সু-শাসন","নাগরিকের 'ট্যাক্স বা কর ফাঁকি দেওয়ার প্রবণতা' সুশাসনে কী ধরনের প্রভাব ফেলে?","94","Good","CLEAN","0","0"
"1583","source-file","10_নৈতিকতা, মূল্যবোধ ও সু-শাসন","'উদারতা' (Open-mindedness) নামক মূল্যবোধ সুশাসনের কোন উপাদানটি বিকাশে সাহায্য কর","94","Good","CLEAN","0","0"
"1584","source-file","10_নৈতিকতা, মূল্যবোধ ও সু-শাসন","সুশাসন ও মূল্যবোধের প্রেক্ষাপটে 'ন্যায়বিচার' (Justice) বলতে কী বোঝায়?","94","Good","CLEAN","0","0"
"1585","source-file","10_নৈতিকতা, মূল্যবোধ ও সু-শাসন","প্রশাসকদের মধ্যে 'জবাবদিহিতার অভাব' সমাজে কোন নেতিবাচক মূল্যবোধের জন্ম দেয়?","94","Good","CLEAN","0","0"
"1586","source-file","10_নৈতিকতা, মূল্যবোধ ও সু-শাসন","'জাতীয় স্বার্থকে ব্যক্তিগত স্বার্থের ঊর্ধ্বে স্থান দেওয়া'— এটি সুশাসন প্রতিষ্ঠ","94","Good","AUTO","0","1"
"1587","source-file","10_নৈতিকতা, মূল্যবোধ ও সু-শাসন","সুশাসনে 'আইনের শাসন' নিশ্চিত করতে আইন প্রয়োগকারী সংস্থার (যেমন- পুলিশ) সদস্যদের","94","Good","CLEAN","0","0"
"1588","source-file","10_নৈতিকতা, মূল্যবোধ ও সু-শাসন","সমাজে 'নারীর প্রতি সম্মান ও মর্যাদা' প্রদান করা সুশাসনের কোন উপাদানকে শক্তিশালী ","94","Good","CLEAN","0","0"
"1589","source-file","10_নৈতিকতা, মূল্যবোধ ও সু-শাসন","মূল্যবোধ ও সুশাসন পরস্পরের পরিপূরক— এই ধারণার সবচেয়ে বড় প্রমাণ কোনটি?","94","Good","AUTO","0","1"
"1590","source-file","10_নৈতিকতা, মূল্যবোধ ও সু-শাসন","'নাগরিক সচেতনতা' সুশাসনে জবাবদিহিতা নিশ্চিত করে। এই সচেতনতা মূলত কিসের ফসল?","94","Good","CLEAN","0","0"
"1591","source-file","10_নৈতিকতা, মূল্যবোধ ও সু-শাসন","সরকারি চাকরিতে 'মেধা ও যোগ্যতার' পরিবর্তে 'ঘুষ' এর মাধ্যমে নিয়োগ হলে সুশাসনের ও","94","Good","CLEAN","0","0"
"1592","source-file","10_নৈতিকতা, মূল্যবোধ ও সু-শাসন","সুশাসনে 'স্থানীয় সরকার' (Local Government) শক্তিশালী করা কোন মূল্যবোধকে ধারণ কর","94","Good","CLEAN","0","0"
"1593","source-file","10_নৈতিকতা, মূল্যবোধ ও সু-শাসন","সমাজে 'বৃদ্ধ ও অসহায়দের প্রতি দায়িত্ববোধ' সুশাসনের কোন লক্ষ্যের সাথে সামঞ্জস্য","94","Good","CLEAN","0","0"
"1594","source-file","10_নৈতিকতা, মূল্যবোধ ও সু-শাসন","সুশাসনে 'তথ্য উন্মুক্তকরণ' (Open Data) নীতি প্রশাসনের কোন নৈতিকতাকে তুলে ধরে?","94","Good","CLEAN","0","0"
"1595","source-file","10_নৈতিকতা, মূল্যবোধ ও সু-শাসন","রাজনৈতিক দলগুলোর মধ্যে 'নির্বাচনি আচরণবিধি' মেনে চলার প্রবণতা সুশাসনের কোন দিকটি","94","Good","CLEAN","0","0"
"1596","source-file","10_নৈতিকতা, মূল্যবোধ ও সু-শাসন","'সহমর্মিতা' (Empathy) ও 'সহানুভূতি' (Sympathy)-এর মধ্যে কোনটি সুশাসনে বেশি কার্য","94","Good","CLEAN","0","0"
"1597","source-file","10_নৈতিকতা, মূল্যবোধ ও সু-শাসন","সুশাসন প্রতিষ্ঠায় 'রাষ্ট্রীয় ক্ষমতার অপব্যবহার' রোধে কোন নৈতিক গুণটি সবচেয়ে ব","94","Good","CLEAN","0","0"
"1598","source-file","10_নৈতিকতা, মূল্যবোধ ও সু-শাসন","'পাবলিক সার্ভিস' বা সরকারি সেবাকে 'চাকরি' না ভেবে 'সেবা' হিসেবে গ্রহণ করা কোন ধর","94","Good","CLEAN","0","0"
"1599","source-file","10_নৈতিকতা, মূল্যবোধ ও সু-শাসন","মূল্যবোধ ও সুশাসনের অভাব একটি দেশের আন্তর্জাতিক ভাবমূর্তিতে কী প্রভাব ফেলে?","94","Good","CLEAN","0","0"
"1600","source-file","10_নৈতিকতা, মূল্যবোধ ও সু-শাসন","'ভোক্তা অধিকার সংরক্ষণ' আইন বাস্তবায়ন সুশাসন ও মূল্যবোধের কোন দিকটিকে তুলে ধরে?","94","Good","CLEAN","0","0"
"1601","source-file","10_নৈতিকতা, মূল্যবোধ ও সু-শাসন","সমাজে পরশ্রীকাতরতা ও হিংসার মতো নেতিবাচক মূল্যবোধ বৃদ্ধি পেলে সুশাসনের কোন উপাদা","94","Good","CLEAN","0","0"
"1602","source-file","10_নৈতিকতা, মূল্যবোধ ও সু-শাসন","""Justice delayed is justice denied"" (বিচারিক দীর্ঘসূত্রতা ন্যায়বিচারকে অস্বীকার","94","Good","AUTO","0","1"
"1603","source-file","10_নৈতিকতা, মূল্যবোধ ও সু-শাসন","সুশাসনে 'স্বচ্ছতা' (Transparency) বলতে কেবল তথ্য প্রকাশ নয়, বরং আর কী বোঝায়?","94","Good","CLEAN","0","0"
"1604","source-file","10_নৈতিকতা, মূল্যবোধ ও সু-শাসন","নাগরিকের 'কর্তব্যনিষ্ঠা' (Devotion to duty) সুশাসনের চাকাকে কীভাবে সচল রাখে?","94","Good","CLEAN","0","0"
"1605","source-file","10_নৈতিকতা, মূল্যবোধ ও সু-শাসন","সুশাসনে 'সংখ্যালঘুদের নিরাপত্তা' নিশ্চিত করা কোন ধরনের মূল্যবোধের চূড়ান্ত পরীক্","94","Good","CLEAN","0","0"
"1606","source-file","10_নৈতিকতা, মূল্যবোধ ও সু-শাসন","""Power corrupts and absolute power corrupts absolutely"" – এই নৈতিক স্খলন রোধে সু","94","Good","AUTO","0","1"
"1607","source-file","10_নৈতিকতা, মূল্যবোধ ও সু-শাসন","মূল্যবোধের অবক্ষয় রোধে 'সাংস্কৃতিক কর্মকাণ্ড' কীভাবে সুশাসনে সাহায্য করে?","94","Good","CLEAN","0","0"
"1608","source-file","10_নৈতিকতা, মূল্যবোধ ও সু-শাসন","সুশাসনে 'বৈধতা' (Legitimacy) উপাদানের সাথে কোন রাজনৈতিক মূল্যবোধ জড়িত?","94","Good","CLEAN","0","0"
"1609","source-file","10_নৈতিকতা, মূল্যবোধ ও সু-শাসন","'অ্যাডভোকেসি' বা জনসচেতনতা মূলক প্রচারণার মাধ্যমে সুশীল সমাজ মূলত কী করতে চায়?","94","Good","CLEAN","0","0"
"1610","source-file","10_নৈতিকতা, মূল্যবোধ ও সু-শাসন","পরিশেষে, একটি রাষ্ট্রে টেকসই সুশাসন (Sustainable Good Governance) প্রতিষ্ঠার জন্","94","Good","CLEAN","0","0"
"1611","source-file","10_নৈতিকতা, মূল্যবোধ ও সু-শাসন","গভীর রাতে ফাঁকা রাস্তায় ট্রাফিক সিগন্যালে লাল বাতি দেখে একজন চালক গাড়ি থামিয়ে","94","Good","CLEAN","0","0"
"1612","source-file","10_নৈতিকতা, মূল্যবোধ ও সু-শাসন","রাস্তায় কুড়িয়ে পাওয়া একটি মানিব্যাগ এক ব্যক্তি প্রকৃত মালিককে ফেরত দিলেন। এর","94","Good","CLEAN","0","0"
"1613","source-file","10_নৈতিকতা, মূল্যবোধ ও সু-শাসন","সাধারণ মানুষের দৃষ্টিতে সুশাসন বলতে মূলত কী বোঝায়?","94","Good","CLEAN","0","0"
"1614","source-file","10_নৈতিকতা, মূল্যবোধ ও সু-শাসন","একজন সরকারি কর্মকর্তা তার নিজ আত্মীয়কে যোগ্যতা না থাকা সত্ত্বেও চাকরি দিলেন। এট","94","Good","CLEAN","0","0"
"1615","source-file","10_নৈতিকতা, মূল্যবোধ ও সু-শাসন","একটি সমাজে মূল্যবোধের অবক্ষয় হয়েছে তা সবচেয়ে ভালোভাবে বোঝা যায় কোন লক্ষণটি দ","94","Good","CLEAN","0","0"
"1616","source-file","10_নৈতিকতা, মূল্যবোধ ও সু-শাসন","একজন নাগরিক নিয়মিত কর বা ট্যাক্স প্রদান করেন। এটি তার কোন ধরনের মূল্যবোধ?","94","Good","CLEAN","0","0"
"1617","source-file","10_নৈতিকতা, মূল্যবোধ ও সু-শাসন","সরকারি হাসপাতালে বিনামূল্যে ঔষধ বিতরণে স্বচ্ছতা নিশ্চিত করতে হলে সবচেয়ে কার্যকর","94","Good","CLEAN","0","0"
"1618","source-file","10_নৈতিকতা, মূল্যবোধ ও সু-শাসন","আপনার এলাকার জনপ্রতিনিধি এলাকার উন্নয়নের জন্য একটি কমিটি গঠন করলেন যেখানে সমাজে","94","Good","CLEAN","0","0"
"1619","source-file","10_নৈতিকতা, মূল্যবোধ ও সু-শাসন","ভিন্ন ধর্ম, বর্ণ বা রাজনৈতিক মতাদর্শের মানুষের সাথে শান্তিপূর্ণভাবে বসবাস করার জ","94","Good","CLEAN","0","0"
"1620","source-file","10_নৈতিকতা, মূল্যবোধ ও সু-শাসন","একজন বিচারক তার নিজের সন্তানের বিরুদ্ধে আসা একটি মামলার বিচার করতে অস্বীকৃতি জান","94","Good","CLEAN","0","0"
"1621","source-file","10_নৈতিকতা, মূল্যবোধ ও সু-শাসন","সুশাসন প্রতিষ্ঠায় 'ই-টেন্ডারিং' (E-Tendering) পদ্ধতি চালুর মূল উদ্দেশ্য কী?","94","Good","CLEAN","0","0"
"1622","source-file","10_নৈতিকতা, মূল্যবোধ ও সু-শাসন","একটি দেশের সংবিধানে 'মৌলিক অধিকার' সন্নিবেশিত থাকলে সাধারণ মানুষের দৃষ্টিতে সেটি","94","Good","CLEAN","0","0"
"1623","source-file","10_নৈতিকতা, মূল্যবোধ ও সু-শাসন","মূল্যবোধের শিক্ষা একজন মানুষকে মূলত কী শেখায়?","94","Good","CLEAN","0","0"
"1624","source-file","10_নৈতিকতা, মূল্যবোধ ও সু-শাসন","সরকারি অফিসে কাজের গতি বাড়াতে এবং হয়রানি কমাতে 'সিটিজেনস চার্টার' (Citizen's C","94","Good","CLEAN","0","0"
"1625","source-file","10_নৈতিকতা, মূল্যবোধ ও সু-শাসন","সমাজে প্রবীণদের বা বৃদ্ধদের প্রতি সম্মান প্রদর্শন করা কোন ধরনের মূল্যবোধের অন্তর","94","Good","CLEAN","0","0"
"1626","source-file","10_নৈতিকতা, মূল্যবোধ ও সু-শাসন","একজন শিক্ষার্থী পরীক্ষায় অসদুপায় অবলম্বন করার সুযোগ থাকা সত্ত্বেও তা করল না। এ","94","Good","CLEAN","0","0"
"1627","source-file","10_নৈতিকতা, মূল্যবোধ ও সু-শাসন","সুশাসন প্রতিষ্ঠায় স্বাধীন গণমাধ্যমের সবচেয়ে বড় ভূমিকা কোনটি?","94","Good","CLEAN","0","0"
"1628","source-file","10_নৈতিকতা, মূল্যবোধ ও সু-শাসন","কর্মক্ষেত্রে একজন কর্মকর্তা প্রতিদিন সঠিক সময়ে অফিসে উপস্থিত হন। এটি তার কোন মূ","94","Good","CLEAN","0","0"
"1629","source-file","10_নৈতিকতা, মূল্যবোধ ও সু-শাসন","প্রাকৃতিক দুর্যোগের সময় এলাকার যুবকরা স্বেচ্ছায় ত্রাণ বিতরণে এগিয়ে এলো। এটি ত","94","Good","CLEAN","0","0"
"1630","source-file","10_নৈতিকতা, মূল্যবোধ ও সু-শাসন","'তথ্য অধিকার আইন' সাধারণ মানুষের ক্ষমতায়নে কীভাবে কাজ করে?","94","Good","CLEAN","0","0"
"1631","source-file","10_নৈতিকতা, মূল্যবোধ ও সু-শাসন","সুশাসনে 'লাল ফিতার দৌরাত্ম্য' (Red Tapism) একটি নেতিবাচক শব্দ। এর অর্থ কী?","94","Good","CLEAN","0","0"
"1632","source-file","10_নৈতিকতা, মূল্যবোধ ও সু-শাসন","পরিবেশ দূষণ রোধে কারখানা মালিক বর্জ্য শোধনাগার (ETP) ব্যবহার করছেন। এটি তার কোন ","94","Good","CLEAN","0","0"
"1633","source-file","10_নৈতিকতা, মূল্যবোধ ও সু-শাসন","আপনি একটি লাইনে দাঁড়িয়ে সেবার জন্য অপেক্ষা করছেন, এমন সময় একজন ব্যক্তি লাইন ভ","94","Good","CLEAN","0","0"
"1634","source-file","10_নৈতিকতা, মূল্যবোধ ও সু-শাসন","প্রশাসনে 'জবাবদিহিতা' (Accountability) না থাকলে নিচের কোন পরিস্থিতির সৃষ্টি হয়?","94","Good","CLEAN","0","0"
"1635","source-file","10_নৈতিকতা, মূল্যবোধ ও সু-শাসন","গণতান্ত্রিক মূল্যবোধ বিকাশে সবচেয়ে জরুরি উপাদান কোনটি?","94","Good","CLEAN","0","0"
"1636","source-file","10_নৈতিকতা, মূল্যবোধ ও সু-শাসন","সমাজের প্রতিটি মানুষ যখন তার নিজ নিজ দায়িত্ব সততার সাথে পালন করে, তখন রাষ্ট্রে ","94","Good","CLEAN","0","0"
"1637","source-file","10_নৈতিকতা, মূল্যবোধ ও সু-শাসন","একজন জনপ্রতিনিধি নির্বাচিত হওয়ার পর শুধুমাত্র তার নিজের দলের লোকদের সরকারি সুবি","94","Good","CLEAN","0","0"
"1638","source-file","10_নৈতিকতা, মূল্যবোধ ও সু-শাসন","সমাজে 'শ্রমের মর্যাদা' (Dignity of labour) প্রতিষ্ঠিত থাকলে কী সুবিধা হয়?","94","Good","CLEAN","0","0"
"1639","source-file","10_নৈতিকতা, মূল্যবোধ ও সু-শাসন","সুশাসনে 'বিকেন্দ্রীকরণ' (Decentralization) বলতে কী বোঝায়?","94","Good","CLEAN","0","0"
"1640","source-file","10_নৈতিকতা, মূল্যবোধ ও সু-শাসন","নিচের কোনটি নেতিবাচক মূল্যবোধের (Negative Values) উদাহরণ?","94","Good","CLEAN","0","0"
"1641","source-file","10_নৈতিকতা, মূল্যবোধ ও সু-শাসন","একজন শিক্ষক তার শিক্ষার্থীদের শুধু পাঠ্যবই না পড়িয়ে ভালো মানুষ হওয়ার উপদেশ দে","94","Good","CLEAN","0","0"
"1642","source-file","10_নৈতিকতা, মূল্যবোধ ও সু-শাসন","বিচার বিভাগের স্বাধীনতা সুশাসনের জন্য কেন অপরিহার্য?","94","Good","CLEAN","0","0"
"1643","source-file","10_নৈতিকতা, মূল্যবোধ ও সু-শাসন","অফিসে নারী কর্মীদের প্রতি সম্মানজনক ও নিরাপদ পরিবেশ বজায় রাখা কোন ধরনের মূল্যবো","94","Good","CLEAN","0","0"
"1644","source-file","10_নৈতিকতা, মূল্যবোধ ও সু-শাসন","একটি দেশে সুশাসন না থাকলে সাধারণ জনগণ সবচেয়ে বেশি কীভাবে ক্ষতিগ্রস্ত হয়?","94","Good","CLEAN","0","0"
"1645","source-file","10_নৈতিকতা, মূল্যবোধ ও সু-শাসন","'হুইসেলব্লোয়ার' (Whistleblower) বা দুর্নীতি ফাঁসকারী ব্যক্তিকে সুরক্ষা দিলে সুশ","94","Good","CLEAN","0","0"
"1646","source-file","10_নৈতিকতা, মূল্যবোধ ও সু-শাসন","আপনার সামনে একজন অন্ধ ব্যক্তি রাস্তা পার হতে পারছে না, আপনি তাকে সাহায্য করলেন। ","94","Good","CLEAN","0","0"
"1647","source-file","10_নৈতিকতা, মূল্যবোধ ও সু-শাসন","সুশাসনে 'আইনের চোখে সবাই সমান' (Equality before law) কথাটির বাস্তব অর্থ কী?","94","Good","CLEAN","0","0"
"1648","source-file","10_নৈতিকতা, মূল্যবোধ ও সু-শাসন","খাদ্যে ভেজাল মেশানো থেকে বিরত থাকা একজন ব্যবসায়ীর কোন ধরনের মূল্যবোধ?","94","Good","CLEAN","0","0"
"1649","source-file","10_নৈতিকতা, মূল্যবোধ ও সু-শাসন","নির্বাচনে নিজের পছন্দের প্রার্থী হেরে যাওয়ার পর ফলাফল মেনে নেওয়া কোন ধরনের মূল","94","Good","CLEAN","0","0"
"1650","source-file","10_নৈতিকতা, মূল্যবোধ ও সু-শাসন","একজন সরকারি কর্মচারী জনগণকে সেবা দেওয়াকে 'দয়া' না ভেবে নিজের 'দায়িত্ব' মনে কর","94","Good","CLEAN","0","0"
"1651","source-file","10_নৈতিকতা, মূল্যবোধ ও সু-শাসন","রাস্তাঘাটে ময়লা না ফেলে নির্দিষ্ট ডাস্টবিনে ময়লা ফেলা কোন ধরনের মূল্যবোধ?","94","Good","CLEAN","0","0"
"1652","source-file","10_নৈতিকতা, মূল্যবোধ ও সু-শাসন","সুশাসনে 'স্বচ্ছতা' (Transparency) নিশ্চিত না হলে কোনটি বৃদ্ধি পায়?","94","Good","CLEAN","0","0"
"1653","source-file","10_নৈতিকতা, মূল্যবোধ ও সু-শাসন","সমাজে 'ন্যায়বিচার' (Justice) প্রতিষ্ঠিত আছে তা কীভাবে বোঝা যায়?","94","Good","CLEAN","0","0"
"1654","source-file","10_নৈতিকতা, মূল্যবোধ ও সু-শাসন","একজন নাগরিক গুজব শুনে আইন নিজের হাতে তুলে নিলেন। এটি কিসের অভাব নির্দেশ করে?","94","Good","CLEAN","0","0"
"1655","source-file","10_নৈতিকতা, মূল্যবোধ ও সু-শাসন","সুশাসন প্রতিষ্ঠায় 'সরকারের রাজনৈতিক সদিচ্ছা' (Political Will) কেন সবচেয়ে বেশি ","94","Good","CLEAN","0","0"
"1656","source-file","10_নৈতিকতা, মূল্যবোধ ও সু-শাসন","'কর্তব্যের খাতিরে কর্তব্য করা' বা ফলাফল চিন্তা না করে সঠিক কাজ করা— এটি কোন ধরনে","94","Good","AUTO","0","1"
"1657","source-file","10_নৈতিকতা, মূল্যবোধ ও সু-শাসন","একজন কর্মকর্তা সরকারি গাড়ি ব্যক্তিগত কাজে ব্যবহার করেন না। এটি তার কোন মূল্যবোধ","94","Good","CLEAN","0","0"
"1658","source-file","10_নৈতিকতা, মূল্যবোধ ও সু-শাসন","সুশাসনে 'ঐকমত্যমুখী' (Consensus-oriented) সিদ্ধান্ত গ্রহণের সুবিধা কী?","94","Good","CLEAN","0","0"
"1659","source-file","10_নৈতিকতা, মূল্যবোধ ও সু-শাসন","অপরের বিপদে এগিয়ে না গিয়ে শুধু নিজের স্বার্থ নিয়ে ব্যস্ত থাকা কোন ধরনের মানসি","94","Good","CLEAN","0","0"
"1660","source-file","10_নৈতিকতা, মূল্যবোধ ও সু-শাসন","সুশাসন নিশ্চিত করতে একটি দেশের আইন কেমন হওয়া উচিত?","94","Good","CLEAN","0","0"
"1661","source-file","10_নৈতিকতা, মূল্যবোধ ও সু-শাসন","'কিশোর গ্যাং' কালচার সমাজে বৃদ্ধি পাওয়া কিসের ইঙ্গিত দেয়?","94","Good","CLEAN","0","0"
"1662","source-file","10_নৈতিকতা, মূল্যবোধ ও সু-শাসন","সুশাসনে 'ক্ষমতা স্বতন্ত্রীকরণ' (Separation of Powers) নীতি কেন জরুরি?","94","Good","CLEAN","0","0"
"1663","source-file","10_নৈতিকতা, মূল্যবোধ ও সু-শাসন","পাবলিক বাসে বয়স্ক বা প্রতিবন্ধী ব্যক্তিকে নিজের সিট ছেড়ে দেওয়া একজন নাগরিকের ","94","Good","CLEAN","0","0"
"1664","source-file","10_নৈতিকতা, মূল্যবোধ ও সু-শাসন","সরকার যখন 'তথ্য উন্মুক্তকরণ' বা 'Open Data' নীতি গ্রহণ করে, তখন সাধারণ মানুষের ম","94","Good","CLEAN","0","0"
"1665","source-file","10_নৈতিকতা, মূল্যবোধ ও সু-শাসন","'নেতৃত্বের সততা' একটি প্রতিষ্ঠানের সুশাসনে কীভাবে ভূমিকা রাখে?","94","Good","CLEAN","0","0"
"1666","source-file","10_নৈতিকতা, মূল্যবোধ ও সু-শাসন","'আইনের প্রতি শ্রদ্ধাবোধ' না থাকলে রাষ্ট্রে কী পরিস্থিতি তৈরি হয়?","94","Good","CLEAN","0","0"
"1667","source-file","10_নৈতিকতা, মূল্যবোধ ও সু-শাসন","স্থানীয় সরকার (Local Government) শক্তিশালী হলে সুশাসনের কোন দিকটি সবচেয়ে বেশি ","94","Good","CLEAN","0","0"
"1668","source-file","10_নৈতিকতা, মূল্যবোধ ও সু-শাসন","সমাজে 'পরশ্রীকাতরতা' (হিংসা) এবং 'অসহিষ্ণুতা' বৃদ্ধি পেলে কোনটি সবচেয়ে বেশি হুম","94","Good","CLEAN","0","0"
"1669","source-file","10_নৈতিকতা, মূল্যবোধ ও সু-শাসন","একজন ডাক্তার গ্রামে পোস্টিং পেয়ে সেখানে না গিয়ে শহরেই থেকে যাওয়ার চেষ্টা করেন","94","Good","CLEAN","0","0"
"1670","source-file","10_নৈতিকতা, মূল্যবোধ ও সু-শাসন","সুশাসন প্রতিষ্ঠায় 'জাতীয় শুদ্ধাচার কৌশল' (National Integrity Strategy) প্রণয়ন","94","Good","CLEAN","0","0"
"1671","source-file","10_নৈতিকতা, মূল্যবোধ ও সু-শাসন","অন্যের মতের সাথে দ্বিমত থাকলেও তাকে কথা বলতে দেওয়া— এটি সুশাসনের কোন সামাজিক ভি","94","Good","AUTO","0","1"
"1672","source-file","10_নৈতিকতা, মূল্যবোধ ও সু-শাসন","সরকারি কাজে 'জবাবদিহিতা' (Accountability) নিশ্চিত করতে কোন প্রতিষ্ঠানটি সবচেয়ে ","94","Good","CLEAN","0","0"
"1673","source-file","10_নৈতিকতা, মূল্যবোধ ও সু-শাসন","একজন ব্যক্তি তার কাজের জন্য ভুল স্বীকার করে ক্ষমা চাইলেন। এটি তার চরিত্রের কোন দ","94","Good","CLEAN","0","0"
"1674","source-file","10_নৈতিকতা, মূল্যবোধ ও সু-শাসন","ডিজিটাল বাংলাদেশ বা 'স্মার্ট বাংলাদেশ' রূপকল্প সুশাসন প্রতিষ্ঠায় কীভাবে সাহায্য","94","Good","CLEAN","0","0"
"1675","source-file","10_নৈতিকতা, মূল্যবোধ ও সু-শাসন","সমাজে 'উপযোগবাদ' (Utilitarianism) নীতির সাধারণ ধারণা কী?","94","Good","CLEAN","0","0"
"1676","source-file","10_নৈতিকতা, মূল্যবোধ ও সু-শাসন","প্রশাসনে 'মেধাতন্ত্র' (Meritocracy) বলতে কী বোঝায়?","94","Good","CLEAN","0","0"
"1677","source-file","10_নৈতিকতা, মূল্যবোধ ও সু-শাসন","রাস্তায় দুর্ঘটনায় আহত ব্যক্তিকে দেখে ছবি না তুলে হাসপাতালে নিয়ে যাওয়া— এটি ক","94","Good","AUTO","0","1"
"1678","source-file","10_নৈতিকতা, মূল্যবোধ ও সু-শাসন","সুশাসনে 'সংখ্যালঘু অধিকার' (Minority Rights) সংরক্ষণ কেন গুরুত্বপূর্ণ?","94","Good","CLEAN","0","0"
"1679","source-file","10_নৈতিকতা, মূল্যবোধ ও সু-শাসন","একজন সরকারি কর্মকর্তা তার কাজের গোপনীয়তা বজায় রাখার শপথ নেন। কিন্তু দুর্নীতির ","94","Good","CLEAN","0","0"
"1680","source-file","10_নৈতিকতা, মূল্যবোধ ও সু-শাসন","সামাজিক যোগাযোগ মাধ্যমে না জেনে কোনো সংবাদ শেয়ার না করা— এটি কোন ধরনের সচেতনতা?","94","Good","AUTO","0","1"
"1681","source-file","10_নৈতিকতা, মূল্যবোধ ও সু-শাসন","সুশাসনে 'কার্যকারিতা ও দক্ষতা' (Effectiveness and Efficiency) বলতে কী বোঝায়?","94","Good","CLEAN","0","0"
"1682","source-file","10_নৈতিকতা, মূল্যবোধ ও সু-শাসন","'দেশপ্রেম' (Patriotism) সুশাসনে কীভাবে ভূমিকা রাখে?","94","Good","CLEAN","0","0"
"1683","source-file","10_নৈতিকতা, মূল্যবোধ ও সু-শাসন","'ভোক্তা অধিকার সংরক্ষণ' কেন সুশাসনের একটি অংশ?","94","Good","CLEAN","0","0"
"1684","source-file","10_নৈতিকতা, মূল্যবোধ ও সু-শাসন","'উদারতা' (Open-mindedness) সুশাসনের কোন দিকটিতে প্রভাব ফেলে?","94","Good","CLEAN","0","0"
"1685","source-file","10_নৈতিকতা, মূল্যবোধ ও সু-শাসন","একজন চাকরিপ্রার্থী ঘুষ দিয়ে চাকরি নেওয়ার সুযোগ পেয়েও তা প্রত্যাখ্যান করলেন। এ","94","Good","CLEAN","0","0"
"1686","source-file","10_নৈতিকতা, মূল্যবোধ ও সু-শাসন","সুশাসন প্রতিষ্ঠায় 'দায়িত্বশীলতা' (Responsibility) এবং 'জবাবদিহিতা' (Accountabi","94","Good","CLEAN","0","0"
"1687","source-file","10_নৈতিকতা, মূল্যবোধ ও সু-শাসন","'সুশীল সমাজ' (Civil Society) রাষ্ট্রে কী ভূমিকা পালন করে?","94","Good","CLEAN","0","0"
"1688","source-file","10_নৈতিকতা, মূল্যবোধ ও সু-শাসন","সমাজে 'শ্রমিকদের ন্যায্য মজুরি' প্রদান না করা কোন ধরনের মূল্যবোধের অভাব?","94","Good","CLEAN","0","0"
"1689","source-file","10_নৈতিকতা, মূল্যবোধ ও সু-শাসন","'প্রতিক্রিয়াশীলতা' (Responsiveness) সুশাসনের একটি উপাদান। এর সাধারণ অর্থ কী?","94","Good","CLEAN","0","0"
"1690","source-file","10_নৈতিকতা, মূল্যবোধ ও সু-শাসন","পরিবার থেকে শিশু কী ধরনের প্রাথমিক মূল্যবোধ শেখে?","94","Good","CLEAN","0","0"
"1691","source-file","10_নৈতিকতা, মূল্যবোধ ও সু-শাসন","সরকারি হাসপাতালে কর্মরত একজন চিকিৎসকের মূল নৈতিক দায়িত্ব কী?","94","Good","CLEAN","0","0"
"1692","source-file","10_নৈতিকতা, মূল্যবোধ ও সু-শাসন","সুশাসনে 'সংবিধানের শ্রেষ্ঠত্ব' (Supremacy of Constitution) বলতে কী বোঝায়?","94","Good","CLEAN","0","0"
"1693","source-file","10_নৈতিকতা, মূল্যবোধ ও সু-শাসন","'কালো টাকা' বা অবৈধ অর্থ নির্বাচনে ব্যবহার করলে কী ক্ষতি হয়?","94","Good","CLEAN","0","0"
"1694","source-file","10_নৈতিকতা, মূল্যবোধ ও সু-শাসন","একজন ব্যবসায়ী কৃত্রিম সংকট তৈরি করে পণ্যের দাম বাড়িয়ে দিলেন। এটি কোন ধরনের অপ","94","Good","CLEAN","0","0"
"1695","source-file","10_নৈতিকতা, মূল্যবোধ ও সু-শাসন","সুশাসন প্রতিষ্ঠায় 'অবাধ ও সুষ্ঠু নির্বাচন' কেন অপরিহার্য?","94","Good","CLEAN","0","0"
"1696","source-file","10_নৈতিকতা, মূল্যবোধ ও সু-শাসন","সমাজে 'সাংস্কৃতিক আগ্রাসন' রোধ করতে কোন মূল্যবোধের চর্চা প্রয়োজন?","94","Good","CLEAN","0","0"
"1697","source-file","10_নৈতিকতা, মূল্যবোধ ও সু-শাসন","'পাবলিক সার্ভিস কমিশন' (PSC)-এর মতো প্রতিষ্ঠানগুলো স্বাধীনভাবে কাজ করলে সমাজে কো","94","Good","CLEAN","0","0"
"1698","source-file","10_নৈতিকতা, মূল্যবোধ ও সু-শাসন","'নৈতিকতা' (Ethics) এবং 'আইন' (Law) এর মধ্যে সবচেয়ে সাধারণ পার্থক্য কোনটি?","94","Good","CLEAN","0","0"
"1699","source-file","10_নৈতিকতা, মূল্যবোধ ও সু-শাসন","'দুর্নীতি দমন কমিশন' (ACC) কার্যকর ভূমিকা রাখলে সুশাসনের কোন দিকটি সবচেয়ে বেশি ","94","Good","CLEAN","0","0"
"1700","source-file","10_নৈতিকতা, মূল্যবোধ ও সু-শাসন","'মানবাধিকার' (Human Rights) রক্ষা করা কোন ধরনের মূল্যবোধ?","94","Good","CLEAN","0","0"
"1701","source-file","10_নৈতিকতা, মূল্যবোধ ও সু-শাসন","'Justice delayed is justice denied'— কথাটির মাধ্যমে সুশাসনের কোন অভাবকে নির্দেশ ","94","Good","AUTO","0","1"
"1702","source-file","10_নৈতিকতা, মূল্যবোধ ও সু-শাসন","""কর্তব্যের জন্য কর্তব্য""— ইমানুয়েল কান্টের এই উক্তির বাস্তব উদাহরণ কোনটি?","94","Good","AUTO","0","1"
"1703","source-file","10_নৈতিকতা, মূল্যবোধ ও সু-শাসন","সুশাসনে 'পরিবেশ সংরক্ষণ' কেন জরুরি?","94","Good","CLEAN","0","0"
"1704","source-file","10_নৈতিকতা, মূল্যবোধ ও সু-শাসন","নাগরিকের 'কর্তব্যনিষ্ঠা' রাষ্ট্রে কী প্রভাব ফেলে?","94","Good","CLEAN","0","0"
"1705","source-file","10_নৈতিকতা, মূল্যবোধ ও সু-শাসন","'স্থানীয় সরকার' (যেমন- ইউনিয়ন পরিষদ) শক্তিশালী হলে গ্রামীণ সমাজে কোন মূল্যবোধে","94","Good","CLEAN","0","0"
"1706","source-file","10_নৈতিকতা, মূল্যবোধ ও সু-শাসন","""আইনের শাসন"" (Rule of Law) না থাকলে সমাজে কোন নীতি প্রতিষ্ঠিত হয়?","94","Good","CLEAN","0","0"
"1707","source-file","10_নৈতিকতা, মূল্যবোধ ও সু-শাসন","সরকারি কাজে 'জনবান্ধব মানসিকতা' বলতে কী বোঝায়?","94","Good","CLEAN","0","0"
"1708","source-file","10_নৈতিকতা, মূল্যবোধ ও সু-শাসন","'সুশীল সমাজ' (Civil Society) যখন সরকারের ভুলগুলোর গঠনমূলক সমালোচনা করে, তখন সুশা","94","Good","CLEAN","0","0"
"1709","source-file","10_নৈতিকতা, মূল্যবোধ ও সু-শাসন","'মূল্যবোধ' ও 'সুশাসন' একে অপরের পরিপূরক— কথাটির অর্থ কী?","94","Good","AUTO","0","1"
"1710","source-file","10_নৈতিকতা, মূল্যবোধ ও সু-শাসন","পরিশেষে, একটি রাষ্ট্রে টেকসই সুশাসন প্রতিষ্ঠার জন্য সবচেয়ে বেশি কিসের প্রয়োজন?","94","Good","CLEAN","0","0"
"1711","source-file","10_নৈতিকতা, মূল্যবোধ ও সু-শাসন","একজন নাগরিকের ব্যক্তিগত জীবনে মূল্যবোধের প্রাথমিক ও প্রধান গুরুত্ব কী?","94","Good","CLEAN","0","0"
"1712","source-file","10_নৈতিকতা, মূল্যবোধ ও সু-শাসন","নাগরিকের 'দেশপ্রেম' ও 'আনুগত্য' মূলত কোন ধরনের আদর্শ গঠনে সাহায্য করে?","94","Good","CLEAN","0","0"
"1713","source-file","10_নৈতিকতা, মূল্যবোধ ও সু-শাসন","একজন সৎ নাগরিক কেন স্বতঃস্ফূর্তভাবে আয়কর প্রদান করেন?","94","Good","CLEAN","0","0"
"1714","source-file","10_নৈতিকতা, মূল্যবোধ ও সু-শাসন","সমাজে 'পরমতসহিষ্ণুতা' (Tolerance) চর্চার সবচেয়ে বড় সুফল কোনটি?","94","Good","CLEAN","0","0"
"1715","source-file","10_নৈতিকতা, মূল্যবোধ ও সু-শাসন","ব্যক্তিগত জীবনে 'নিয়মানুবর্তিতা' (Punctuality) মূল্যবোধের গুরুত্ব কী?","94","Good","CLEAN","0","0"
"1716","source-file","10_নৈতিকতা, মূল্যবোধ ও সু-শাসন","সুশাসন একজন সাধারণ নাগরিকের জীবনে সবচেয়ে গুরুত্বপূর্ণ কোন বিষয়টি নিশ্চিত করে?","94","Good","CLEAN","0","0"
"1717","source-file","10_নৈতিকতা, মূল্যবোধ ও সু-শাসন","জাতীয় আদর্শ হিসেবে 'সামাজিক ন্যায়বিচার' (Social Justice) প্রতিষ্ঠায় সুশাসনের ","94","Good","CLEAN","0","0"
"1718","source-file","10_নৈতিকতা, মূল্যবোধ ও সু-শাসন","সমাজে মূল্যবোধের অবক্ষয় ঘটলে একজন সাধারণ নাগরিকের দৈনন্দিন জীবনে এর কী প্রভাব প","94","Good","CLEAN","0","0"
"1719","source-file","10_নৈতিকতা, মূল্যবোধ ও সু-শাসন","নাগরিকের 'আত্মসংযম' (Self-restraint) সুশাসন প্রতিষ্ঠায় কীভাবে সাহায্য করে?","94","Good","CLEAN","0","0"
"1720","source-file","10_নৈতিকতা, মূল্যবোধ ও সু-শাসন","সুশাসনের 'স্বচ্ছতা' (Transparency) নীতি সমাজ গঠনে কী ধরনের প্রভাব ফেলে?","94","Good","CLEAN","0","0"
"1721","source-file","10_নৈতিকতা, মূল্যবোধ ও সু-শাসন","জাতীয় আদর্শ হিসেবে 'দুর্নীতিমুক্ত বাংলাদেশ' গড়তে হলে শুধু আইনের শাসন যথেষ্ট নয","94","Good","CLEAN","0","0"
"1722","source-file","10_নৈতিকতা, মূল্যবোধ ও সু-শাসন","একটি সমাজের ভিত্তি মজবুত হয় কখন?","94","Good","CLEAN","0","0"
"1723","source-file","10_নৈতিকতা, মূল্যবোধ ও সু-শাসন","সুশাসনের অভাবে জাতীয় জীবনে 'মেধাপাচার' (Brain drain) কেন ঘটে?","94","Good","CLEAN","0","0"
"1724","source-file","10_নৈতিকতা, মূল্যবোধ ও সু-শাসন","'শ্রমের মর্যাদা' (Dignity of labour) নামক মূল্যবোধটি একটি আধুনিক রাষ্ট্র গঠনে কী","94","Good","CLEAN","0","0"
"1725","source-file","10_নৈতিকতা, মূল্যবোধ ও সু-শাসন","সুশাসনের অন্যতম প্রধান শর্ত 'অংশগ্রহণ' (Participation) নাগরিকের জীবনে কেন গুরুত্","94","Good","CLEAN","0","0"
"1726","source-file","10_নৈতিকতা, মূল্যবোধ ও সু-শাসন","'দায়িত্ববোধ' ও 'কর্তব্যনিষ্ঠা' ছাড়া জাতীয় আদর্শ গঠন সম্ভব নয় কেন?","94","Good","CLEAN","0","0"
"1727","source-file","10_নৈতিকতা, মূল্যবোধ ও সু-শাসন","সুশাসন ও মূল্যবোধের অভাবে সমাজে যখন 'জোর যার মুল্লুক তার' নীতি প্রতিষ্ঠিত হয়, ত","94","Good","CLEAN","0","0"
"1728","source-file","10_নৈতিকতা, মূল্যবোধ ও সু-শাসন","ব্যক্তিজীবনে 'সততা' (Honesty) নামক মূল্যবোধটি সুশাসনের কোন উপাদানটিকে সরাসরি শক্","94","Good","CLEAN","0","0"
"1729","source-file","10_নৈতিকতা, মূল্যবোধ ও সু-শাসন","জাতীয় সংহতি (National Integration) বজায় রাখতে কোন মূল্যবোধটি সবচেয়ে বেশি প্রয","94","Good","CLEAN","0","0"
"1730","source-file","10_নৈতিকতা, মূল্যবোধ ও সু-শাসন","সুশাসনের 'আইনের শাসন' নাগরিকের জীবনে কোন অনুভূতিটি তৈরি করে?","94","Good","AUTO","0","1"
"1731","source-file","10_নৈতিকতা, মূল্যবোধ ও সু-শাসন","ব্যক্তি, সমাজ ও রাষ্ট্রীয় জীবনে 'নৈতিকতা'র (Ethics) চূড়ান্ত লক্ষ্য কী?","94","Good","CLEAN","0","0"
"1732","source-file","10_নৈতিকতা, মূল্যবোধ ও সু-শাসন","'গণতান্ত্রিক মূল্যবোধ' (Democratic Values) জাতীয় আদর্শ হিসেবে কেন গুরুত্বপূর্ণ?","94","Good","CLEAN","0","0"
"1733","source-file","10_নৈতিকতা, মূল্যবোধ ও সু-শাসন","সুশাসন নিশ্চিত করতে হলে 'নাগরিক সমাজ' (Civil Society) বা সুশীল সমাজের ভূমিকা কেম","94","Good","CLEAN","0","0"
"1734","source-file","10_নৈতিকতা, মূল্যবোধ ও সু-শাসন","নাগরিক জীবনে 'সহমর্মিতা' (Empathy) মূল্যবোধটির অভাব ঘটলে সমাজে কী পরিণতি হয়?","94","Good","CLEAN","0","0"
"1735","source-file","10_নৈতিকতা, মূল্যবোধ ও সু-শাসন","সুশাসনে 'বিকেন্দ্রীকরণ' (Decentralization) একজন সাধারণ নাগরিকের জীবনে কী সুফল বয","94","Good","CLEAN","0","0"
"1736","source-file","10_নৈতিকতা, মূল্যবোধ ও সু-শাসন","'সংবিধানের প্রতি শর্তহীন আনুগত্য' একজন নাগরিকের কোন ধরনের মূল্যবোধের প্রকাশ?","94","Good","CLEAN","0","0"
"1737","source-file","10_নৈতিকতা, মূল্যবোধ ও সু-শাসন","একটি দেশের 'আন্তর্জাতিক ভাবমূর্তি' (International Image) উজ্জ্বল করতে সুশাসনের ভ","94","Good","CLEAN","0","0"
"1738","source-file","10_নৈতিকতা, মূল্যবোধ ও সু-শাসন","সমাজে 'মূল্যবোধের অবক্ষয়' রোধ করতে পরিবারের পর কার ভূমিকা সবচেয়ে গুরুত্বপূর্ণ?","94","Good","CLEAN","0","0"
"1739","source-file","10_নৈতিকতা, মূল্যবোধ ও সু-শাসন","জাতীয় আদর্শ হিসেবে 'টেকসই উন্নয়ন' (Sustainable Development) নিশ্চিত করতে কোন ম","94","Good","CLEAN","0","0"
"1740","source-file","10_নৈতিকতা, মূল্যবোধ ও সু-শাসন","সুশাসন প্রতিষ্ঠায় 'প্রতিক্রিয়াশীলতা' (Responsiveness) নাগরিকের জীবনে কেন স্বস্","94","Good","CLEAN","0","0"
"1741","source-file","10_নৈতিকতা, মূল্যবোধ ও সু-শাসন","ব্যক্তি জীবনে 'সাহসিকতা' (Courage) নামক মূল্যবোধটি সুশাসনে কীভাবে প্রভাব ফেলে?","94","Good","CLEAN","0","0"
"1742","source-file","10_নৈতিকতা, মূল্যবোধ ও সু-শাসন","'তথ্য অধিকার আইন' (Right to Information) একজন নাগরিককে কীভাবে ক্ষমতায়িত করে?","94","Good","CLEAN","0","0"
"1743","source-file","10_নৈতিকতা, মূল্যবোধ ও সু-শাসন","সমাজ গঠনে 'শিষ্টাচার' (Etiquette) ও 'ভদ্রতা'র গুরুত্ব কী?","94","Good","CLEAN","0","0"
"1744","source-file","10_নৈতিকতা, মূল্যবোধ ও সু-শাসন","একটি কল্যাণমূলক রাষ্ট্র (Welfare State) গঠনে সুশাসনের কোন উপাদানটি সবচেয়ে বেশি ","94","Good","CLEAN","0","0"
"1745","source-file","10_নৈতিকতা, মূল্যবোধ ও সু-শাসন","ব্যক্তিজীবনে 'মিতব্যয়িতা' (Frugality) নামক অর্থনৈতিক মূল্যবোধটি জাতীয় জীবনে কী","94","Good","CLEAN","0","0"
"1746","source-file","10_নৈতিকতা, মূল্যবোধ ও সু-শাসন","সুশাসনের অভাবে যখন 'স্বজনপ্রীতি' (Nepotism) বাড়ে, তখন সমাজের কোন মূল্যবোধটি সবচ","94","Good","CLEAN","0","0"
"1747","source-file","10_নৈতিকতা, মূল্যবোধ ও সু-শাসন","'ডিজিটাল বাংলাদেশ' বা 'স্মার্ট বাংলাদেশ' রূপকল্প সুশাসন প্রতিষ্ঠায় কীভাবে সাহায","94","Good","CLEAN","0","0"
"1748","source-file","10_নৈতিকতা, মূল্যবোধ ও সু-শাসন","নাগরিকের 'দেশপ্রেম' সুশাসনকে কীভাবে ত্বরান্বিত করে?","94","Good","CLEAN","0","0"
"1749","source-file","10_নৈতিকতা, মূল্যবোধ ও সু-শাসন","বিচার বিভাগের 'কার্যকারিতা ও দক্ষতা' না থাকলে একজন নাগরিকের জীবনে কী ঘটে?","94","Good","AUTO","0","1"
"1750","source-file","10_নৈতিকতা, মূল্যবোধ ও সু-শাসন","সমাজে 'পরশ্রীকাতরতা' (হিংসা) নামক নেতিবাচক মূল্যবোধ বৃদ্ধি পেলে জাতীয় আদর্শের ক","94","Good","CLEAN","0","0"
"1751","source-file","10_নৈতিকতা, মূল্যবোধ ও সু-শাসন","'উদারতা' (Open-mindedness) নামক মূল্যবোধ সুশাসনের কোন উপাদানটিকে সরাসরি সমর্থন ক","94","Good","CLEAN","0","0"
"1752","source-file","10_নৈতিকতা, মূল্যবোধ ও সু-শাসন","সুশাসনে 'দায়িত্বশীলতা' (Responsibility) এবং 'জবাবদিহিতা' (Accountability)-এর মধ","94","Good","CLEAN","0","0"
"1753","source-file","10_নৈতিকতা, মূল্যবোধ ও সু-শাসন","'ভোক্তা অধিকার সংরক্ষণ' আইন বাস্তবায়ন একজন নাগরিকের জীবনে কী সুফল বয়ে আনে?","94","Good","CLEAN","0","0"
"1754","source-file","10_নৈতিকতা, মূল্যবোধ ও সু-শাসন","সমাজে 'কিশোর অপরাধ' বৃদ্ধি মূলত কিসের ইঙ্গিত দেয়?","94","Good","CLEAN","0","0"
"1755","source-file","10_নৈতিকতা, মূল্যবোধ ও সু-শাসন","সুশাসনে 'ক্ষমতা স্বতন্ত্রীকরণ' (Separation of Powers) নীতি নাগরিক অধিকার রক্ষায়","94","Good","CLEAN","0","0"
"1756","source-file","10_নৈতিকতা, মূল্যবোধ ও সু-শাসন","একজন কর্মকর্তা তার অফিসের গোপনীয় তথ্য জনস্বার্থে প্রকাশ করে দিলেন। সুশাসনের ভাষ","94","Good","CLEAN","0","0"
"1757","source-file","10_নৈতিকতা, মূল্যবোধ ও সু-শাসন","সমাজ গঠনে 'উপযোগবাদ' (Utilitarianism) নীতির প্রয়োগ বলতে কী বোঝায়?","94","Good","CLEAN","0","0"
"1758","source-file","10_নৈতিকতা, মূল্যবোধ ও সু-শাসন","একজন নাগরিক হিসেবে 'সংখ্যালঘুদের অধিকার রক্ষা' করার মানসিকতা আপনার কোন মূল্যবোধে","94","Good","CLEAN","0","0"
"1759","source-file","10_নৈতিকতা, মূল্যবোধ ও সু-শাসন","সুশাসনে 'কার্যকারিতা ও দক্ষতা' (Effectiveness and Efficiency) জাতীয় জীবনে কী প্","94","Good","AUTO","0","1"
"1760","source-file","10_নৈতিকতা, মূল্যবোধ ও সু-শাসন","""কর্তব্যের জন্য কর্তব্য""— ইমানুয়েল কান্টের এই বিশুদ্ধ নৈতিক মতবাদটি নাগরিক জীবন","94","Good","AUTO","0","1"
"1761","source-file","10_নৈতিকতা, মূল্যবোধ ও সু-শাসন","'শুদ্ধাচার কৌশল' (National Integrity Strategy) সুশাসন প্রতিষ্ঠায় কোন পদ্ধতি অবল","94","Good","CLEAN","0","0"
"1762","source-file","10_নৈতিকতা, মূল্যবোধ ও সু-শাসন","'মেধাতন্ত্র' (Meritocracy) সুশাসনের একটি গুরুত্বপূর্ণ দিক। এটি জাতীয় জীবনে কী ভ","94","Good","CLEAN","0","0"
"1763","source-file","10_নৈতিকতা, মূল্যবোধ ও সু-শাসন","ব্যক্তিজীবনে 'দয়া' (Mercy) ও 'ক্ষমা' (Forgiveness) সমাজ গঠনে কী প্রভাব ফেলে?","94","Good","CLEAN","0","0"
"1764","source-file","10_নৈতিকতা, মূল্যবোধ ও সু-শাসন","'অবাধ ও সুষ্ঠু নির্বাচন' সুশাসনে কেন অপরিহার্য এবং এটি কোন জাতীয় আদর্শকে সমুন্ন","94","Good","CLEAN","0","0"
"1765","source-file","10_নৈতিকতা, মূল্যবোধ ও সু-শাসন","সুশাসনে 'লাল ফিতার দৌরাত্ম্য' (Red Tapism) কমানো হলে একজন নাগরিক কীভাবে উপকৃত হন","94","Good","CLEAN","0","0"
"1766","source-file","10_নৈতিকতা, মূল্যবোধ ও সু-শাসন","সামাজিক যোগাযোগ মাধ্যমে 'গুজব না ছড়ানো' একজন আধুনিক নাগরিকের কোন ধরনের মূল্যবোধ","94","Good","CLEAN","0","0"
"1767","source-file","10_নৈতিকতা, মূল্যবোধ ও সু-শাসন","জাতীয় আদর্শ হিসেবে 'সামাজিক নিরাপত্তা বেষ্টনী' (Social Safety Net) তৈরি করা সুশ","94","Good","CLEAN","0","0"
"1768","source-file","10_নৈতিকতা, মূল্যবোধ ও সু-শাসন","'নেতৃত্বের সততা' একটি জাতির ওপর কী প্রভাব ফেলে?","94","Good","CLEAN","0","0"
"1769","source-file","10_নৈতিকতা, মূল্যবোধ ও সু-শাসন","'বিচার বিভাগের স্বাধীনতা' ছাড়া একটি রাষ্ট্রে কোন মূল্যবোধটি সবচেয়ে বেশি ক্ষতিগ","94","Good","CLEAN","0","0"
"1770","source-file","10_নৈতিকতা, মূল্যবোধ ও সু-শাসন","একজন ব্যবসায়ী কৃত্রিম সংকট তৈরি করে পণ্যের দাম বাড়ানো থেকে বিরত থাকলেন। এটি তা","94","Good","CLEAN","0","0"
"1771","source-file","10_নৈতিকতা, মূল্যবোধ ও সু-শাসন","'আইনের প্রতি শ্রদ্ধাবোধ' না থাকলে সমাজ কোন দিকে ধাবিত হয়?","94","Good","CLEAN","0","0"
"1772","source-file","10_নৈতিকতা, মূল্যবোধ ও সু-শাসন","সুশাসনে 'স্বচ্ছতা' (Transparency) নিশ্চিত হলে সমাজে কোনটি কমে যায়?","94","Good","CLEAN","0","0"
"1773","source-file","10_নৈতিকতা, মূল্যবোধ ও সু-শাসন","'দেশজ সংস্কৃতি ও ঐত্যিহ্যের চর্চা' জাতীয় আদর্শ গঠনে কীভাবে ভূমিকা রাখে?","94","Good","CLEAN","0","0"
"1774","source-file","10_নৈতিকতা, মূল্যবোধ ও সু-শাসন","'দুর্নীতি দমন কমিশন' (ACC) যদি স্বাধীন ও কার্যকরভাবে কাজ করে, তবে সুশাসনের কোন স","94","Good","CLEAN","0","0"
"1775","source-file","10_নৈতিকতা, মূল্যবোধ ও সু-শাসন","ব্যক্তি জীবনে 'পরশ্রীকাতরতা' বা হিংসা পরিহার করলে সমাজে কী প্রতিষ্ঠিত হয়?","94","Good","CLEAN","0","0"
"1776","source-file","10_নৈতিকতা, মূল্যবোধ ও সু-শাসন","'জনবান্ধব প্রশাসন' বলতে সুশাসনে কী বোঝায়?","94","Good","CLEAN","0","0"
"1777","source-file","10_নৈতিকতা, মূল্যবোধ ও সু-শাসন","'ঐকমত্যমুখী' (Consensus-oriented) সিদ্ধান্ত জাতীয় সংকটে কেন জরুরি?","94","Good","CLEAN","0","0"
"1778","source-file","10_নৈতিকতা, মূল্যবোধ ও সু-শাসন","'মানবাধিকার' (Human Rights) রক্ষা করা একজন নাগরিক ও রাষ্ট্রের কোন ধরনের মূল্যবোধ","94","Good","CLEAN","0","0"
"1779","source-file","10_নৈতিকতা, মূল্যবোধ ও সু-শাসন","'ভোটের অধিকার প্রয়োগ করা' নাগরিকের জীবনে কেন একটি গুরুত্বপূর্ণ মূল্যবোধ?","94","Good","CLEAN","0","0"
"1780","source-file","10_নৈতিকতা, মূল্যবোধ ও সু-শাসন","'সিটিজেনস চার্টার' বা নাগরিক সনদ সুশাসনে একজন নাগরিককে কীভাবে সাহায্য করে?","94","Good","CLEAN","0","0"
"1781","source-file","10_নৈতিকতা, মূল্যবোধ ও সু-শাসন","সমাজে 'শ্রমিকদের ন্যায্য মজুরি' প্রদান করা কোন ধরনের মূল্যবোধের অন্তর্ভুক্ত?","94","Good","CLEAN","0","0"
"1782","source-file","10_নৈতিকতা, মূল্যবোধ ও সু-শাসন","সুশাসনে 'তথ্য উন্মুক্তকরণ' বা Open Data নীতি সরকারের কোন বৈশিষ্ট্য প্রকাশ করে?","94","Good","CLEAN","0","0"
"1783","source-file","10_নৈতিকতা, মূল্যবোধ ও সু-শাসন","'ন্যায়বিচার' (Justice) বলতে সুশাসনে শুধু আইনি বিচার নয়, বরং আর কী বোঝায়?","94","Good","CLEAN","0","0"
"1784","source-file","10_নৈতিকতা, মূল্যবোধ ও সু-শাসন","'উদারতা' ও 'সমালোচনা গ্রহণের মানসিকতা' সুশাসনে কী ভূমিকা রাখে?","94","Good","CLEAN","0","0"
"1785","source-file","10_নৈতিকতা, মূল্যবোধ ও সু-শাসন","ব্যক্তিজীবনে 'সততা' ও 'নৈতিকতা'র অভাবে শিক্ষিত ব্যক্তিরাও যখন অপরাধ করে, তখন তাক","94","Good","CLEAN","0","0"
"1786","source-file","10_নৈতিকতা, মূল্যবোধ ও সু-শাসন","'জাতীয় স্বার্থকে ব্যক্তিগত স্বার্থের ঊর্ধ্বে স্থান দেওয়া'— এটি রাষ্ট্র গঠনে কো","94","Good","AUTO","0","1"
"1787","source-file","10_নৈতিকতা, মূল্যবোধ ও সু-শাসন","'স্থানীয় সরকার' (Local Government) ব্যবস্থা শক্তিশালী হলে তৃণমূলের নাগরিকরা কীভ","94","Good","CLEAN","0","0"
"1788","source-file","10_নৈতিকতা, মূল্যবোধ ও সু-শাসন","সুশাসনে 'আইনের চোখে সমতা' (Equality before the law) নীতিটি লঙ্ঘিত হলে সমাজের কী ","94","Good","CLEAN","0","0"
"1789","source-file","10_নৈতিকতা, মূল্যবোধ ও সু-শাসন","'পাবলিক সার্ভিস কমিশন' (PSC) এর মতো প্রতিষ্ঠানগুলো নিরপেক্ষ থাকলে জাতীয় জীবনে ক","94","Good","CLEAN","0","0"
"1790","source-file","10_নৈতিকতা, মূল্যবোধ ও সু-শাসন","সুশাসন ও মূল্যবোধের অভাব একটি দেশের 'আন্তর্জাতিক ভাবমূর্তি'কে কীভাবে নষ্ট করে?","94","Good","CLEAN","0","0"
"1791","source-file","10_নৈতিকতা, মূল্যবোধ ও সু-শাসন","'পরিবেশ দূষণ রোধ' এবং 'বর্জ্য ব্যবস্থাপনা' মেনে চলা একজন নাগরিকের কোন ধরনের দায়","94","Good","CLEAN","0","0"
"1792","source-file","10_নৈতিকতা, মূল্যবোধ ও সু-শাসন","সমাজে 'নারীর প্রতি সম্মান ও মর্যাদা' প্রদান করা সুশাসনের কোন জাতীয় আদর্শকে সুপ্","94","Good","CLEAN","0","0"
"1793","source-file","10_নৈতিকতা, মূল্যবোধ ও সু-শাসন","'কালো টাকা' বা পেশিশক্তি ব্যবহার করে নির্বাচনে জয়ী হওয়ার প্রবণতা জাতীয় জীবনে ","94","Good","CLEAN","0","0"
"1794","source-file","10_নৈতিকতা, মূল্যবোধ ও সু-শাসন","সুশাসনে 'সংবিধানের শ্রেষ্ঠত্ব' (Supremacy of Constitution) বলতে কী বোঝায়?","94","Good","CLEAN","0","0"
"1795","source-file","10_নৈতিকতা, মূল্যবোধ ও সু-শাসন","'সহমর্মিতা' (Empathy) ও 'সহানুভূতি' (Sympathy)-এর মধ্যে কোনটি সমাজ গঠনে বেশি কার","94","Good","CLEAN","0","0"
"1796","source-file","10_নৈতিকতা, মূল্যবোধ ও সু-শাসন","সুশাসন প্রতিষ্ঠায় 'রাষ্ট্রীয় ক্ষমতার অপব্যবহার' রোধে একজন শাসকের সবচেয়ে বড় র","94","Good","CLEAN","0","0"
"1797","source-file","10_নৈতিকতা, মূল্যবোধ ও সু-শাসন","'পাবলিক সার্ভিস' বা সরকারি সেবাকে 'চাকরি' না ভেবে 'সেবা' হিসেবে গ্রহণ করা কোন ধর","94","Good","CLEAN","0","0"
"1798","source-file","10_নৈতিকতা, মূল্যবোধ ও সু-শাসন","'ভোক্তা অধিকার সংরক্ষণ' আইন বাস্তবায়ন সুশাসন ও মূল্যবোধের কোন দিকটিকে তুলে ধরে?","94","Good","CLEAN","0","0"
"1799","source-file","10_নৈতিকতা, মূল্যবোধ ও সু-শাসন","সমাজে পরশ্রীকাতরতা ও হিংসার মতো নেতিবাচক মূল্যবোধ বৃদ্ধি পেলে সুশাসনের কোন উপাদা","94","Good","CLEAN","0","0"
"1800","source-file","10_নৈতিকতা, মূল্যবোধ ও সু-শাসন","""Justice delayed is justice denied"" (বিচারিক দীর্ঘসূত্রতা ন্যায়বিচারকে অস্বীকার","94","Good","AUTO","0","1"
"1801","source-file","10_নৈতিকতা, মূল্যবোধ ও সু-শাসন","সুশাসনে 'স্বচ্ছতা' (Transparency) বলতে কেবল তথ্য প্রকাশ নয়, বরং আর কী বোঝায়?","94","Good","CLEAN","0","0"
"1802","source-file","10_নৈতিকতা, মূল্যবোধ ও সু-শাসন","নাগরিকের 'কর্তব্যনিষ্ঠা' (Devotion to duty) সুশাসনের চাকাকে কীভাবে সচল রাখে?","94","Good","CLEAN","0","0"
"1803","source-file","10_নৈতিকতা, মূল্যবোধ ও সু-শাসন","সুশাসনে 'সংখ্যালঘুদের নিরাপত্তা' নিশ্চিত করা কোন ধরনের মূল্যবোধের চূড়ান্ত পরীক্","94","Good","CLEAN","0","0"
"1804","source-file","10_নৈতিকতা, মূল্যবোধ ও সু-শাসন","""Power corrupts and absolute power corrupts absolutely"" – এই নৈতিক স্খলন রোধে সু","94","Good","AUTO","0","1"
"1805","source-file","10_নৈতিকতা, মূল্যবোধ ও সু-শাসন","মূল্যবোধের অবক্ষয় রোধে 'সাংস্কৃতিক কর্মকাণ্ড' কীভাবে সুশাসনে সাহায্য করে?","94","Good","CLEAN","0","0"
"1806","source-file","10_নৈতিকতা, মূল্যবোধ ও সু-শাসন","সুশাসনে 'বৈধতা' (Legitimacy) উপাদানের সাথে কোন রাজনৈতিক মূল্যবোধ জড়িত?","94","Good","CLEAN","0","0"
"1807","source-file","10_নৈতিকতা, মূল্যবোধ ও সু-শাসন","'অ্যাডভোকেসি' বা জনসচেতনতা মূলক প্রচারণার মাধ্যমে সুশীল সমাজ মূলত কী করতে চায়?","94","Good","CLEAN","0","0"
"1808","source-file","10_নৈতিকতা, মূল্যবোধ ও সু-শাসন","'মূল্যবোধ' ও 'সুশাসন' একে অপরের পরিপূরক— কথাটির অর্থ কী?","94","Good","AUTO","0","1"
"1809","source-file","10_নৈতিকতা, মূল্যবোধ ও সু-শাসন","পরিশেষে, একটি রাষ্ট্রে টেকসই সুশাসন (Sustainable Good Governance) প্রতিষ্ঠার জন্","94","Good","CLEAN","0","0"
"1810","source-file","10_নৈতিকতা, মূল্যবোধ ও সু-শাসন","জাতীয় উন্নয়নের একক ও সবচেয়ে গুরুত্বপূর্ণ নিয়ামক হিসেবে 'সুশাসন'কে কে আখ্যায়","94","Good","CLEAN","0","0"
"1811","source-file","10_নৈতিকতা, মূল্যবোধ ও সু-শাসন","একটি রাষ্ট্রের সার্বিক উন্নয়ন মূলত কিসের ওপর সবচেয়ে বেশি নির্ভরশীল?","94","Good","CLEAN","0","0"
"1812","source-file","10_নৈতিকতা, মূল্যবোধ ও সু-শাসন","জাতীয় উন্নয়নে 'আইনের শাসন' (Rule of Law) কীভাবে সরাসরি ভূমিকা রাখে?","94","Good","CLEAN","0","0"
"1813","source-file","10_নৈতিকতা, মূল্যবোধ ও সু-শাসন","""দুর্নীতি হলো জাতীয় উন্নয়নের প্রধান শত্রু""— দুর্নীতি রোধে সুশাসনের কোন উপাদানট","94","Good","AUTO","0","1"
"1814","source-file","10_নৈতিকতা, মূল্যবোধ ও সু-শাসন","একটি উন্নয়নশীল দেশে 'মেধাপাচার' (Brain drain) রোধ করতে সুশাসনের কোন নীতিটি বাস্","94","Good","CLEAN","0","0"
"1815","source-file","10_নৈতিকতা, মূল্যবোধ ও সু-শাসন","সুশাসনের 'অংশগ্রহণমূলক' (Participatory) উপাদানটি কীভাবে জাতীয় উন্নয়নকে ত্বরান্","94","Good","CLEAN","0","0"
"1816","source-file","10_নৈতিকতা, মূল্যবোধ ও সু-শাসন","জাতীয় উন্নয়নের সাথে 'সহনশীলতা' ও 'পরমতসহিষ্ণুতা'র সম্পর্ক কী?","94","Good","CLEAN","0","0"
"1817","source-file","10_নৈতিকতা, মূল্যবোধ ও সু-শাসন","'মানব উন্নয়ন সূচক' (HDI) বৃদ্ধিতে সুশাসনের কোন দিকটি সবচেয়ে বেশি প্রভাব ফেলে?","94","Good","CLEAN","0","0"
"1818","source-file","10_নৈতিকতা, মূল্যবোধ ও সু-শাসন","রাষ্ট্রে 'আমলাতান্ত্রিক দীর্ঘসূত্রতা' বা লাল ফিতার দৌরাত্ম্য থাকলে জাতীয় উন্নয়","94","Good","CLEAN","0","0"
"1819","source-file","10_নৈতিকতা, মূল্যবোধ ও সু-শাসন","জাতীয় উন্নয়নের লক্ষ্য অর্জনে 'সুশীল সমাজ' (Civil Society) মূলত কী ভূমিকা পালন ","94","Good","CLEAN","0","0"
"1820","source-file","10_নৈতিকতা, মূল্যবোধ ও সু-শাসন","উন্নয়নের একটি গুরুত্বপূর্ণ সূচক হলো 'দারিদ্র্য বিমোচন'। সুশাসন কীভাবে দারিদ্র্য","94","Good","CLEAN","0","0"
"1821","source-file","10_নৈতিকতা, মূল্যবোধ ও সু-শাসন","'তথ্য অধিকার আইন' (Right to Information) জাতীয় উন্নয়নে কীভাবে অনুঘটক হিসেবে কা","94","Good","CLEAN","0","0"
"1822","source-file","10_নৈতিকতা, মূল্যবোধ ও সু-শাসন","একটি দেশের 'বিদেশি প্রত্যক্ষ বিনিয়োগ' (FDI) আকর্ষণে কোন বিষয়টি সবচেয়ে বেশি ইত","94","Good","CLEAN","0","0"
"1823","source-file","10_নৈতিকতা, মূল্যবোধ ও সু-শাসন","সুশাসনের অভাব এবং মূল্যবোধের অবক্ষয় ঘটলে জাতীয় সম্পদের কী পরিণতি হয়?","94","Good","CLEAN","0","0"
"1824","source-file","10_নৈতিকতা, মূল্যবোধ ও সু-শাসন","'টেকসই উন্নয়ন' (Sustainable Development) অর্জনের জন্য নাগরিকের কোন মূল্যবোধটি অ","94","Good","CLEAN","0","0"
"1825","source-file","10_নৈতিকতা, মূল্যবোধ ও সু-শাসন","সুশাসনের 'কার্যকারিতা ও দক্ষতা' (Effectiveness and Efficiency) জাতীয় অর্থনীতিতে","94","Good","CLEAN","0","0"
"1826","source-file","10_নৈতিকতা, মূল্যবোধ ও সু-শাসন","সমাজে 'বৈষম্যহীনতা' ও 'সাম্য' প্রতিষ্ঠিত হলে জাতীয় উন্নয়নে তার কী প্রভাব পড়ে?","94","Good","CLEAN","0","0"
"1827","source-file","10_নৈতিকতা, মূল্যবোধ ও সু-শাসন","জাতীয় উন্নয়নে 'নারী ক্ষমতায়ন' নিশ্চিত করতে সুশাসনের কোন নীতিটি সবচেয়ে জরুরি?","94","Good","CLEAN","0","0"
"1828","source-file","10_নৈতিকতা, মূল্যবোধ ও সু-শাসন","সরকারি কেনাকাটায় বা দরপত্রে (Tender) ই-গভর্ন্যান্সের ব্যবহার জাতীয় উন্নয়নে কী","94","Good","CLEAN","0","0"
"1829","source-file","10_নৈতিকতা, মূল্যবোধ ও সু-শাসন","'স্বাধীন বিচার বিভাগ' জাতীয় উন্নয়নে কেন অপরিহার্য?","94","Good","CLEAN","0","0"
"1830","source-file","10_নৈতিকতা, মূল্যবোধ ও সু-শাসন","জাতীয় শুদ্ধাচার কৌশল (National Integrity Strategy) বাস্তবায়নের মূল লক্ষ্য কী?","94","Good","CLEAN","0","0"
"1831","source-file","10_নৈতিকতা, মূল্যবোধ ও সু-শাসন","'স্থানীয় সরকার' (Local Government) শক্তিশালী করার মাধ্যমে কীভাবে জাতীয় উন্নয়ন","94","Good","CLEAN","0","0"
"1832","source-file","10_নৈতিকতা, মূল্যবোধ ও সু-শাসন","একটি দেশের উন্নয়নে 'রাজনৈতিক ঐকমত্য' (Political Consensus) কেন প্রয়োজন?","94","Good","CLEAN","0","0"
"1833","source-file","10_নৈতিকতা, মূল্যবোধ ও সু-শাসন","মূল্যবোধের অবক্ষয়জনিত 'কিশোর অপরাধ' বৃদ্ধি জাতীয় উন্নয়নে কী ধরনের নেতিবাচক প্","94","Good","CLEAN","0","0"
"1834","source-file","10_নৈতিকতা, মূল্যবোধ ও সু-শাসন","সুশাসনে 'দায়িত্বশীলতা' (Responsibility) নামক নৈতিক গুণটি জাতীয় উন্নয়নে কীভাবে","94","Good","CLEAN","0","0"
"1835","source-file","10_নৈতিকতা, মূল্যবোধ ও সু-শাসন","'ভোক্তা অধিকার সংরক্ষণ' আইন কার্যকরভাবে বাস্তবায়িত হলে জাতীয় অর্থনীতির কোন দিক","94","Good","CLEAN","0","0"
"1836","source-file","10_নৈতিকতা, মূল্যবোধ ও সু-শাসন","'ডিজিটাল বাংলাদেশ' বা 'স্মার্ট বাংলাদেশ' রূপকল্প মূলত সুশাসনের কোন হাতিয়ারের মা","94","Good","CLEAN","0","0"
"1837","source-file","10_নৈতিকতা, মূল্যবোধ ও সু-শাসন","জাতীয় উন্নয়নে 'শ্রমের মর্যাদা' (Dignity of labour) নামক মূল্যবোধের ভূমিকা কী?","94","Good","CLEAN","0","0"
"1838","source-file","10_নৈতিকতা, মূল্যবোধ ও সু-শাসন","জাতিসংঘের 'টেকসই উন্নয়ন লক্ষ্যমাত্রা' (SDGs)-এর ১৬ নম্বর লক্ষ্যে সুশাসনের কোন ব","94","Good","CLEAN","0","0"
"1839","source-file","10_নৈতিকতা, মূল্যবোধ ও সু-শাসন","'মেধাস্বত্ব আইন' (Intellectual Property Rights) বাস্তবায়ন জাতীয় উন্নয়নে কীভাব","94","Good","CLEAN","0","0"
"1840","source-file","10_নৈতিকতা, মূল্যবোধ ও সু-শাসন","ব্যক্তিজীবনে 'সততা' নামক নৈতিক মূল্যবোধ জাতীয় উন্নয়নে কোন ভয়াবহ ব্যাধি দূর কর","94","Good","CLEAN","0","0"
"1841","source-file","10_নৈতিকতা, মূল্যবোধ ও সু-শাসন","সমাজে 'বৈষম্যমূলক আচরণ' (Discrimination) থাকলে জাতীয় উন্নয়নে তার কী প্রভাব পড়","94","Good","CLEAN","0","0"
"1842","source-file","10_নৈতিকতা, মূল্যবোধ ও সু-শাসন","জাতীয় জীবনে 'দেশপ্রেম' (Patriotism) কীভাবে অর্থনৈতিক উন্নয়নে সাহায্য করে?","94","Good","CLEAN","0","0"
"1843","source-file","10_নৈতিকতা, মূল্যবোধ ও সু-শাসন","একটি রাষ্ট্রের 'আন্তর্জাতিক ভাবমূর্তি' উজ্জ্বল হলে উন্নয়নে কী প্রভাব পড়ে?","94","Good","CLEAN","0","0"
"1844","source-file","10_নৈতিকতা, মূল্যবোধ ও সু-শাসন","সুশাসনে 'স্বচ্ছতা' (Transparency) নীতি ব্যাংকিং খাতে কীভাবে উন্নয়ন নিশ্চিত করে?","94","Good","CLEAN","0","0"
"1845","source-file","10_নৈতিকতা, মূল্যবোধ ও সু-শাসন","সরকারি কর্মকর্তাদের মধ্যে 'জনবান্ধব মানসিকতা' বা সেবার মূল্যবোধ জাতীয় উন্নয়নে ","94","Good","CLEAN","0","0"
"1846","source-file","10_নৈতিকতা, মূল্যবোধ ও সু-শাসন","'সামাজিক নিরাপত্তা বেষ্টনী' (Social Safety Net) কর্মসূচি সুশাসনের কোন লক্ষ্যের স","94","Good","CLEAN","0","0"
"1847","source-file","10_নৈতিকতা, মূল্যবোধ ও সু-শাসন","'গণমাধ্যম' স্বাধীনভাবে কাজ করলে জাতীয় উন্নয়নে তা কীভাবে সাহায্য করে?","94","Good","CLEAN","0","0"
"1848","source-file","10_নৈতিকতা, মূল্যবোধ ও সু-শাসন","সুশাসনে 'নিয়মকানুন সহজীকরণ' (Simplification of procedures) কীভাবে অর্থনৈতিক উন্","94","Good","CLEAN","0","0"
"1849","source-file","10_নৈতিকতা, মূল্যবোধ ও সু-শাসন","'নির্বাচনে কালো টাকার প্রভাব' জাতীয় উন্নয়নকে কীভাবে ব্যাহত করে?","94","Good","CLEAN","0","0"
"1850","source-file","10_নৈতিকতা, মূল্যবোধ ও সু-শাসন","'ন্যায়পাল' (Ombudsman) ব্যবস্থার সফল প্রয়োগ জাতীয় উন্নয়নে কী ভূমিকা রাখে?","94","Good","CLEAN","0","0"
"1851","source-file","10_নৈতিকতা, মূল্যবোধ ও সু-শাসন","জাতীয় জীবনে 'নৈতিকতা' (Ethics) কীভাবে মানবসম্পদ উন্নয়নে ভূমিকা রাখে?","94","Good","CLEAN","0","0"
"1852","source-file","10_নৈতিকতা, মূল্যবোধ ও সু-শাসন","'পরমতসহিষ্ণুতা' (Tolerance) না থাকলে কোনো দেশে কাঙ্ক্ষিত উন্নয়ন হয় না কেন?","94","Good","CLEAN","0","0"
"1853","source-file","10_নৈতিকতা, মূল্যবোধ ও সু-শাসন","'কর্তব্যনিষ্ঠা' নামক মূল্যবোধটি জাতীয় জীবনে কেন অত্যন্ত গুরুত্বপূর্ণ?","94","Good","AUTO","0","1"
"1854","source-file","10_নৈতিকতা, মূল্যবোধ ও সু-শাসন","পরিবেশ রক্ষায় 'বর্জ্য ব্যবস্থাপনা' ও 'দূষণ নিয়ন্ত্রণ' আইন মেনে চলা সুশাসনের কো","94","Good","CLEAN","0","0"
"1855","source-file","10_নৈতিকতা, মূল্যবোধ ও সু-শাসন","'জনগণের অংশগ্রহণ' (Public Participation) বাজেট প্রণয়নে কীভাবে সুফল বয়ে আনে?","94","Good","CLEAN","0","0"
"1856","source-file","10_নৈতিকতা, মূল্যবোধ ও সু-শাসন","'মৌলিক অধিকার' (Fundamental Rights) রক্ষা করা সুশাসনের একটি বড় কাজ। এটি উন্নয়ন","94","Good","CLEAN","0","0"
"1857","source-file","10_নৈতিকতা, মূল্যবোধ ও সু-শাসন","'ক্ষমতা স্বতন্ত্রীকরণ' (Separation of Powers) নীতি জাতীয় উন্নয়নকে কীভাবে পরোক্","94","Good","CLEAN","0","0"
"1858","source-file","10_নৈতিকতা, মূল্যবোধ ও সু-শাসন","সমাজে 'সহমর্মিতা' (Empathy) নামক মূল্যবোধটি থাকলে জাতীয় উন্নয়নের কোন দিকটি সবচ","94","Good","CLEAN","0","0"
"1859","source-file","10_নৈতিকতা, মূল্যবোধ ও সু-শাসন","'শুদ্ধাচার' (Integrity) বলতে কেবল আর্থিক দুর্নীতি না করাকে বোঝায় না, বরং আর কী ","94","Good","CLEAN","0","0"
"1860","source-file","10_নৈতিকতা, মূল্যবোধ ও সু-শাসন","সুশাসনে 'সংখ্যালঘুদের নিরাপত্তা ও অধিকার' নিশ্চিত করা জাতীয় উন্নয়নে কেন জরুরি?","94","Good","CLEAN","0","0"
"1861","source-file","10_নৈতিকতা, মূল্যবোধ ও সু-শাসন","'উদারতা' (Open-mindedness) ও 'গঠনমূলক সমালোচনা গ্রহণের মানসিকতা' সরকারকে কীভাবে ","94","Good","CLEAN","0","0"
"1862","source-file","10_নৈতিকতা, মূল্যবোধ ও সু-শাসন","জাতীয় উন্নয়নে 'সামাজিক পুঁজি' (Social Capital) বলতে মূলত কী বোঝায়?","94","Good","CLEAN","0","0"
"1863","source-file","10_নৈতিকতা, মূল্যবোধ ও সু-শাসন","'পাবলিক সার্ভিস কমিশন' (PSC) যদি রাজনৈতিক প্রভাবমুক্ত থাকে, তবে জাতীয় উন্নয়নে ","94","Good","CLEAN","0","0"
"1864","source-file","10_নৈতিকতা, মূল্যবোধ ও সু-শাসন","'কালো টাকা সাদা করার সুযোগ' দেওয়া হলে তা সুশাসনের কোন নীতির পরিপন্থি এবং উন্নয়","94","Good","CLEAN","0","0"
"1865","source-file","10_নৈতিকতা, মূল্যবোধ ও সু-শাসন","'হুইসেলব্লোয়ার' (Whistleblower) বা দুর্নীতি ফাঁসকারীকে সুরক্ষা আইন প্রদান করলে ","94","Good","CLEAN","0","0"
"1866","source-file","10_নৈতিকতা, মূল্যবোধ ও সু-শাসন","'বিচারিক দীর্ঘসূত্রতা' (Justice delayed) জাতীয় উন্নয়নকে কীভাবে ব্যাহত করে?","94","Good","CLEAN","0","0"
"1867","source-file","10_নৈতিকতা, মূল্যবোধ ও সু-শাসন","সমাজে 'পরশ্রীকাতরতা' (হিংসা) নামক নেতিবাচক মূল্যবোধ বৃদ্ধি পেলে জাতীয় ঐক্যে কী ","94","Good","CLEAN","0","0"
"1868","source-file","10_নৈতিকতা, মূল্যবোধ ও সু-শাসন","জাতীয় উন্নয়নে 'সুশাসনের' একটি বড় লক্ষ্য হলো 'বৈধতা' (Legitimacy) নিশ্চিত করা।","94","Good","CLEAN","0","0"
"1869","source-file","10_নৈতিকতা, মূল্যবোধ ও সু-শাসন","একজন ব্যবসায়ী কৃত্রিম সংকট তৈরি করে পণ্যের দাম বাড়ানো থেকে বিরত থাকলেন। এটি জা","94","Good","CLEAN","0","0"
"1870","source-file","10_নৈতিকতা, মূল্যবোধ ও সু-শাসন","'আইনের চোখে সবাই সমান' (Equality before law)— এই নীতিটি জাতীয় উন্নয়নে কেন অত্য","94","Good","AUTO","0","1"
"1871","source-file","10_নৈতিকতা, মূল্যবোধ ও সু-শাসন","সুশাসনে 'স্বচ্ছতা' (Transparency) নিশ্চিত হলে গুজব ও অস্থিতিশীলতা কেন কমে যায়?","94","Good","CLEAN","0","0"
"1872","source-file","10_নৈতিকতা, মূল্যবোধ ও সু-শাসন","'ভোটের অধিকার প্রয়োগ করা' নাগরিকের জীবনে কেন একটি গুরুত্বপূর্ণ মূল্যবোধ এবং উন্","94","Good","CLEAN","0","0"
"1873","source-file","10_নৈতিকতা, মূল্যবোধ ও সু-শাসন","সমাজে 'শ্রমিকদের ন্যায্য মজুরি' প্রদান না করা কোন ধরনের মূল্যবোধের অভাব এবং উন্ন","94","Good","CLEAN","0","0"
"1874","source-file","10_নৈতিকতা, মূল্যবোধ ও সু-শাসন","'দুর্নীতি দমন কমিশন' (ACC) কার্যকর হলে জাতীয় অর্থনীতির কী লাভ হয়?","94","Good","CLEAN","0","0"
"1875","source-file","10_নৈতিকতা, মূল্যবোধ ও সু-শাসন","'অ্যাডভোকেসি' বা জনসচেতনতামূলক প্রচারণার মাধ্যমে সুশীল সমাজ জাতীয় উন্নয়নে কী ভ","94","Good","CLEAN","0","0"
"1876","source-file","10_নৈতিকতা, মূল্যবোধ ও সু-শাসন","'মানবাধিকার' (Human Rights) রক্ষা করা একটি রাষ্ট্রের উন্নয়নের প্রধান শর্ত কেন?","94","Good","CLEAN","0","0"
"1877","source-file","10_নৈতিকতা, মূল্যবোধ ও সু-শাসন","সুশাসনে 'ঐকমত্যমুখী' (Consensus-oriented) সিদ্ধান্ত জাতীয় উন্নয়নে কেন জরুরি?","94","Good","CLEAN","0","0"
"1878","source-file","10_নৈতিকতা, মূল্যবোধ ও সু-শাসন","'ডিজিটাল লিটারেসি' (Digital Literacy) বা তথ্যপ্রযুক্তির নৈতিক ব্যবহার জাতীয় উন্","94","Good","CLEAN","0","0"
"1879","source-file","10_নৈতিকতা, মূল্যবোধ ও সু-শাসন","জাতীয় উন্নয়নে 'সামাজিক পুঁজি' বা সোশ্যাল ক্যাপিটাল বৃদ্ধির অন্যতম উপায় কোনটি?","94","Good","CLEAN","0","0"
"1880","source-file","10_নৈতিকতা, মূল্যবোধ ও সু-শাসন","'সিটিজেনস চার্টার' বা নাগরিক সনদ সুশাসনে একজন নাগরিককে কীভাবে সাহায্য করে এবং উন","94","Good","CLEAN","0","0"
"1881","source-file","10_নৈতিকতা, মূল্যবোধ ও সু-শাসন","'ন্যায়বিচার' (Justice) বলতে সুশাসনে শুধু আইনি বিচার নয়, বরং উন্নয়নের ক্ষেত্রে","94","Good","CLEAN","0","0"
"1882","source-file","10_নৈতিকতা, মূল্যবোধ ও সু-শাসন","'উদারতা' ও 'সমালোচনা গ্রহণের মানসিকতা' সরকারকে কীভাবে জাতীয় উন্নয়নে সাহায্য কর","94","Good","CLEAN","0","0"
"1883","source-file","10_নৈতিকতা, মূল্যবোধ ও সু-শাসন","ব্যক্তিজীবনে 'সততা' ও 'নৈতিকতা'র অভাবে 'হোয়াইট কলার ক্রাইম' (ভদ্রবেশী অপরাধ) বা","94","Good","CLEAN","0","0"
"1884","source-file","10_নৈতিকতা, মূল্যবোধ ও সু-শাসন","'জাতীয় স্বার্থকে ব্যক্তিগত স্বার্থের ঊর্ধ্বে স্থান দেওয়া'— এটি রাষ্ট্র গঠনে কো","94","Good","AUTO","0","1"
"1885","source-file","10_নৈতিকতা, মূল্যবোধ ও সু-শাসন","'স্থানীয় সরকার' ব্যবস্থা শক্তিশালী হলে তৃণমূলের উন্নয়নে কী সুফল আসে?","94","Good","CLEAN","0","0"
"1886","source-file","10_নৈতিকতা, মূল্যবোধ ও সু-শাসন","সুশাসনে 'আইনের চোখে সমতা' (Equality before the law) নীতি লঙ্ঘিত হলে জাতীয় উন্নয","94","Good","CLEAN","0","0"
"1887","source-file","10_নৈতিকতা, মূল্যবোধ ও সু-শাসন","'পাবলিক সার্ভিস কমিশন' (PSC) এর মতো প্রতিষ্ঠানগুলো নিরপেক্ষ থাকলে জাতীয় উন্নয়ন","94","Good","CLEAN","0","0"
"1888","source-file","10_নৈতিকতা, মূল্যবোধ ও সু-শাসন","সুশাসন ও মূল্যবোধের অভাব একটি দেশের 'আন্তর্জাতিক ভাবমূর্তি' নষ্ট করে জাতীয় অর্থ","94","Good","CLEAN","0","0"
"1889","source-file","10_নৈতিকতা, মূল্যবোধ ও সু-শাসন","'পরিবেশ দূষণ রোধ' এবং 'বর্জ্য ব্যবস্থাপনা' মেনে চলা জাতীয় উন্নয়নে কেন অত্যাবশ্","94","Good","CLEAN","0","0"
"1890","source-file","10_নৈতিকতা, মূল্যবোধ ও সু-শাসন","সমাজে 'নারীর প্রতি সম্মান ও মর্যাদা' প্রদান করে তাদের মূলধারায় যুক্ত করা জাতীয়","94","Good","CLEAN","0","0"
"1891","source-file","10_নৈতিকতা, মূল্যবোধ ও সু-শাসন","'কালো টাকা' বা পেশিশক্তি ব্যবহার করে নির্বাচনে জয়ী হওয়ার প্রবণতা জাতীয় জীবনে ","94","Good","CLEAN","0","0"
"1892","source-file","10_নৈতিকতা, মূল্যবোধ ও সু-শাসন","সুশাসনে 'সংবিধানের শ্রেষ্ঠত্ব' (Supremacy of Constitution) বলতে কী বোঝায় এবং এট","94","Good","CLEAN","0","0"
"1893","source-file","10_নৈতিকতা, মূল্যবোধ ও সু-শাসন","একজন সরকারি চিকিৎসক তার পেশাগত দায়িত্ব পালনে অবহেলা করলেন। এটি তার কোন মূল্যবোধ","94","Good","CLEAN","0","0"
"1894","source-file","10_নৈতিকতা, মূল্যবোধ ও সু-শাসন","'সহমর্মিতা' (Empathy) নামক মূল্যবোধ জাতীয় দুর্যোগের সময় (যেমন- বন্যা বা মহামার","94","Good","CLEAN","0","0"
"1895","source-file","10_নৈতিকতা, মূল্যবোধ ও সু-শাসন","সুশাসন প্রতিষ্ঠায় 'রাষ্ট্রীয় ক্ষমতার অপব্যবহার' রোধে একজন শাসকের সবচেয়ে বড় র","94","Good","CLEAN","0","0"
"1896","source-file","10_নৈতিকতা, মূল্যবোধ ও সু-শাসন","'পাবলিক সার্ভিস' বা সরকারি সেবাকে 'চাকরি' না ভেবে 'সেবা' হিসেবে গ্রহণ করা কোন ধর","94","Good","CLEAN","0","0"
"1897","source-file","10_নৈতিকতা, মূল্যবোধ ও সু-শাসন","'ভোক্তা অধিকার সংরক্ষণ' আইন বাস্তবায়ন সুশাসন ও মূল্যবোধের কোন দিকটিকে তুলে ধরে ","94","Good","CLEAN","0","0"
"1898","source-file","10_নৈতিকতা, মূল্যবোধ ও সু-শাসন","সমাজে পরশ্রীকাতরতা ও হিংসার মতো নেতিবাচক মূল্যবোধ বৃদ্ধি পেলে সুশাসনের কোন উপাদা","94","Good","CLEAN","0","0"
"1899","source-file","10_নৈতিকতা, মূল্যবোধ ও সু-শাসন","""Justice delayed is justice denied""— বিচারিক দীর্ঘসূত্রতা জাতীয় উন্নয়নে কীভাবে","94","Good","AUTO","0","1"
"1900","source-file","10_নৈতিকতা, মূল্যবোধ ও সু-শাসন","সুশাসনে 'স্বচ্ছতা' (Transparency) বলতে কেবল তথ্য প্রকাশ নয়, বরং আর কী বোঝায়?","94","Good","CLEAN","0","0"
"1901","source-file","10_নৈতিকতা, মূল্যবোধ ও সু-শাসন","নাগরিকের 'কর্তব্যনিষ্ঠা' (Devotion to duty) সুশাসনের চাকাকে সচল রেখে জাতীয় উন্ন","94","Good","CLEAN","0","0"
"1902","source-file","10_নৈতিকতা, মূল্যবোধ ও সু-শাসন","সুশাসনে 'সংখ্যালঘুদের নিরাপত্তা' নিশ্চিত করা জাতীয় উন্নয়নে কেন একটি গুরুত্বপূর","94","Good","CLEAN","0","0"
"1903","source-file","10_নৈতিকতা, মূল্যবোধ ও সু-শাসন","""Power corrupts and absolute power corrupts absolutely"" – এই নৈতিক স্খলন রোধে সু","94","Good","AUTO","0","1"
"1904","source-file","10_নৈতিকতা, মূল্যবোধ ও সু-শাসন","মূল্যবোধের অবক্ষয় রোধে 'সাংস্কৃতিক কর্মকাণ্ড' কীভাবে সুশাসনে ও জাতীয় উন্নয়নে ","94","Good","CLEAN","0","0"
"1905","source-file","10_নৈতিকতা, মূল্যবোধ ও সু-শাসন","সুশাসনে 'বৈধতা' (Legitimacy) উপাদানের সাথে কোন রাজনৈতিক মূল্যবোধ জড়িত এবং উন্নয","94","Good","CLEAN","0","0"
"1906","source-file","10_নৈতিকতা, মূল্যবোধ ও সু-শাসন","'অ্যাডভোকেসি' বা জনসচেতনতামূলক প্রচারণার মাধ্যমে সুশীল সমাজ জাতীয় উন্নয়নে কী ক","94","Good","CLEAN","0","0"
"1907","source-file","10_নৈতিকতা, মূল্যবোধ ও সু-শাসন","'মূল্যবোধ' ও 'সুশাসন' একে অপরের পরিপূরক— এই ধারণার বাস্তব প্রয়োগ জাতীয় উন্নয়ন","94","Good","AUTO","0","1"
"1908","source-file","10_নৈতিকতা, মূল্যবোধ ও সু-শাসন","পরিশেষে, একটি রাষ্ট্রে টেকসই জাতীয় উন্নয়ন (Sustainable National Development) অ","94","Good","CLEAN","0","0"
"1909","source-file","10_নৈতিকতা, মূল্যবোধ ও সু-শাসন","সমাজে মূল্যবোধ প্রতিষ্ঠার সবচেয়ে আদি ও শক্তিশালী মাধ্যম হিসেবে কোনটি কাজ করে?","94","Good","CLEAN","0","0"
"1910","source-file","10_নৈতিকতা, মূল্যবোধ ও সু-শাসন","সমাজে দুর্নীতিবিরোধী মূল্যবোধ প্রতিষ্ঠার জন্য শিক্ষাপ্রতিষ্ঠানে কোন উদ্যোগটি সবচ","94","Good","CLEAN","0","0"
"1911","source-file","10_নৈতিকতা, মূল্যবোধ ও সু-শাসন","একটি সমাজে গণতান্ত্রিক মূল্যবোধ প্রতিষ্ঠার প্রথম ধাপ কোনটি?","94","Good","CLEAN","0","0"
"1912","source-file","10_নৈতিকতা, মূল্যবোধ ও সু-শাসন","সমাজে 'শ্রমের মর্যাদা' (Dignity of labour) প্রতিষ্ঠার জন্য শিক্ষাব্যবস্থায় কোনট","94","Good","CLEAN","0","0"
"1913","source-file","10_নৈতিকতা, মূল্যবোধ ও সু-শাসন","তরুণ প্রজন্মের মাঝে দেশপ্রেম ও জাতীয় মূল্যবোধ জাগ্রত করার সবচেয়ে কার্যকর উপায়","94","Good","CLEAN","0","0"
"1914","source-file","10_নৈতিকতা, মূল্যবোধ ও সু-শাসন","একটি সমাজে 'আইনের শাসন' সুপ্রতিষ্ঠিত করতে সাধারণ নাগরিকের প্রাথমিক দায়িত্ব কী?","94","Good","CLEAN","0","0"
"1915","source-file","10_নৈতিকতা, মূল্যবোধ ও সু-শাসন","সমাজে পরমতসহিষ্ণুতা নামক মূল্যবোধটি ছড়িয়ে দিতে শিক্ষাপ্রতিষ্ঠানে কোন ধরনের সহশ","94","Good","CLEAN","0","0"
"1916","source-file","10_নৈতিকতা, মূল্যবোধ ও সু-শাসন","সমাজে 'দায়িত্বশীলতা' প্রতিষ্ঠার জন্য শৈশবে পরিবারের কোন চর্চাটি গুরুত্বপূর্ণ?","94","Good","CLEAN","0","0"
"1917","source-file","10_নৈতিকতা, মূল্যবোধ ও সু-শাসন","নাগরিক জীবনে 'নিয়মানুবর্তিতা' (Punctuality) প্রতিষ্ঠার উৎকৃষ্ট উপায় কোনটি?","94","Good","CLEAN","0","0"
"1918","source-file","10_নৈতিকতা, মূল্যবোধ ও সু-শাসন","সমাজে 'নারী-পুরুষের সমতা' নামক মূল্যবোধটি কীভাবে সবচেয়ে কার্যকরভাবে প্রতিষ্ঠা ক","94","Good","CLEAN","0","0"
"1919","source-file","10_নৈতিকতা, মূল্যবোধ ও সু-শাসন","সুশাসনের অন্যতম শর্ত 'অংশগ্রহণ' (Participation) নিশ্চিতে বিদ্যালয় পর্যায়ে কোন ","94","Good","CLEAN","0","0"
"1920","source-file","10_নৈতিকতা, মূল্যবোধ ও সু-শাসন","সমাজে 'সহমর্মিতা' (Empathy) ও 'পরোপকার' প্রতিষ্ঠার জন্য শিক্ষাপ্রতিষ্ঠানে কোন কা","94","Good","CLEAN","0","0"
"1921","source-file","10_নৈতিকতা, মূল্যবোধ ও সু-শাসন","সমাজে মূল্যবোধের অবক্ষয় রোধে ধর্মীয় ও নৈতিক শিক্ষার মূল কাজ কী হওয়া উচিত?","94","Good","CLEAN","0","0"
"1922","source-file","10_নৈতিকতা, মূল্যবোধ ও সু-শাসন","শিক্ষার্থীদের মাঝে 'সততা' প্রতিষ্ঠার জন্য শিক্ষকদের ভূমিকা কেমন হওয়া উচিত?","94","Good","CLEAN","0","0"
"1923","source-file","10_নৈতিকতা, মূল্যবোধ ও সু-শাসন","সমাজে 'মানবাধিকার' সম্পর্কে সচেতনতা ও মূল্যবোধ কীভাবে প্রতিষ্ঠা করা সম্ভব?","94","Good","CLEAN","0","0"
"1924","source-file","10_নৈতিকতা, মূল্যবোধ ও সু-শাসন","সুশাসন প্রতিষ্ঠায় 'পরিবেশগত দায়িত্ববোধ' কীভাবে সমাজে ছড়িয়ে দেওয়া যায়?","94","Good","CLEAN","0","0"
"1925","source-file","10_নৈতিকতা, মূল্যবোধ ও সু-শাসন","সমাজে 'অসাম্প্রদায়িকতা' বা ধর্মনিরপেক্ষ মূল্যবোধ প্রতিষ্ঠার শ্রেষ্ঠ উপায় কোনটি","94","Good","CLEAN","0","0"
"1926","source-file","10_নৈতিকতা, মূল্যবোধ ও সু-শাসন","সমাজে শিষ্টাচার ও ভদ্রতার মূল্যবোধ বিস্তারে পরিবারের কোন আচরণটি প্রভাব ফেলে?","94","Good","CLEAN","0","0"
"1927","source-file","10_নৈতিকতা, মূল্যবোধ ও সু-শাসন","ব্যক্তিজীবনে 'মিতব্যয়িতা' নামক অর্থনৈতিক মূল্যবোধ প্রতিষ্ঠায় কোনটি কার্যকর?","94","Good","CLEAN","0","0"
"1928","source-file","10_নৈতিকতা, মূল্যবোধ ও সু-শাসন","সমাজে 'দেশি পণ্যের প্রতি ভালোবাসা' বা অর্থনৈতিক দেশপ্রেম কীভাবে প্রতিষ্ঠা করা যা","94","Good","CLEAN","0","0"
"1929","source-file","10_নৈতিকতা, মূল্যবোধ ও সু-শাসন","সমাজে অপরাধপ্রবণতা ও গ্যাং কালচার রোধে মূল্যবোধ প্রতিষ্ঠার কোন স্তরটি সবচেয়ে বে","94","Good","CLEAN","0","0"
"1930","source-file","10_নৈতিকতা, মূল্যবোধ ও সু-শাসন","সমাজে 'দুর্নীতিকে ঘৃণা করার' মূল্যবোধ প্রতিষ্ঠায় সামাজিক বয়কটের ভূমিকা কী?","94","Good","CLEAN","0","0"
"1931","source-file","10_নৈতিকতা, মূল্যবোধ ও সু-শাসন","শিক্ষার্থীদের মধ্যে 'জবাবদিহিতা' নামক সুশাসনের উপাদানটি কীভাবে চর্চা করানো যায়?","94","Good","CLEAN","0","0"
"1932","source-file","10_নৈতিকতা, মূল্যবোধ ও সু-শাসন","সমাজে 'সৃজনশীলতা ও মুক্তচিন্তা'র মূল্যবোধ প্রতিষ্ঠায় কী প্রয়োজন?","94","Good","CLEAN","0","0"
"1933","source-file","10_নৈতিকতা, মূল্যবোধ ও সু-শাসন","সমাজে 'নেতৃত্বের গুণাবলি' (Leadership) প্রতিষ্ঠায় শিক্ষাপ্রতিষ্ঠান কী করতে পারে","94","Good","CLEAN","0","0"
"1934","source-file","10_নৈতিকতা, মূল্যবোধ ও সু-শাসন","রাষ্ট্রীয় পর্যায়ে সুশাসন প্রতিষ্ঠার সবচেয়ে অপরিহার্য আইনি ও কাঠামোগত ভিত্তি ক","94","Good","AUTO","0","1"
"1935","source-file","10_নৈতিকতা, মূল্যবোধ ও সু-শাসন","সুশাসনে 'স্বচ্ছতা' (Transparency) প্রতিষ্ঠায় রাষ্ট্রের কোন উদ্যোগটি সবচেয়ে যুগ","94","Good","CLEAN","0","0"
"1936","source-file","10_নৈতিকতা, মূল্যবোধ ও সু-শাসন","সমাজে ন্যায়বিচার ও সুশাসন প্রতিষ্ঠায় 'বিচার বিভাগের' (Judiciary) রূপরেখা কেমন ","94","Good","CLEAN","0","0"
"1937","source-file","10_নৈতিকতা, মূল্যবোধ ও সু-শাসন","প্রশাসনে 'মেধাতন্ত্র' (Meritocracy) ও সমতা প্রতিষ্ঠায় কোন প্রতিষ্ঠানটির স্বাধীন","94","Good","CLEAN","0","0"
"1938","source-file","10_নৈতিকতা, মূল্যবোধ ও সু-শাসন","সরকারি প্রতিষ্ঠানে 'জবাবদিহিতা' (Accountability) প্রতিষ্ঠার একটি শক্তিশালী প্রাত","94","Good","CLEAN","0","0"
"1939","source-file","10_নৈতিকতা, মূল্যবোধ ও সু-শাসন","রাষ্ট্রে 'ক্ষমতার অপব্যবহার' ও স্বৈরতন্ত্র রোধে সংবিধানে কোন নীতির বাস্তবায়ন জর","94","Good","CLEAN","0","0"
"1940","source-file","10_নৈতিকতা, মূল্যবোধ ও সু-শাসন","প্রশাসনে 'লাল ফিতার দৌরাত্ম্য' (Red Tapism) কমিয়ে সুশাসন প্রতিষ্ঠায় সরকার কী প","94","Good","CLEAN","0","0"
"1941","source-file","10_নৈতিকতা, মূল্যবোধ ও সু-শাসন","রাষ্ট্রে 'দুর্নীতিমুক্ত' সমাজ প্রতিষ্ঠায় দুর্নীতি দমন কমিশনের (ACC) ভূমিকা কেমন","94","Good","CLEAN","0","0"
"1942","source-file","10_নৈতিকতা, মূল্যবোধ ও সু-শাসন","সমাজে 'অর্থনৈতিক সুশাসন' ও অর্থের সঠিক ব্যবহার নিশ্চিতে কোন প্রতিষ্ঠানটির অডিট ব","94","Good","CLEAN","0","0"
"1943","source-file","10_নৈতিকতা, মূল্যবোধ ও সু-শাসন","সুশাসনের রাজনৈতিক উপাদান 'বৈধতা' (Legitimacy) ও 'অংশগ্রহণ' প্রতিষ্ঠায় রাষ্ট্রের","94","Good","CLEAN","0","0"
"1944","source-file","10_নৈতিকতা, মূল্যবোধ ও সু-শাসন","সমাজে 'মানবাধিকার' রক্ষায় এবং সুশাসন প্রতিষ্ঠায় রাষ্ট্রের কোন কমিশন কার্যকর ভূ","94","Good","CLEAN","0","0"
"1945","source-file","10_নৈতিকতা, মূল্যবোধ ও সু-শাসন","সুশাসনে 'বিকেন্দ্রীকরণ' (Decentralization) নীতি সমাজে কীভাবে প্রতিষ্ঠিত করা যায়","94","Good","CLEAN","0","0"
"1946","source-file","10_নৈতিকতা, মূল্যবোধ ও সু-শাসন","রাষ্ট্রে 'নৈতিকতা ও শুদ্ধাচার' প্রতিষ্ঠায় সরকারের কোন নীতিগত উদ্যোগটি একটি কাঠা","94","Good","CLEAN","0","0"
"1947","source-file","10_নৈতিকতা, মূল্যবোধ ও সু-শাসন","সমাজে সুশাসন ও আইনের শাসন প্রতিষ্ঠায় আইন প্রয়োগকারী সংস্থার (যেমন- পুলিশ) আচরণ","94","Good","CLEAN","0","0"
"1948","source-file","10_নৈতিকতা, মূল্যবোধ ও সু-শাসন","'হুইসেলব্লোয়ার' (Whistleblower) বা জনস্বার্থে তথ্য প্রকাশকারীদের সুরক্ষায় আইন ","94","Good","CLEAN","0","0"
"1949","source-file","10_নৈতিকতা, মূল্যবোধ ও সু-শাসন","রাষ্ট্রে 'সংবিধানের শ্রেষ্ঠত্ব' (Supremacy of Constitution) সুশাসন প্রতিষ্ঠায় ক","94","Good","CLEAN","0","0"
"1950","source-file","10_নৈতিকতা, মূল্যবোধ ও সু-শাসন","সমাজে 'সামাজিক ন্যায়বিচার' (Social Justice) প্রতিষ্ঠায় পিছিয়ে পড়া জনগোষ্ঠীর ","94","Good","CLEAN","0","0"
"1951","source-file","10_নৈতিকতা, মূল্যবোধ ও সু-শাসন","সুশাসনে 'আইন প্রণয়ন' প্রক্রিয়ায় স্বচ্ছতা ও ঐকমত্য প্রতিষ্ঠায় সংসদের (Parliam","94","Good","CLEAN","0","0"
"1952","source-file","10_নৈতিকতা, মূল্যবোধ ও সু-শাসন","'ভোক্তা অধিকার' ও 'অর্থনৈতিক সুশাসন' প্রতিষ্ঠায় রাষ্ট্রের কোন উদ্যোগটি সবচেয়ে ","94","Good","CLEAN","0","0"
"1953","source-file","10_নৈতিকতা, মূল্যবোধ ও সু-শাসন","রাষ্ট্রে 'সম্পদের সুষম বণ্টন' ও 'সাম্য' প্রতিষ্ঠায় কর ব্যবস্থা কেমন হওয়া উচিত?","94","Good","CLEAN","0","0"
"1954","source-file","10_নৈতিকতা, মূল্যবোধ ও সু-শাসন","সুশাসন প্রতিষ্ঠায় 'বিচারিক দীর্ঘসূত্রতা' (Backlog of cases) কমানোর জন্য কার্যকর","94","Good","CLEAN","0","0"
"1955","source-file","10_নৈতিকতা, মূল্যবোধ ও সু-শাসন","রাষ্ট্রে 'পরিবেশগত সুশাসন' প্রতিষ্ঠায় কোন পদক্ষেপটি সবচেয়ে কার্যকর?","94","Good","CLEAN","0","0"
"1956","source-file","10_নৈতিকতা, মূল্যবোধ ও সু-শাসন","সমাজে 'সংখ্যালঘুদের নিরাপত্তা ও অধিকার' প্রতিষ্ঠায় রাষ্ট্রের প্রধান দায়িত্ব কী","94","Good","CLEAN","0","0"
"1957","source-file","10_নৈতিকতা, মূল্যবোধ ও সু-শাসন","সরকারি চাকরিতে 'শুদ্ধাচার ও নৈতিকতা' প্রতিষ্ঠায় কোন ব্যবস্থাটি কার্যকর?","94","Good","AUTO","0","1"
"1958","source-file","10_নৈতিকতা, মূল্যবোধ ও সু-শাসন","রাষ্ট্রীয় নীতি ও সিদ্ধান্তে 'সরকারের সদিচ্ছা' (Political Will) সুশাসন প্রতিষ্ঠা","94","Good","CLEAN","0","0"
"1959","source-file","10_নৈতিকতা, মূল্যবোধ ও সু-শাসন","সমাজে সুশাসন ও জবাবদিহিতা প্রতিষ্ঠায় 'সুশীল সমাজ' (Civil Society) কীভাবে সবচেয়","94","Good","CLEAN","0","0"
"1960","source-file","10_নৈতিকতা, মূল্যবোধ ও সু-শাসন","দুর্নীতির বিরুদ্ধে সামাজিক প্রতিরোধ বা মূল্যবোধ গড়তে 'ট্রান্সপারেন্সি ইন্টারন্য","94","Good","CLEAN","0","0"
"1961","source-file","10_নৈতিকতা, মূল্যবোধ ও সু-শাসন","সুশাসন প্রতিষ্ঠায় 'স্বাধীন গণমাধ্যম' (Independent Media) কীভাবে সমাজের দর্পণ হি","94","Good","CLEAN","0","0"
"1962","source-file","10_নৈতিকতা, মূল্যবোধ ও সু-শাসন","সমাজে 'উদারতা' ও 'পরমতসহিষ্ণুতা' প্রতিষ্ঠায় গণমাধ্যমের ভূমিকা কেমন হওয়া উচিত?","94","Good","CLEAN","0","0"
"1963","source-file","10_নৈতিকতা, মূল্যবোধ ও সু-শাসন","'অনুসন্ধানী সাংবাদিকতা' (Investigative Journalism) সুশাসন প্রতিষ্ঠায় কীভাবে সহা","94","Good","CLEAN","0","0"
"1964","source-file","10_নৈতিকতা, মূল্যবোধ ও সু-শাসন","সমাজে 'অংশগ্রহণমূলক' (Participatory) সুশাসন প্রতিষ্ঠায় স্থানীয় পর্যায়ে কোন পদ","94","Good","CLEAN","0","0"
"1965","source-file","10_নৈতিকতা, মূল্যবোধ ও সু-শাসন","নাগরিক হিসেবে সুশাসন প্রতিষ্ঠায় আপনার সবচেয়ে বড় 'অ্যাকটিভ সিটিজেনশিপ' বা সক্র","94","Good","CLEAN","0","0"
"1966","source-file","10_নৈতিকতা, মূল্যবোধ ও সু-শাসন","নারী নির্যাতন, ইভটিজিং বা যৌতুকের মতো সামাজিক ব্যাধি দূর করে সুশাসন প্রতিষ্ঠায় ","94","Good","CLEAN","0","0"
"1967","source-file","10_নৈতিকতা, মূল্যবোধ ও সু-শাসন","পেশাজীবীদের (ডাক্তার, ইঞ্জিনিয়ার, আইনজীবী) মাধ্যমে সমাজে সুশাসন ও মূল্যবোধ কীভা","94","Good","CLEAN","0","0"
"1968","source-file","10_নৈতিকতা, মূল্যবোধ ও সু-শাসন","সমাজে 'অর্থনৈতিক সুশাসন' প্রতিষ্ঠায় ট্রেড ইউনিয়ন বা শ্রমিক সংগঠনগুলোর ভূমিকা ক","94","Good","CLEAN","0","0"
"1969","source-file","10_নৈতিকতা, মূল্যবোধ ও সু-শাসন","'সামাজিক নিরীক্ষা' (Social Audit) বলতে কী বোঝায় এবং এটি কীভাবে সুশাসন প্রতিষ্ঠা","94","Good","CLEAN","0","0"
"1970","source-file","10_নৈতিকতা, মূল্যবোধ ও সু-শাসন","'ডিজিটাল লিটারেসি' ও 'সাইবার নৈতিকতা' সমাজে কীভাবে প্রতিষ্ঠিত করা যায়?","94","Good","CLEAN","0","0"
"1971","source-file","10_নৈতিকতা, মূল্যবোধ ও সু-শাসন","পরিবেশ রক্ষায় ও সুশাসন প্রতিষ্ঠায় 'কমিউনিটি বেজড অর্গানাইজেশন' (CBO) কী করতে প","94","Good","CLEAN","0","0"
"1972","source-file","10_নৈতিকতা, মূল্যবোধ ও সু-শাসন","'ভোক্তা অধিকার' প্রতিষ্ঠায় সাধারণ নাগরিকের ভূমিকা কী হওয়া উচিত?","94","Good","CLEAN","0","0"
"1973","source-file","10_নৈতিকতা, মূল্যবোধ ও সু-শাসন","সমাজে 'কমিউনিটি পুলিশিং' (Community Policing) কীভাবে সুশাসন ও মূল্যবোধ প্রতিষ্ঠা","94","Good","CLEAN","0","0"
"1974","source-file","10_নৈতিকতা, মূল্যবোধ ও সু-শাসন","'অ্যাডভোকেসি' (Advocacy) বা নীতিনির্ধারণী তদবিরের মাধ্যমে এনজিওগুলো (NGO) সুশাসন","94","Good","CLEAN","0","0"
"1975","source-file","10_নৈতিকতা, মূল্যবোধ ও সু-শাসন","সমাজে গণতান্ত্রিক মূল্যবোধ প্রতিষ্ঠায় নির্বাচনের সময় নাগরিকদের নৈতিক দায়িত্ব ","94","Good","CLEAN","0","0"
"1976","source-file","10_নৈতিকতা, মূল্যবোধ ও সু-শাসন","সুশাসনে 'স্বচ্ছতা' প্রতিষ্ঠায় সাধারণ নাগরিকদের 'তথ্য চাওয়া'র অভ্যাস কীভাবে কাজ","94","Good","CLEAN","0","0"
"1977","source-file","10_নৈতিকতা, মূল্যবোধ ও সু-শাসন","যুব সমাজ বা 'Youth Leadership' কীভাবে সমাজে মূল্যবোধ প্রতিষ্ঠায় কার্যকর হতে পার","94","Good","CLEAN","0","0"
"1978","source-file","10_নৈতিকতা, মূল্যবোধ ও সু-শাসন","সমাজে 'আইনের শাসন' প্রতিষ্ঠায় গণমাধ্যমের একটি নেতিবাচক দিক কোনটি, যা পরিহার করা","94","Good","CLEAN","0","0"
"1979","source-file","10_নৈতিকতা, মূল্যবোধ ও সু-শাসন","সমাজে 'সংখ্যালঘু অধিকার' রক্ষায় সংখ্যাগুরু সম্প্রদায়ের নৈতিক দায়িত্ব কী?","94","Good","CLEAN","0","0"
"1980","source-file","10_নৈতিকতা, মূল্যবোধ ও সু-শাসন","'সুশীল সমাজ' যখন দলীয় রাজনীতির লেজুড়বৃত্তি করে, তখন সুশাসনে কী প্রভাব পড়ে?","94","Good","CLEAN","0","0"
"1981","source-file","10_নৈতিকতা, মূল্যবোধ ও সু-শাসন","'নাগরিক সাংবাদিকতা' (Citizen Journalism) বর্তমান সময়ে সুশাসনে কীভাবে ভূমিকা রাখ","94","Good","CLEAN","0","0"
"1982","source-file","10_নৈতিকতা, মূল্যবোধ ও সু-শাসন","সমাজে 'কর দেওয়ার সংস্কৃতি' (Tax Compliance) কীভাবে একটি সামাজিক মূল্যবোধে পরিণত","94","Good","CLEAN","0","0"
"1983","source-file","10_নৈতিকতা, মূল্যবোধ ও সু-শাসন","পরিশেষে, সমাজে সুশাসন প্রতিষ্ঠায় সরকার, সুশীল সমাজ ও নাগরিকের মধ্যকার সম্পর্ক ক","94","Good","CLEAN","0","0"
"1984","source-file","10_নৈতিকতা, মূল্যবোধ ও সু-শাসন","প্রশাসনে স্বচ্ছতা ও দুর্নীতি হ্রাসে 'ই-গভর্ন্যান্স' (E-governance) কীভাবে সবচেয়","94","Good","CLEAN","0","0"
"1985","source-file","10_নৈতিকতা, মূল্যবোধ ও সু-শাসন","সরকারি কেনাকাটায় 'ই-টেন্ডারিং' বা e-GP (National e-Government Procurement) পদ্ধ","94","Good","CLEAN","0","0"
"1986","source-file","10_নৈতিকতা, মূল্যবোধ ও সু-শাসন","সরকারি অফিসে 'নথি' বা ই-ফাইলিং (e-Filing) সিস্টেম চালু করার মূল উদ্দেশ্য কী যা স","94","Good","CLEAN","0","0"
"1987","source-file","10_নৈতিকতা, মূল্যবোধ ও সু-শাসন","সুশাসন প্রতিষ্ঠায় 'ওয়ান স্টপ সার্ভিস' (One Stop Service) কেন্দ্রগুলোর ভূমিকা ক","94","Good","CLEAN","0","0"
"1988","source-file","10_নৈতিকতা, মূল্যবোধ ও সু-শাসন","সরকারি কর্মকর্তাদের কাজের জবাবদিহিতা নিশ্চিত করতে 'এপিএ' (APA - Annual Performan","94","Good","CLEAN","0","0"
"1989","source-file","10_নৈতিকতা, মূল্যবোধ ও সু-শাসন","নাগরিকদের অভাব-অভিযোগ দ্রুত সমাধানে প্রশাসনে কোন ডিজিটাল ব্যবস্থাটি (System) সুশ","94","Good","CLEAN","0","0"
"1990","source-file","10_নৈতিকতা, মূল্যবোধ ও সু-শাসন","অর্থনীতিতে সুশাসন ও স্বচ্ছতা আনতে 'ডিজিটাল পেমেন্ট' বা মোবাইল ব্যাংকিং কীভাবে সা","94","Good","CLEAN","0","0"
"1991","source-file","10_নৈতিকতা, মূল্যবোধ ও সু-শাসন","'উন্মুক্ত উপাত্ত' (Open Data) পোর্টাল সরকারের কোন দিকটি প্রতিষ্ঠা করে?","94","Good","CLEAN","0","0"
"1992","source-file","10_নৈতিকতা, মূল্যবোধ ও সু-শাসন","ভূমি প্রশাসনে দুর্নীতি ও মামলা কমানোর জন্য সুশাসনের কোন পদক্ষেপটি সবচেয়ে কার্যক","94","Good","CLEAN","0","0"
"1993","source-file","10_নৈতিকতা, মূল্যবোধ ও সু-শাসন","নির্বাচন ব্যবস্থায় স্বচ্ছতা আনতে প্রাতিষ্ঠানিক সংস্কার হিসেবে কোন প্রযুক্তির ব্","94","Good","CLEAN","0","0"
"1994","source-file","10_নৈতিকতা, মূল্যবোধ ও সু-শাসন","'মানিলন্ডারিং' বা অর্থপাচার রোধে এবং আর্থিক খাতে সুশাসন প্রতিষ্ঠায় কোন প্রতিষ্ঠ","94","Good","CLEAN","0","0"
"1995","source-file","10_নৈতিকতা, মূল্যবোধ ও সু-শাসন","সরকারি কর্মকর্তাদের মধ্যে 'নৈতিকতা' ও 'মূল্যবোধ' ধরে রাখতে প্রাতিষ্ঠানিকভাবে কোন","94","Good","CLEAN","0","0"
"1996","source-file","10_নৈতিকতা, মূল্যবোধ ও সু-শাসন","প্রশাসনে 'স্বজনপ্রীতি' ও দুর্নীতির একটি বড় কারণ হলো কর্মকর্তাদের 'স্বেচ্ছাধীন ক","94","Good","CLEAN","0","0"
"1997","source-file","10_নৈতিকতা, মূল্যবোধ ও সু-শাসন","জনপ্রতিনিধি ও উচ্চপদস্থ কর্মকর্তাদের 'সম্পদের হিসাব' (Wealth Declaration) জনসমক্","94","Good","CLEAN","0","0"
"1998","source-file","10_নৈতিকতা, মূল্যবোধ ও সু-শাসন","সরকারি প্রতিষ্ঠানগুলোর সেবার মান উন্নয়নে 'গ্রাহক সন্তুষ্টি জরিপ' (Customer Sati","94","Good","CLEAN","0","0"
"1999","source-file","10_নৈতিকতা, মূল্যবোধ ও সু-শাসন","সরকারি কর্মকর্তাদের দক্ষতা ও নৈতিকতা বৃদ্ধিতে 'ক্যাপাসিটি বিল্ডিং' (Capacity Bui","94","Good","CLEAN","0","0"
"2000","source-file","10_নৈতিকতা, মূল্যবোধ ও সু-শাসন","সরকারি অফিসে 'অপ্রয়োজনীয় জনবল' ও 'আমলাতান্ত্রিক জটিলতা' কমাতে প্রাতিষ্ঠানিক সং","94","Good","CLEAN","0","0"
"2001","source-file","10_নৈতিকতা, মূল্যবোধ ও সু-শাসন","প্রশাসনে 'যোগসাজশমূলক দুর্নীতি' (Nexus) ভাঙার জন্য কোন প্রাতিষ্ঠানিক নিয়মটি কঠো","94","Good","CLEAN","0","0"
"2002","source-file","10_নৈতিকতা, মূল্যবোধ ও সু-শাসন","সাইবার স্পেসে সুশাসন ও তথ্য নিরাপত্তা নিশ্চিত করতে আধুনিক প্রাতিষ্ঠানিক প্রযুক্ত","94","Good","CLEAN","0","0"
"2003","source-file","10_নৈতিকতা, মূল্যবোধ ও সু-শাসন","'জাতীয় রাজস্ব বোর্ড' (NBR) এর কর আদায় প্রক্রিয়ায় সুশাসন আনতে সবচেয়ে কার্যকর","94","Good","CLEAN","0","0"
"2004","source-file","10_নৈতিকতা, মূল্যবোধ ও সু-শাসন","প্রাতিষ্ঠানিক সুশাসন বজায় রাখতে 'অভ্যন্তরীণ নিরীক্ষা' (Internal Audit) কীভাবে ক","94","Good","CLEAN","0","0"
"2005","source-file","10_নৈতিকতা, মূল্যবোধ ও সু-শাসন","প্রশাসনে 'তথ্যভাণ্ডার' বা 'ডেটাবেজ' একীভূত (Integration) করলে সুশাসনে কী সুবিধা ","94","Good","CLEAN","0","0"
"2006","source-file","10_নৈতিকতা, মূল্যবোধ ও সু-শাসন","'স্থানীয় সরকার' পর্যায়ে ই-গভর্ন্যান্স প্রতিষ্ঠায় কোন প্রতিষ্ঠানটি সবচেয়ে সফল","94","Good","CLEAN","0","0"
"2007","source-file","10_নৈতিকতা, মূল্যবোধ ও সু-শাসন","একটি সমাজে সুশাসন প্রতিষ্ঠার প্রাতিষ্ঠানিক উদ্যোগগুলো সফল হচ্ছে কি না, তা বোঝার ","94","Good","CLEAN","0","0"
"2008","source-file","10_নৈতিকতা, মূল্যবোধ ও সু-শাসন","পরিশেষে, ই-গভর্ন্যান্স ও প্রাতিষ্ঠানিক সংস্কার তখনই সমাজে সুশাসন ও মূল্যবোধ প্রত","94","Good","AUTO","0","1"
"2009","source-file","10_নৈতিকতা, মূল্যবোধ ও সু-শাসন","সমাজে সুশাসন প্রতিষ্ঠিত হলে এর সবচেয়ে বড় ও প্রত্যক্ষ সুফল কোনটি?","94","Good","CLEAN","0","0"
"2010","source-file","10_নৈতিকতা, মূল্যবোধ ও সু-শাসন","নৈতিক মূল্যবোধ চর্চার ফলে সমাজে কোনটির বিকাশ ঘটে?","94","Good","CLEAN","0","0"
"2011","source-file","10_নৈতিকতা, মূল্যবোধ ও সু-শাসন","একটি রাষ্ট্রে সুশাসন না থাকলে সমাজকে সর্বপ্রথম কোন চরম মূল্যটি চোকাতে হয়?","94","Good","CLEAN","0","0"
"2012","source-file","10_নৈতিকতা, মূল্যবোধ ও সু-শাসন","মূল্যবোধের অবক্ষয়ের কারণে সমাজে যখন দুর্নীতির বিস্তার ঘটে, তখন অর্থনীতিতে এর বি","94","Good","CLEAN","0","0"
"2013","source-file","10_নৈতিকতা, মূল্যবোধ ও সু-শাসন","সুশাসনের 'স্বচ্ছতা' (Transparency) উপাদানটির সুফল কী?","94","Good","CLEAN","0","0"
"2014","source-file","10_নৈতিকতা, মূল্যবোধ ও সু-শাসন","একটি দেশে সুশাসনের অভাবে 'মেধাপাচার' (Brain drain) কেন ঘটে?","94","Good","CLEAN","0","0"
"2015","source-file","10_নৈতিকতা, মূল্যবোধ ও সু-শাসন","রাষ্ট্রে 'জবাবদিহিতা' (Accountability) না থাকলে প্রশাসনিক কাঠামোতে কী ঘটে?","94","Good","CLEAN","0","0"
"2016","source-file","10_নৈতিকতা, মূল্যবোধ ও সু-শাসন","সমাজে 'পরমতসহিষ্ণুতা' (Tolerance) নামক মূল্যবোধের অভাব ঘটলে সমাজ কী মূল্য দেয়?","94","Good","CLEAN","0","0"
"2017","source-file","10_নৈতিকতা, মূল্যবোধ ও সু-শাসন","সুশাসনের অন্যতম সুফল হলো 'টেকসই উন্নয়ন' (Sustainable Development)। এটি কীভাবে অ","94","Good","CLEAN","0","0"
"2018","source-file","10_নৈতিকতা, মূল্যবোধ ও সু-শাসন","মূল্যবোধের চরম অবক্ষয়জনিত অপরাধ 'কিশোর গ্যাং' কালচার সমাজের কী ক্ষতি করে?","94","Good","CLEAN","0","0"
"2019","source-file","10_নৈতিকতা, মূল্যবোধ ও সু-শাসন","একটি দেশে সুশাসন ও স্থিতিশীলতা থাকলে আন্তর্জাতিক পরিমণ্ডলে এর সুফল কী?","94","Good","CLEAN","0","0"
"2020","source-file","10_নৈতিকতা, মূল্যবোধ ও সু-শাসন","সুশাসনের অভাবে যখন 'বিচারিক দীর্ঘসূত্রতা' (Justice delayed) ঘটে, তখন সমাজকে কী ম","94","Good","CLEAN","0","0"
"2021","source-file","10_নৈতিকতা, মূল্যবোধ ও সু-শাসন","সমাজে 'শ্রমের মর্যাদা' (Dignity of labour) প্রতিষ্ঠিত হলে এর অর্থনৈতিক সুফল কী?","94","Good","CLEAN","0","0"
"2022","source-file","10_নৈতিকতা, মূল্যবোধ ও সু-শাসন","সুশাসনের রাজনৈতিক উপাদান 'অবাধ ও সুষ্ঠু নির্বাচন' না থাকলে সমাজকে কী চরম মূল্য দ","94","Good","CLEAN","0","0"
"2023","source-file","10_নৈতিকতা, মূল্যবোধ ও সু-শাসন","'ভোক্তা অধিকার' নিয়ে ব্যবসায়িক নৈতিকতা না থাকলে সাধারণ মানুষকে কী মূল্য দিতে হ","94","Good","CLEAN","0","0"
"2024","source-file","10_নৈতিকতা, মূল্যবোধ ও সু-শাসন","সুশাসনের 'অংশগ্রহণমূলক' (Participatory) নীতির সুফল কী?","94","Good","CLEAN","0","0"
"2025","source-file","10_নৈতিকতা, মূল্যবোধ ও সু-শাসন","সমাজে 'সহমর্মিতা' (Empathy) মূল্যবোধটি না থাকলে সমাজের রূপ কেমন হয়?","94","Good","CLEAN","0","0"
"2026","source-file","10_নৈতিকতা, মূল্যবোধ ও সু-শাসন","সুশাসনের অন্যতম সুফল 'সামাজিক ন্যায়বিচার' (Social Justice) প্রতিষ্ঠিত হলে কী ঘট","94","Good","CLEAN","0","0"
"2027","source-file","10_নৈতিকতা, মূল্যবোধ ও সু-শাসন","রাষ্ট্রে 'আমলাতান্ত্রিক দীর্ঘসূত্রতা' বা লাল ফিতার দৌরাত্ম্য থাকলে সমাজকে কী মূল","94","Good","CLEAN","0","0"
"2028","source-file","10_নৈতিকতা, মূল্যবোধ ও সু-শাসন","'দেশপ্রেম' নামক মূল্যবোধটির অভাবে সমাজের কী ক্ষতি হয়?","94","Good","CLEAN","0","0"
"2029","source-file","10_নৈতিকতা, মূল্যবোধ ও সু-শাসন","সুশাসনে 'বিকেন্দ্রীকরণ' (Decentralization) নীতির সবচেয়ে বড় সুফল কোনটি?","94","Good","CLEAN","0","0"
"2030","source-file","10_নৈতিকতা, মূল্যবোধ ও সু-শাসন","সমাজে 'পরশ্রীকাতরতা' (হিংসা) নামক নেতিবাচক মূল্যবোধ বৃদ্ধি পেলে জাতীয় জীবনে কী ","94","Good","CLEAN","0","0"
"2031","source-file","10_নৈতিকতা, মূল্যবোধ ও সু-শাসন","সুশাসন ও আইনের শাসনের অভাবে যখন 'বিচারহীনতার সংস্কৃতি' (Culture of Impunity) তৈর","94","Good","CLEAN","0","0"
"2032","source-file","10_নৈতিকতা, মূল্যবোধ ও সু-শাসন","'নিয়মানুবর্তিতা' (Punctuality) মূল্যবোধটির অভাবে প্রাতিষ্ঠানিক পর্যায়ে কী ক্ষত","94","Good","CLEAN","0","0"
"2033","source-file","10_নৈতিকতা, মূল্যবোধ ও সু-শাসন","সুশাসনে স্বাধীন 'গণমাধ্যম' (Media) থাকার সবচেয়ে বড় সুফল কী?","94","Good","CLEAN","0","0"
"2034","source-file","10_নৈতিকতা, মূল্যবোধ ও সু-শাসন","সমাজে নারী-পুরুষের 'সমতা' নামক মূল্যবোধ না থাকলে সমাজকে কী মূল্য দিতে হয়?","94","Good","CLEAN","0","0"
"2035","source-file","10_নৈতিকতা, মূল্যবোধ ও সু-শাসন","সরকারি খাতে সুশাসন না থাকলে সাধারণ জনগণের ওপর এর অর্থনৈতিক প্রভাব কী?","94","Good","CLEAN","0","0"
"2036","source-file","10_নৈতিকতা, মূল্যবোধ ও সু-শাসন","সমাজে 'উদারতা' ও 'গঠনমূলক সমালোচনা গ্রহণের মানসিকতা'র সুফল কী?","94","Good","CLEAN","0","0"
"2037","source-file","10_নৈতিকতা, মূল্যবোধ ও সু-শাসন","সুশাসনের অন্যতম স্তম্ভ 'স্বাধীন বিচার বিভাগ' না থাকলে সমাজকে কী চরম মূল্য দিতে হ","94","Good","CLEAN","0","0"
"2038","source-file","10_নৈতিকতা, মূল্যবোধ ও সু-শাসন","'ভোটের অধিকার প্রয়োগ' নামক গণতান্ত্রিক মূল্যবোধ না থাকলে রাষ্ট্রের কী ক্ষতি হয়","94","Good","CLEAN","0","0"
"2039","source-file","10_নৈতিকতা, মূল্যবোধ ও সু-শাসন","ব্যক্তিজীবনে 'সততা' নামক নৈতিক মূল্যবোধের সুফল জাতীয় পর্যায়ে কীভাবে প্রতিফলিত ","94","Good","CLEAN","0","0"
"2040","source-file","10_নৈতিকতা, মূল্যবোধ ও সু-শাসন","সমাজে 'পেশিশক্তি' ও 'কালো টাকার' প্রভাব বাড়লে সুশাসনের কোন দিকটি সবচেয়ে বেশি ক","94","Good","CLEAN","0","0"
"2041","source-file","10_নৈতিকতা, মূল্যবোধ ও সু-শাসন","সুশাসনে 'তথ্য উন্মুক্তকরণ' বা Open Data নীতির সবচেয়ে বড় সুফল কী?","94","Good","CLEAN","0","0"
"2042","source-file","10_নৈতিকতা, মূল্যবোধ ও সু-শাসন","'সংখ্যালঘুদের নিরাপত্তা ও অধিকার' নিশ্চিত না করলে সমাজকে কী মূল্য দিতে হয়?","94","Good","CLEAN","0","0"
"2043","source-file","10_নৈতিকতা, মূল্যবোধ ও সু-শাসন","ব্যক্তি ও সমাজে 'দায়িত্বশীলতা' (Responsibility) মূল্যবোধের সুফল কী?","94","Good","CLEAN","0","0"
"2044","source-file","10_নৈতিকতা, মূল্যবোধ ও সু-শাসন","সুশাসনের অভাবে 'স্বজনপ্রীতি' (Nepotism) বাড়লে প্রাতিষ্ঠানিক পর্যায়ে কী ক্ষতি হ","94","Good","CLEAN","0","0"
"2045","source-file","10_নৈতিকতা, মূল্যবোধ ও সু-শাসন","'পরিবেশগত মূল্যবোধ' (Environmental Values) না থাকলে সমাজকে ভবিষ্যতে কী চরম মূল্য","94","Good","CLEAN","0","0"
"2046","source-file","10_নৈতিকতা, মূল্যবোধ ও সু-শাসন","সুশাসনে 'কার্যকারিতা ও দক্ষতা' (Effectiveness and Efficiency) নীতির সুফল কী?","94","Good","CLEAN","0","0"
"2047","source-file","10_নৈতিকতা, মূল্যবোধ ও সু-শাসন","সমাজে 'মানবাধিকার' (Human Rights) রক্ষার সুফল কী?","94","Good","CLEAN","0","0"
"2048","source-file","10_নৈতিকতা, মূল্যবোধ ও সু-শাসন","'শিক্ষাপ্রতিষ্ঠানে নৈতিক শিক্ষার' অভাব ঘটলে সমাজ কী মূল্য দেয়?","94","Good","CLEAN","0","0"
"2049","source-file","10_নৈতিকতা, মূল্যবোধ ও সু-শাসন","সুশাসনে 'আইনের চোখে সমতা' (Equality before the law) নীতির সুফল কী?","94","Good","CLEAN","0","0"
"2050","source-file","10_নৈতিকতা, মূল্যবোধ ও সু-শাসন","সমাজে 'ডিজিটাল লিটারেসি' ও 'সাইবার নৈতিকতা' না থাকলে কী ক্ষতি হয়?","94","Good","CLEAN","0","0"
"2051","source-file","10_নৈতিকতা, মূল্যবোধ ও সু-শাসন","সুশাসনের অভাবে যখন 'অর্থপাচার' (Money Laundering) বৃদ্ধি পায়, তখন সমাজকে কী মূল","94","Good","CLEAN","0","0"
"2052","source-file","10_নৈতিকতা, মূল্যবোধ ও সু-শাসন","'দেশজ সংস্কৃতি ও ঐত্যিহ্যের চর্চা' নামক মূল্যবোধের সুফল কী?","94","Good","CLEAN","0","0"
"2053","source-file","10_নৈতিকতা, মূল্যবোধ ও সু-শাসন","সুশাসনে 'ঐকমত্যমুখী' (Consensus-oriented) সিদ্ধান্ত গ্রহণের সুফল কী?","94","Good","CLEAN","0","0"
"2054","source-file","10_নৈতিকতা, মূল্যবোধ ও সু-শাসন","সমাজে 'শিষ্টাচার' (Etiquette) ও 'ভদ্রতা' না থাকলে কী ঘটে?","94","Good","CLEAN","0","0"
"2055","source-file","10_নৈতিকতা, মূল্যবোধ ও সু-শাসন","সরকারি প্রতিষ্ঠানে 'ই-গভর্ন্যান্স' বা প্রযুক্তিনির্ভর সুশাসন চালু হওয়ার সুফল কী","94","Good","CLEAN","0","0"
"2056","source-file","10_নৈতিকতা, মূল্যবোধ ও সু-শাসন","সুশাসনের অভাবে 'নিয়ন্ত্রণ ও ভারসাম্য' (Checks and Balances) নীতি অকার্যকর হলে স","94","Good","CLEAN","0","0"
"2057","source-file","10_নৈতিকতা, মূল্যবোধ ও সু-শাসন","'অ্যাডভোকেসি' বা জনসচেতনতা মূলক প্রচারণার মাধ্যমে সুশীল সমাজ সুশাসনে কী সুফল বয়","94","Good","CLEAN","0","0"
"2058","source-file","10_নৈতিকতা, মূল্যবোধ ও সু-শাসন","ব্যক্তিজীবনে 'ক্ষমা' (Forgiveness) ও 'দয়া' নামক মূল্যবোধ না থাকলে সমাজ কেমন হয়","94","Good","CLEAN","0","0"
"2059","source-file","10_নৈতিকতা, মূল্যবোধ ও সু-শাসন","সুশাসনে 'জনগণের অংশগ্রহণ' (Public Participation) না থাকলে উন্নয়ন প্রকল্পগুলোর ক","94","Good","CLEAN","0","0"
"2060","source-file","10_নৈতিকতা, মূল্যবোধ ও সু-শাসন","'পাবলিক সার্ভিস কমিশন' (PSC) এর মতো সাংবিধানিক প্রতিষ্ঠানগুলো স্বাধীনভাবে কাজ কর","94","Good","CLEAN","0","0"
"2061","source-file","10_নৈতিকতা, মূল্যবোধ ও সু-শাসন","সমাজে 'কর্তব্যনিষ্ঠা' (Devotion to duty) নামক মূল্যবোধ না থাকলে কী ঘটে?","94","Good","CLEAN","0","0"
"2062","source-file","10_নৈতিকতা, মূল্যবোধ ও সু-শাসন","সুশাসনে 'সামাজিক নিরাপত্তা বেষ্টনী' (Social Safety Net) থাকার সুফল কী?","94","Good","CLEAN","0","0"
"2063","source-file","10_নৈতিকতা, মূল্যবোধ ও সু-শাসন","'দুর্নীতি দমন কমিশন' (ACC) স্বাধীন ও কার্যকর না হলে সমাজকে কী মূল্য দিতে হয়?","94","Good","CLEAN","0","0"
"2064","source-file","10_নৈতিকতা, মূল্যবোধ ও সু-শাসন","সমাজে 'মৌলিক অধিকার' (Fundamental Rights) সংরক্ষিত থাকার সুফল কী?","94","Good","CLEAN","0","0"
"2065","source-file","10_নৈতিকতা, মূল্যবোধ ও সু-শাসন","সুশাসনের অভাবে 'রাজনৈতিক অস্থিতিশীলতা' থাকলে অর্থনীতিতে কী প্রভাব পড়ে?","94","Good","CLEAN","0","0"
"2066","source-file","10_নৈতিকতা, মূল্যবোধ ও সু-শাসন","'জাতীয় স্বার্থকে ব্যক্তিগত স্বার্থের ঊর্ধ্বে স্থান দেওয়া'— এই মূল্যবোধের সুফল ","94","Good","AUTO","0","1"
"2067","source-file","10_নৈতিকতা, মূল্যবোধ ও সু-শাসন","সুশাসনে 'তথ্য অধিকার আইন' (RTI) কার্যকর থাকলে সাধারণ মানুষের কী সুফল হয়?","94","Good","CLEAN","0","0"
"2068","source-file","10_নৈতিকতা, মূল্যবোধ ও সু-শাসন","সমাজে 'পরোপকার' ও 'স্বেচ্ছাসেবী মানসিকতা' না থাকলে কী ঘটে?","94","Good","CLEAN","0","0"
"2069","source-file","10_নৈতিকতা, মূল্যবোধ ও সু-শাসন","সুশাসনের অভাবে 'নির্বাচনে কালো টাকার প্রভাব' থাকলে সমাজকে কী মূল্য দিতে হয়?","94","Good","CLEAN","0","0"
"2070","source-file","10_নৈতিকতা, মূল্যবোধ ও সু-শাসন","'স্থানীয় সরকার' (Local Government) ব্যবস্থা শক্তিশালী হওয়ার সুফল কী?","94","Good","CLEAN","0","0"
"2071","source-file","10_নৈতিকতা, মূল্যবোধ ও সু-শাসন","সরকারি কর্মকর্তাদের মধ্যে 'জনবান্ধব মানসিকতা' না থাকলে সমাজ কী মূল্য দেয়?","94","Good","CLEAN","0","0"
"2072","source-file","10_নৈতিকতা, মূল্যবোধ ও সু-শাসন","সুশাসনে 'সংবিধানের শ্রেষ্ঠত্ব' (Supremacy of Constitution) বজায় থাকার সুফল কী?","94","Good","CLEAN","0","0"
"2073","source-file","10_নৈতিকতা, মূল্যবোধ ও সু-শাসন","সমাজে 'সাংস্কৃতিক কর্মকাণ্ড' ও 'সুস্থ বিনোদন' না থাকলে কী ঘটে?","94","Good","CLEAN","0","0"
"2074","source-file","10_নৈতিকতা, মূল্যবোধ ও সু-শাসন","'পাবলিক সার্ভিস' বা সরকারি সেবাকে 'চাকরি' না ভেবে 'সেবা' হিসেবে গ্রহণ করার সুফল ","94","Good","CLEAN","0","0"
"2075","source-file","10_নৈতিকতা, মূল্যবোধ ও সু-শাসন","সুশাসনের অভাবে ব্যাংকিং খাতে 'স্বচ্ছতা' না থাকলে সমাজকে কী চরম মূল্য দিতে হয়?","94","Good","CLEAN","0","0"
"2076","source-file","10_নৈতিকতা, মূল্যবোধ ও সু-শাসন","'মিতব্যয়িতা' (Frugality) নামক অর্থনৈতিক মূল্যবোধ চর্চার সুফল কী?","94","Good","CLEAN","0","0"
"2077","source-file","10_নৈতিকতা, মূল্যবোধ ও সু-শাসন","সুশাসনে 'ন্যায়পাল' (Ombudsman) ব্যবস্থার সফল প্রয়োগের সুফল কী?","94","Good","CLEAN","0","0"
"2078","source-file","10_নৈতিকতা, মূল্যবোধ ও সু-শাসন","ব্যক্তিজীবনে 'সততা' ও 'নৈতিকতা'র অভাবে শিক্ষিত ব্যক্তিরা অপরাধ করলে সমাজ কী মূল্","94","Good","CLEAN","0","0"
"2079","source-file","10_নৈতিকতা, মূল্যবোধ ও সু-শাসন","সুশাসনে 'নিয়মকানুন সহজীকরণ' (Simplification of procedures) বা ইজ অব ডুয়িং বিজন","94","Good","CLEAN","0","0"
"2080","source-file","10_নৈতিকতা, মূল্যবোধ ও সু-শাসন","সমাজে 'পেশাগত নৈতিকতা' (Professional Ethics) না থাকলে কী ঘটে?","94","Good","CLEAN","0","0"
"2081","source-file","10_নৈতিকতা, মূল্যবোধ ও সু-শাসন","সুশাসনের অন্যতম বৈশিষ্ট্য 'আইনের চোখে সমতা' (Equality before the law) না থাকলে ক","94","Good","CLEAN","0","0"
"2082","source-file","10_নৈতিকতা, মূল্যবোধ ও সু-শাসন","'ভোক্তা অধিকার সংরক্ষণ' আইন কার্যকরভাবে বাস্তবায়িত হওয়ার সুফল কী?","94","Good","CLEAN","0","0"
"2083","source-file","10_নৈতিকতা, মূল্যবোধ ও সু-শাসন","সমাজে 'কমিউনিটি পুলিশিং' (Community Policing) থাকার সুফল কী?","94","Good","CLEAN","0","0"
"2084","source-file","10_নৈতিকতা, মূল্যবোধ ও সু-শাসন","সুশাসনের অভাবে 'কালো টাকা সাদা করার সুযোগ' দেওয়া হলে সমাজকে কী দীর্ঘমেয়াদি মূল","94","Good","CLEAN","0","0"
"2085","source-file","10_নৈতিকতা, মূল্যবোধ ও সু-শাসন","'হুইসেলব্লোয়ার' (Whistleblower) বা দুর্নীতি ফাঁসকারীকে আইনি সুরক্ষা দেওয়ার সুফ","94","Good","CLEAN","0","0"
"2086","source-file","10_নৈতিকতা, মূল্যবোধ ও সু-শাসন","সমাজে 'সামাজিক পুঁজি' (Social Capital) বা পারস্পরিক বিশ্বাস না থাকলে কী ঘটে?","94","Good","CLEAN","0","0"
"2087","source-file","10_নৈতিকতা, মূল্যবোধ ও সু-শাসন","সুশাসনে 'প্রতিক্রিয়াশীলতা' (Responsiveness) নীতির সুফল কী?","94","Good","CLEAN","0","0"
"2088","source-file","10_নৈতিকতা, মূল্যবোধ ও সু-শাসন","পরিবার ও সমাজ থেকে 'নৈতিক শিক্ষার' অভাব ঘটলে দীর্ঘমেয়াদে কী চরম মূল্য দিতে হয়?","94","Good","CLEAN","0","0"
"2089","source-file","10_নৈতিকতা, মূল্যবোধ ও সু-শাসন","সরকারি কেনাকাটায় 'ই-টেন্ডারিং' (e-GP) পদ্ধতি চালুর সুফল কী?","94","Good","CLEAN","0","0"
"2090","source-file","10_নৈতিকতা, মূল্যবোধ ও সু-শাসন","সমাজে 'ধর্মীয় গোঁড়ামি' ও 'উগ্রবাদ' বৃদ্ধি পেলে সুশাসনের কোন দিকটি সবচেয়ে বেশি","94","Good","CLEAN","0","0"
"2091","source-file","10_নৈতিকতা, মূল্যবোধ ও সু-শাসন","সুশাসনের অভাবে 'সরকারি অর্থের অপচয়' (Misuse of public funds) হলে সাধারণ নাগরিকক","94","Good","CLEAN","0","0"
"2092","source-file","10_নৈতিকতা, মূল্যবোধ ও সু-শাসন","'জাতীয় শুদ্ধাচার কৌশল' (NIS) সফলভাবে বাস্তবায়িত হওয়ার সুফল কী?","94","Good","CLEAN","0","0"
"2093","source-file","10_নৈতিকতা, মূল্যবোধ ও সু-শাসন","সমাজে 'কিশোর গ্যাং' বা তরুণদের অপরাধপ্রবণতা বাড়লে আইনশৃঙ্খলা রক্ষাকারী বাহিনীর ","94","Good","CLEAN","0","0"
"2094","source-file","10_নৈতিকতা, মূল্যবোধ ও সু-শাসন","সুশাসনে 'নিয়ন্ত্রণ ও ভারসাম্য' (Checks and Balances) নীতির সুফল কী?","94","Good","CLEAN","0","0"
"2095","source-file","10_নৈতিকতা, মূল্যবোধ ও সু-শাসন","'অ্যাডভোকেসি' বা জনসচেতনতা মূলক প্রচারণার মাধ্যমে সুশীল সমাজ সুশাসনে কী সুফল বয়","94","Good","CLEAN","0","0"
"2096","source-file","10_নৈতিকতা, মূল্যবোধ ও সু-শাসন","সমাজে 'মানবাধিকার' লঙ্ঘিত হলে আন্তর্জাতিক পরিমণ্ডলে দেশটিকে কী মূল্য দিতে হয়?","94","Good","CLEAN","0","0"
"2097","source-file","10_নৈতিকতা, মূল্যবোধ ও সু-শাসন","'গণশুনানি' (Public Hearing) আয়োজন করে সুশাসনের কোন সুফলটি নিশ্চিত করা যায়?","94","Good","CLEAN","0","0"
"2098","source-file","10_নৈতিকতা, মূল্যবোধ ও সু-শাসন","'ডিজিটাল লিটারেসি' ও 'সাইবার নৈতিকতা' চর্চার সুফল কী?","94","Good","CLEAN","0","0"
"2099","source-file","10_নৈতিকতা, মূল্যবোধ ও সু-শাসন","সুশাসনের অভাবে 'তথ্য গোপন' বা সেন্সরশিপ থাকলে সমাজকে কী চরম মূল্য দিতে হয়?","94","Good","CLEAN","0","0"
"2100","source-file","10_নৈতিকতা, মূল্যবোধ ও সু-শাসন","'সামাজিক নিরীক্ষা' (Social Audit) এর সুফল কী?","94","Good","CLEAN","0","0"
"2101","source-file","10_নৈতিকতা, মূল্যবোধ ও সু-শাসন","সমাজে 'কর দেওয়ার সংস্কৃতি' (Tax Compliance) একটি মূল্যবোধ হিসেবে প্রতিষ্ঠিত হলে","94","Good","CLEAN","0","0"
"2102","source-file","10_নৈতিকতা, মূল্যবোধ ও সু-শাসন","সুশাসনে 'পরিবেশগত দায়িত্ববোধ' না থাকলে দীর্ঘমেয়াদে কী ঘটে?","94","Good","CLEAN","0","0"
"2103","source-file","10_নৈতিকতা, মূল্যবোধ ও সু-শাসন","'উন্মুক্ত উপাত্ত' (Open Data) পোর্টাল সরকারের কোন সুফলটি প্রকাশ করে?","94","Good","CLEAN","0","0"
"2104","source-file","10_নৈতিকতা, মূল্যবোধ ও সু-শাসন","সমাজে 'নারীর প্রতি সম্মান ও মর্যাদা' প্রদান করে তাদের ক্ষমতায়ন করলে কী সুফল পাও","94","Good","CLEAN","0","0"
"2105","source-file","10_নৈতিকতা, মূল্যবোধ ও সু-শাসন","সুশাসনের অভাবে 'রাজনৈতিক লেজুড়বৃত্তি' ও 'দলীয়করণ' বাড়লে প্রাতিষ্ঠানিক কী ক্ষত","94","Good","CLEAN","0","0"
"2106","source-file","10_নৈতিকতা, মূল্যবোধ ও সু-শাসন","'পাবলিক সার্ভিস কমিশন' (PSC) এর মতো সাংবিধানিক প্রতিষ্ঠানগুলো স্বাধীনভাবে কাজ কর","94","Good","CLEAN","0","0"
"2107","source-file","10_নৈতিকতা, মূল্যবোধ ও সু-শাসন","'মূল্যবোধ' ও 'সুশাসন' একে অপরের পরিপূরক— এই ধারণার সবচেয়ে বড় সুফল কী?","94","Good","AUTO","0","1"
"2108","source-file","10_নৈতিকতা, মূল্যবোধ ও সু-শাসন","পরিশেষে, সমাজে সুশাসন ও মূল্যবোধের অভাব থাকলে সমাজকে যে চূড়ান্ত মূল্য দিতে হয়,","94","Good","CLEAN","0","0"
"2109","source-file","10_নৈতিকতা, মূল্যবোধ ও সু-শাসন","সুশাসন ও মূল্যবোধের মধ্যকার সম্পর্ক মূলত কেমন?","94","Good","CLEAN","0","0"
"2110","source-file","10_নৈতিকতা, মূল্যবোধ ও সু-শাসন","নিচের কোনটি সুশাসন প্রতিষ্ঠার সবচেয়ে শক্তিশালী নৈতিক ভিত্তি?","94","Good","CLEAN","0","0"
"2111","source-file","10_নৈতিকতা, মূল্যবোধ ও সু-শাসন","মূল্যবোধহীন সমাজে সুশাসন কেন প্রতিষ্ঠা করা কঠিন?","94","Good","CLEAN","0","0"
"2112","source-file","10_নৈতিকতা, মূল্যবোধ ও সু-শাসন","""মূল্যবোধ হলো সুশাসনের চালিকাশক্তি""— কথাটির তাৎপর্য কী?","94","Good","AUTO","0","1"
"2113","source-file","10_নৈতিকতা, মূল্যবোধ ও সু-শাসন","একটি রাষ্ট্রে আইনের শাসন ও নৈতিক মূল্যবোধের মধ্যে প্রধান পার্থক্য কী?","94","Good","CLEAN","0","0"
"2114","source-file","10_নৈতিকতা, মূল্যবোধ ও সু-শাসন","সুশাসন নিশ্চিত করতে হলে নাগরিকের কোন মূল্যবোধটি সবচেয়ে বেশি প্রয়োজন?","94","Good","CLEAN","0","0"
"2115","source-file","10_নৈতিকতা, মূল্যবোধ ও সু-শাসন","সমাজে নৈতিক মূল্যবোধ শক্তিশালী হলে সুশাসনের কোন উপাদানটি আপনাআপনি বৃদ্ধি পায়?","94","Good","CLEAN","0","0"
"2116","source-file","10_নৈতিকতা, মূল্যবোধ ও সু-শাসন","সুশাসন ও মূল্যবোধ উভয়টির চূড়ান্ত লক্ষ্য কী?","94","Good","CLEAN","0","0"
"2117","source-file","10_নৈতিকতা, মূল্যবোধ ও সু-শাসন","রাষ্ট্রীয় প্রশাসনে সুশাসন আনতে হলে আমলাদের মধ্যে কোন মূল্যবোধের চর্চা জরুরি?","94","Good","CLEAN","0","0"
"2118","source-file","10_নৈতিকতা, মূল্যবোধ ও সু-শাসন","মূল্যবোধ ও আইনের মধ্যে সম্পর্ক কী?","94","Good","CLEAN","0","0"
"2119","source-file","10_নৈতিকতা, মূল্যবোধ ও সু-শাসন","সুশাসনের কোন উপাদানটি সরাসরি গণতান্ত্রিক মূল্যবোধের সাথে সম্পর্কিত?","94","Good","CLEAN","0","0"
"2120","source-file","10_নৈতিকতা, মূল্যবোধ ও সু-শাসন","একটি দেশের সুশাসন ব্যবস্থা দুর্বল হয়ে পড়ে কখন?","94","Good","CLEAN","0","0"
"2121","source-file","10_নৈতিকতা, মূল্যবোধ ও সু-শাসন","নিচের কোনটি রাজনৈতিক মূল্যবোধ ও সুশাসনের অভিন্ন উপাদান?","94","Good","CLEAN","0","0"
"2122","source-file","10_নৈতিকতা, মূল্যবোধ ও সু-শাসন","সুশাসন প্রতিষ্ঠায় সরকার ও জনগণের মধ্যে সেতুবন্ধন হিসেবে কাজ করে কোনটি?","94","Good","CLEAN","0","0"
"2123","source-file","10_নৈতিকতা, মূল্যবোধ ও সু-শাসন","মূল্যবোধ কীভাবে সুশাসনে সহায়তা করে?","94","Good","CLEAN","0","0"
"2124","source-file","10_নৈতিকতা, মূল্যবোধ ও সু-শাসন","সুশাসন ও মূল্যবোধের অভাবের সরাসরি ফলাফল কোনটি?","94","Good","CLEAN","0","0"
"2125","source-file","10_নৈতিকতা, মূল্যবোধ ও সু-শাসন","সুশাসন প্রতিষ্ঠায় ‘স্বচ্ছতা’ (Transparency) নিশ্চিত করতে কোন মূল্যবোধটি আবশ্যক?","94","Good","AUTO","0","1"
"2126","source-file","10_নৈতিকতা, মূল্যবোধ ও সু-শাসন","নাগরিকের ‘আইন মান্য করার প্রবণতা’ কোন ধরনের মূল্যবোধ এবং এটি সুশাসনে কী ভূমিকা র","94","Good","AUTO","0","1"
"2127","source-file","10_নৈতিকতা, মূল্যবোধ ও সু-শাসন","মূল্যবোধের শিক্ষা কোথা থেকে শুরু হলে সুশাসন প্রতিষ্ঠা সহজ হয়?","94","Good","CLEAN","0","0"
"2128","source-file","10_নৈতিকতা, মূল্যবোধ ও সু-শাসন","সুশাসনের উপাদানগুলোর সফল প্রয়োগ মূলত কিসের ওপর নির্ভরশীল?","94","Good","CLEAN","0","0"
"2129","source-file","10_নৈতিকতা, মূল্যবোধ ও সু-শাসন","‘সাম্য ও অন্তর্ভুক্তি’ (Equity and Inclusiveness) সুশাসনের উপাদান। এটি কোন মূল্য","94","Good","AUTO","0","1"
"2130","source-file","10_নৈতিকতা, মূল্যবোধ ও সু-শাসন","সুশাসনের রাজনৈতিক উপাদানগুলো কার্যকর হতে কোন মূল্যবোধের চর্চা অপরিহার্য?","94","Good","CLEAN","0","0"
"2131","source-file","10_নৈতিকতা, মূল্যবোধ ও সু-শাসন","নিচের কোনটি সুশাসনের অন্তরায় এবং মূল্যবোধের অবক্ষয়ের লক্ষণ?","94","Good","CLEAN","0","0"
"2132","source-file","10_নৈতিকতা, মূল্যবোধ ও সু-শাসন","মূল্যবোধের সাথে সুশাসনের সম্পর্ককে কীভাবে বর্ণনা করা যায়?","94","Good","CLEAN","0","0"
"2133","source-file","10_নৈতিকতা, মূল্যবোধ ও সু-শাসন","সুশাসন একটি আধুনিক ধারণা হলেও এর মূলে রয়েছে প্রাচীনকালের কোন বিষয়টি?","94","Good","CLEAN","0","0"
"2134","source-file","10_নৈতিকতা, মূল্যবোধ ও সু-শাসন","গণতান্ত্রিক মূল্যবোধের অভাব ঘটলে সুশাসনের কোন উপাদানটি সবচেয়ে বেশি ক্ষতিগ্রস্ত ","94","Good","CLEAN","0","0"
"2135","source-file","10_নৈতিকতা, মূল্যবোধ ও সু-শাসন","'দায়িত্ববোধ' (Sense of responsibility) কোন ধরনের মূল্যবোধ এবং এটি সুশাসনে কীভাব","94","Good","CLEAN","0","0"
"2136","source-file","10_নৈতিকতা, মূল্যবোধ ও সু-শাসন","সমাজে ‘সহমর্মিতা’ (Empathy) নামক মূল্যবোধটি বিরাজ করলে সুশাসনের কোন দিকটি শক্তিশ","94","Good","AUTO","0","1"
"2137","source-file","10_নৈতিকতা, মূল্যবোধ ও সু-শাসন","সুশাসনে ঐকমত্য (Consensus) প্রতিষ্ঠায় কোন মূল্যবোধটি সহায়ক?","94","Good","CLEAN","0","0"
"2138","source-file","10_নৈতিকতা, মূল্যবোধ ও সু-শাসন","সরকার ও প্রশাসনের কার্যক্রমে 'স্বচ্ছতা' না থাকলে সমাজে কোন মূল্যবোধের অবক্ষয় ঘট","94","Good","CLEAN","0","0"
"2139","source-file","10_নৈতিকতা, মূল্যবোধ ও সু-শাসন","মূল্যবোধহীন শিক্ষা সুশাসনের জন্য কেন হুমকিস্বরূপ?","94","Good","CLEAN","0","0"
"2140","source-file","10_নৈতিকতা, মূল্যবোধ ও সু-শাসন","জবাবদিহিতা সুশাসনের একটি গুরুত্বপূর্ণ শর্ত। এর সাথে কোন মূল্যবোধটি সরাসরি যুক্ত?","94","Good","CLEAN","0","0"
"2141","source-file","10_নৈতিকতা, মূল্যবোধ ও সু-শাসন","রাষ্ট্রের সম্পদ সুষম বণ্টন সুশাসনের একটি অংশ। এর পেছনে কোন অর্থনৈতিক মূল্যবোধ কা","94","Good","CLEAN","0","0"
"2142","source-file","10_নৈতিকতা, মূল্যবোধ ও সু-শাসন","মূল্যবোধের অবক্ষয় রোধে এবং সুশাসন প্রতিষ্ঠায় কার ভূমিকা সবচেয়ে বেশি?","94","Good","CLEAN","0","0"
"2143","source-file","10_নৈতিকতা, মূল্যবোধ ও সু-শাসন","সুশাসনে স্বাধীন গণমাধ্যমের ভূমিকা ব্যাপক। এটি নাগরিকের কোন মূল্যবোধকে জাগ্রত করে","94","Good","CLEAN","0","0"
"2144","source-file","10_নৈতিকতা, মূল্যবোধ ও সু-শাসন","'দুর্নীতি' সুশাসনের প্রধান শত্রু। দুর্নীতি প্রতিরোধে আইনি ব্যবস্থার পাশাপাশি আর ","94","Good","CLEAN","0","0"
"2145","source-file","10_নৈতিকতা, মূল্যবোধ ও সু-শাসন","সুশাসনের অন্যতম শর্ত হলো 'সংখ্যালঘুদের অধিকার রক্ষা'। এটি কোন মূল্যবোধের পরিচায়","94","Good","CLEAN","0","0"
"2146","source-file","10_নৈতিকতা, মূল্যবোধ ও সু-শাসন","নাগরিকের ‘দেশপ্রেম’ সুশাসন প্রতিষ্ঠায় কীভাবে সাহায্য করে?","94","Good","AUTO","0","1"
"2147","source-file","10_নৈতিকতা, মূল্যবোধ ও সু-শাসন","সুশাসনে ‘ক্ষমতার বিকেন্দ্রীকরণ’ (Decentralization) কোন মূল্যবোধকে উৎসাহিত করে?","94","Good","AUTO","0","1"
"2148","source-file","10_নৈতিকতা, মূল্যবোধ ও সু-শাসন","বিচার বিভাগের স্বাধীনতা সুশাসনের অন্যতম ভিত্তি। এটি কোন মূল্যবোধ রক্ষায় কাজ করে","94","Good","CLEAN","0","0"
"2149","source-file","10_নৈতিকতা, মূল্যবোধ ও সু-শাসন","'লাল ফিতার দৌরাত্ম্য' (Red Tapism) বা আমলাতান্ত্রিক দীর্ঘসূত্রতা সুশাসনের পথে বা","94","Good","CLEAN","0","0"
"2150","source-file","10_নৈতিকতা, মূল্যবোধ ও সু-শাসন","সুশাসনে 'প্রতিক্রিয়াশীলতা' (Responsiveness) বলতে দ্রুত সেবা প্রদান বোঝায়। এটি ","94","Good","CLEAN","0","0"
"2151","source-file","10_নৈতিকতা, মূল্যবোধ ও সু-শাসন","রাষ্ট্রে সুশাসন না থাকলে সমাজের মূল্যবোধের কী পরিণতি হয়?","94","Good","CLEAN","0","0"
"2152","source-file","10_নৈতিকতা, মূল্যবোধ ও সু-শাসন","একটি সমাজে ‘শিষ্টাচার’ (Etiquette) ও ‘ভদ্রতা’ সুশাসনে কীভাবে ভূমিকা রাখে?","94","Good","AUTO","0","1"
"2153","source-file","10_নৈতিকতা, মূল্যবোধ ও সু-শাসন","সুশাসনের 'কার্যকারিতা ও দক্ষতা' (Effectiveness and Efficiency) উপাদানের সাথে কোন","94","Good","CLEAN","0","0"
"2154","source-file","10_নৈতিকতা, মূল্যবোধ ও সু-শাসন","আইনের শাসন প্রতিষ্ঠায় নাগরিকের নৈতিক দায়িত্ব কোনটি?","94","Good","CLEAN","0","0"
"2155","source-file","10_নৈতিকতা, মূল্যবোধ ও সু-শাসন","""জোর যার মুল্লুক তার""— এই নীতি সমাজে প্রতিষ্ঠিত হলে সুশাসনের কী অবস্থা হয়?","94","Good","AUTO","0","1"
"2156","source-file","10_নৈতিকতা, মূল্যবোধ ও সু-শাসন","সুশাসনে 'মানবাধিকার' (Human Rights) রক্ষার বিষয়টি কোন ধরনের মূল্যবোধের চূড়ান্ত","94","Good","CLEAN","0","0"
"2157","source-file","10_নৈতিকতা, মূল্যবোধ ও সু-শাসন","তথ্য অধিকার আইন (RTI) পাস হওয়ার ফলে সুশাসন ও মূল্যবোধের কোন দিকটি বিকশিত হয়েছে","94","Good","CLEAN","0","0"
"2158","source-file","10_নৈতিকতা, মূল্যবোধ ও সু-শাসন","মূল্যবোধের অবক্ষয়জনিত অপরাধ (যেমন- ইভটিজিং, কিশোর গ্যাং) রোধে সুশাসনের কোন হাতি","94","Good","CLEAN","0","0"
"2159","source-file","10_নৈতিকতা, মূল্যবোধ ও সু-শাসন","সুশীল সমাজের (Civil Society) প্রধান নৈতিক দায়িত্ব কী, যা সুশাসনকে ত্বরান্বিত কর","94","Good","CLEAN","0","0"
"2160","source-file","10_নৈতিকতা, মূল্যবোধ ও সু-শাসন","'শ্রমের মর্যাদা' (Dignity of labour) সুশাসন প্রতিষ্ঠায় কীভাবে সাহায্য করে?","94","Good","CLEAN","0","0"
"2161","source-file","10_নৈতিকতা, মূল্যবোধ ও সু-শাসন","‘নেতৃত্বের সততা’ সুশাসনের জন্য কেন সবচেয়ে বেশি গুরুত্বপূর্ণ?","94","Good","AUTO","0","1"
"2162","source-file","10_নৈতিকতা, মূল্যবোধ ও সু-শাসন","মূল্যবোধ শিক্ষা সুশাসনের কোন উপাদানটিকে সবচেয়ে বেশি দীর্ঘস্থায়ী করে?","94","Good","CLEAN","0","0"
"2163","source-file","10_নৈতিকতা, মূল্যবোধ ও সু-শাসন","সুশাসনে ‘জনগণের অংশগ্রহণ’ (Participation) নিশ্চিত করতে নাগরিকের কোন রাজনৈতিক মূল","94","Good","AUTO","0","1"
"2164","source-file","10_নৈতিকতা, মূল্যবোধ ও সু-শাসন","নিচের কোনটি সুশাসনের বৈশিষ্ট্য, যা সরাসরি নৈতিক মূল্যবোধ থেকে উৎসারিত?","94","Good","CLEAN","0","0"
"2165","source-file","10_নৈতিকতা, মূল্যবোধ ও সু-শাসন","‘সহনশীলতা’ (Tolerance) মূল্যবোধটি সুশাসনে কীভাবে কাজ করে?","94","Good","AUTO","0","1"
"2166","source-file","10_নৈতিকতা, মূল্যবোধ ও সু-শাসন","সুশাসন প্রতিষ্ঠায় 'ন্যায়পাল' (Ombudsman) ব্যবস্থার মূল কাজ কী এবং এটি কোন মূল্","94","Good","CLEAN","0","0"
"2167","source-file","10_নৈতিকতা, মূল্যবোধ ও সু-শাসন","সামাজিক যোগাযোগ মাধ্যমে গুজব না ছড়ানো একজন নাগরিকের কোন ধরনের মূল্যবোধ এবং এটি ","94","Good","CLEAN","0","0"
"2168","source-file","10_নৈতিকতা, মূল্যবোধ ও সু-শাসন","সুশাসনে 'ঐকমত্যমুখী' (Consensus oriented) দৃষ্টিভঙ্গির মূলে কোন নৈতিক গুণটি কাজ ","94","Good","CLEAN","0","0"
"2169","source-file","10_নৈতিকতা, মূল্যবোধ ও সু-শাসন","'ই-গভর্ন্যান্স' বা ডিজিটাল প্রশাসন সুশাসন ও মূল্যবোধের সম্পর্কে কী পরিবর্তন এনেছ","94","Good","CLEAN","0","0"
"2170","source-file","10_নৈতিকতা, মূল্যবোধ ও সু-শাসন","মূল্যবোধের অবক্ষয় ঘটলে রাষ্ট্রীয় প্রতিষ্ঠানগুলোর ওপর এর কী প্রভাব পড়ে?","94","Good","CLEAN","0","0"
"2171","source-file","10_নৈতিকতা, মূল্যবোধ ও সু-শাসন","""সবার উপরে মানুষ সত্য, তাহার উপরে নাই""— এটি কোন ধরনের মূল্যবোধ এবং সুশাসনে এর ভূ","94","Good","AUTO","0","1"
"2172","source-file","10_নৈতিকতা, মূল্যবোধ ও সু-শাসন","সুশাসনে 'সংবিধানের প্রতি আনুগত্য' নাগরিকের কোন মূল্যবোধ?","94","Good","CLEAN","0","0"
"2173","source-file","10_নৈতিকতা, মূল্যবোধ ও সু-শাসন","প্রশাসনে 'মেধাতন্ত্র' (Meritocracy) প্রতিষ্ঠা করা সুশাসনের কোন উপাদানের সাথে সম্","94","Good","CLEAN","0","0"
"2174","source-file","10_নৈতিকতা, মূল্যবোধ ও সু-শাসন","'ব্যক্তিগত সততা' (Personal Integrity) ছাড়া সুশাসনের 'স্বচ্ছতা' উপাদানটি কেন অকা","94","Good","CLEAN","0","0"
"2175","source-file","10_নৈতিকতা, মূল্যবোধ ও সু-শাসন","রাষ্ট্রীয়ভাবে 'দুর্নীতি দমন কমিশন' (ACC) গঠন করা সুশাসনের কোন উপাদানের অংশ এবং ","94","Good","CLEAN","0","0"
"2176","source-file","10_নৈতিকতা, মূল্যবোধ ও সু-শাসন","নির্বাচনে 'কালো টাকার প্রভাব' সুশাসন ও মূল্যবোধের ওপর কী প্রভাব ফেলে?","94","Good","CLEAN","0","0"
"2177","source-file","10_নৈতিকতা, মূল্যবোধ ও সু-শাসন","সুশাসনে 'পরিবেশ সংরক্ষণ' (Environmental Protection) একটি গুরুত্বপূর্ণ দিক। এটি ন","94","Good","CLEAN","0","0"
"2178","source-file","10_নৈতিকতা, মূল্যবোধ ও সু-শাসন","মূল্যবোধ চর্চার অভাবে সৃষ্ট 'কিশোর অপরাধ' সুশাসনের কোন দিকটিকে সবচেয়ে বেশি ব্যা","94","Good","CLEAN","0","0"
"2179","source-file","10_নৈতিকতা, মূল্যবোধ ও সু-শাসন","সুশাসনে 'আইনের শাসন' এবং 'নৈতিকতা'র মধ্যে একটি মৌলিক পার্থক্য থাকা সত্ত্বেও তারা","94","Good","CLEAN","0","0"
"2180","source-file","10_নৈতিকতা, মূল্যবোধ ও সু-শাসন","নাগরিকের 'ট্যাক্স বা কর ফাঁকি দেওয়ার প্রবণতা' সুশাসনে কী ধরনের প্রভাব ফেলে?","94","Good","CLEAN","0","0"
"2181","source-file","10_নৈতিকতা, মূল্যবোধ ও সু-শাসন","'উদারতা' (Open-mindedness) নামক মূল্যবোধ সুশাসনের কোন উপাদানটি বিকাশে সাহায্য কর","94","Good","CLEAN","0","0"
"2182","source-file","10_নৈতিকতা, মূল্যবোধ ও সু-শাসন","সুশাসন ও মূল্যবোধের প্রেক্ষাপটে 'ন্যায়বিচার' (Justice) বলতে কী বোঝায়?","94","Good","CLEAN","0","0"
"2183","source-file","10_নৈতিকতা, মূল্যবোধ ও সু-শাসন","প্রশাসকদের মধ্যে 'জবাবদিহিতার অভাব' সমাজে কোন নেতিবাচক মূল্যবোধের জন্ম দেয়?","94","Good","CLEAN","0","0"
"2184","source-file","10_নৈতিকতা, মূল্যবোধ ও সু-শাসন","'জাতীয় স্বার্থকে ব্যক্তিগত স্বার্থের ঊর্ধ্বে স্থান দেওয়া'— এটি সুশাসন প্রতিষ্ঠ","94","Good","AUTO","0","1"
"2185","source-file","10_নৈতিকতা, মূল্যবোধ ও সু-শাসন","সুশাসনে 'আইনের শাসন' নিশ্চিত করতে আইন প্রয়োগকারী সংস্থার (যেমন- পুলিশ) সদস্যদের","94","Good","CLEAN","0","0"
"2186","source-file","10_নৈতিকতা, মূল্যবোধ ও সু-শাসন","সমাজে 'নারীর প্রতি সম্মান ও মর্যাদা' প্রদান করা সুশাসনের কোন উপাদানকে শক্তিশালী ","94","Good","CLEAN","0","0"
"2187","source-file","10_নৈতিকতা, মূল্যবোধ ও সু-শাসন","মূল্যবোধ ও সুশাসন পরস্পরের পরিপূরক— এই ধারণার সবচেয়ে বড় প্রমাণ কোনটি?","94","Good","AUTO","0","1"
"2188","source-file","10_নৈতিকতা, মূল্যবোধ ও সু-শাসন","'নাগরিক সচেতনতা' সুশাসনে জবাবদিহিতা নিশ্চিত করে। এই সচেতনতা মূলত কিসের ফসল?","94","Good","CLEAN","0","0"
"2189","source-file","10_নৈতিকতা, মূল্যবোধ ও সু-শাসন","সরকারি চাকরিতে 'মেধা ও যোগ্যতার' পরিবর্তে 'ঘুষ' এর মাধ্যমে নিয়োগ হলে সুশাসনের ও","94","Good","CLEAN","0","0"
"2190","source-file","10_নৈতিকতা, মূল্যবোধ ও সু-শাসন","সুশাসনে 'স্থানীয় সরকার' (Local Government) শক্তিশালী করা কোন মূল্যবোধকে ধারণ কর","94","Good","CLEAN","0","0"
"2191","source-file","10_নৈতিকতা, মূল্যবোধ ও সু-শাসন","সমাজে 'বৃদ্ধ ও অসহায়দের প্রতি দায়িত্ববোধ' সুশাসনের কোন লক্ষ্যের সাথে সামঞ্জস্য","94","Good","CLEAN","0","0"
"2192","source-file","10_নৈতিকতা, মূল্যবোধ ও সু-শাসন","সুশাসনে 'তথ্য উন্মুক্তকরণ' (Open Data) নীতি প্রশাসনের কোন নৈতিকতাকে তুলে ধরে?","94","Good","CLEAN","0","0"
"2193","source-file","10_নৈতিকতা, মূল্যবোধ ও সু-শাসন","রাজনৈতিক দলগুলোর মধ্যে 'নির্বাচনি আচরণবিধি' মেনে চলার প্রবণতা সুশাসনের কোন দিকটি","94","Good","CLEAN","0","0"
"2194","source-file","10_নৈতিকতা, মূল্যবোধ ও সু-শাসন","'সহমর্মিতা' (Empathy) ও 'সহানুভূতি' (Sympathy)-এর মধ্যে কোনটি সুশাসনে বেশি কার্য","94","Good","CLEAN","0","0"
"2195","source-file","10_নৈতিকতা, মূল্যবোধ ও সু-শাসন","সুশাসন প্রতিষ্ঠায় 'রাষ্ট্রীয় ক্ষমতার অপব্যবহার' রোধে কোন নৈতিক গুণটি সবচেয়ে ব","94","Good","CLEAN","0","0"
"2196","source-file","10_নৈতিকতা, মূল্যবোধ ও সু-শাসন","'পাবলিক সার্ভিস' বা সরকারি সেবাকে 'চাকরি' না ভেবে 'সেবা' হিসেবে গ্রহণ করা কোন ধর","94","Good","CLEAN","0","0"
"2197","source-file","10_নৈতিকতা, মূল্যবোধ ও সু-শাসন","মূল্যবোধ ও সুশাসনের অভাব একটি দেশের আন্তর্জাতিক ভাবমূর্তিতে কী প্রভাব ফেলে?","94","Good","CLEAN","0","0"
"2198","source-file","10_নৈতিকতা, মূল্যবোধ ও সু-শাসন","'ভোক্তা অধিকার সংরক্ষণ' আইন বাস্তবায়ন সুশাসন ও মূল্যবোধের কোন দিকটিকে তুলে ধরে?","94","Good","CLEAN","0","0"
"2199","source-file","10_নৈতিকতা, মূল্যবোধ ও সু-শাসন","সমাজে পরশ্রীকাতরতা ও হিংসার মতো নেতিবাচক মূল্যবোধ বৃদ্ধি পেলে সুশাসনের কোন উপাদা","94","Good","CLEAN","0","0"
"2200","source-file","10_নৈতিকতা, মূল্যবোধ ও সু-শাসন","""Justice delayed is justice denied"" (বিচারিক দীর্ঘসূত্রতা ন্যায়বিচারকে অস্বীকার","94","Good","AUTO","0","1"
"2201","source-file","10_নৈতিকতা, মূল্যবোধ ও সু-শাসন","সুশাসনে 'স্বচ্ছতা' (Transparency) বলতে কেবল তথ্য প্রকাশ নয়, বরং আর কী বোঝায়?","94","Good","CLEAN","0","0"
"2202","source-file","10_নৈতিকতা, মূল্যবোধ ও সু-শাসন","নাগরিকের 'কর্তব্যনিষ্ঠা' (Devotion to duty) সুশাসনের চাকাকে কীভাবে সচল রাখে?","94","Good","CLEAN","0","0"
"2203","source-file","10_নৈতিকতা, মূল্যবোধ ও সু-শাসন","সুশাসনে 'সংখ্যালঘুদের নিরাপত্তা' নিশ্চিত করা কোন ধরনের মূল্যবোধের চূড়ান্ত পরীক্","94","Good","CLEAN","0","0"
"2204","source-file","10_নৈতিকতা, মূল্যবোধ ও সু-শাসন","""Power corrupts and absolute power corrupts absolutely"" – এই নৈতিক স্খলন রোধে সু","94","Good","AUTO","0","1"
"2205","source-file","10_নৈতিকতা, মূল্যবোধ ও সু-শাসন","মূল্যবোধের অবক্ষয় রোধে 'সাংস্কৃতিক কর্মকাণ্ড' কীভাবে সুশাসনে সাহায্য করে?","94","Good","CLEAN","0","0"
"2206","source-file","10_নৈতিকতা, মূল্যবোধ ও সু-শাসন","সুশাসনে 'বৈধতা' (Legitimacy) উপাদানের সাথে কোন রাজনৈতিক মূল্যবোধ জড়িত?","94","Good","CLEAN","0","0"
"2207","source-file","10_নৈতিকতা, মূল্যবোধ ও সু-শাসন","'অ্যাডভোকেসি' বা জনসচেতনতা মূলক প্রচারণার মাধ্যমে সুশীল সমাজ মূলত কী করতে চায়?","94","Good","CLEAN","0","0"
"2208","source-file","10_নৈতিকতা, মূল্যবোধ ও সু-শাসন","পরিশেষে, একটি রাষ্ট্রে টেকসই সুশাসন (Sustainable Good Governance) প্রতিষ্ঠার জন্","94","Good","CLEAN","0","0"
"2209","source-file","বিষয়সূচি","চর্যাপদের আবিষ্কৃত পদগুলোর মধ্যে সর্বাধিক পদের রচয়িতা কাহ্নপা কতগুলো পদ রচনা কর","99","Excellent","CLEAN","0","0"
"2210","source-file","বিষয়সূচি","মধ্যযুগের বাংলা সাহিত্যের প্রথম নিদর্শন 'শ্রীকৃষ্ণকীর্তন' কাব্যের পাণ্ডুলিপি কে ","99","Excellent","CLEAN","0","0"
"2211","source-file","বিষয়সূচি","'চণ্ডীমঙ্গল' কাব্যের শ্রেষ্ঠ কবি হিসেবে কাকে স্বীকৃতি দেওয়া হয়?","99","Excellent","CLEAN","0","0"
"2212","source-file","বিষয়সূচি","বাংলা সাহিত্যের প্রথম সার্থক ঐতিহাসিক উপন্যাস কোনটি?","99","Excellent","CLEAN","0","0"
"2213","source-file","বিষয়সূচি","রবীন্দ্রনাথ ঠাকুরের প্রথম প্রকাশিত কাব্যগ্রন্থ কোনটি?","99","Excellent","CLEAN","0","0"
"2214","source-file","বিষয়সূচি","কাজী নজরুল ইসলামের বিখ্যাত 'বিদ্রোহী' কবিতাটি তাঁর কোন কাব্যগ্রন্থের অন্তর্গত?","99","Excellent","CLEAN","0","0"
"2215","source-file","বিষয়সূচি","মুনীর চৌধুরীর সাড়া জাগানো 'কবর' নাটকটির মূল পটভূমি কী?","99","Excellent","CLEAN","0","0"
"2216","source-file","বিষয়সূচি","মুক্তিযুদ্ধভিত্তিক বিখ্যাত কাব্যনাটক 'পায়ের আওয়াজ পাওয়া যায়'-এর রচয়িতা কে?","99","Excellent","CLEAN","0","0"
"2217","source-file","বিষয়সূচি","'সংশপ্তক' উপন্যাসের রচয়িতা কে?","99","Excellent","CLEAN","0","0"
"2218","source-file","বিষয়সূচি","১৯২০-এর দশকে ঢাকা থেকে প্রকাশিত 'শিখা' পত্রিকার সাথে কোন সাহিত্য গোষ্ঠী যুক্ত ছি","99","Excellent","CLEAN","0","0"
"2219","source-file","বিষয়সূচি","বাংলা ভাষায় মৌলিক স্বরধ্বনির সংখ্যা কয়টি?","99","Excellent","CLEAN","0","0"
"2220","source-file","বিষয়সূচি","'দিগন্ত' শব্দের সঠিক সন্ধি বিচ্ছেদ কোনটি?","99","Excellent","CLEAN","0","0"
"2221","source-file","বিষয়সূচি","'বিষাদ-সিন্ধু' পদটি কোন সমাসের উদাহরণ?","99","Excellent","CLEAN","0","0"
"2222","source-file","বিষয়সূচি","'দর্শনীয়' শব্দটির সঠিক প্রকৃতি ও প্রত্যয় কোনটি?","99","Excellent","CLEAN","0","0"
"2223","source-file","বিষয়সূচি","নিচের কোন বানানটি সম্পূর্ণ শুদ্ধ?","99","Excellent","CLEAN","0","0"
"2224","source-file","বিষয়সূচি","নিচের কোন বাক্যটি প্রয়োগগত দিক থেকে শুদ্ধ?","99","Excellent","CLEAN","0","0"
"2225","source-file","বিষয়সূচি","'উদ্ধত' শব্দের সঠিক বিপরীত শব্দ কোনটি?","99","Excellent","CLEAN","0","0"
"2226","source-file","বিষয়সূচি","'অগ্নি' শব্দের সমার্থক শব্দ নয় কোনটি?","99","Excellent","AUTO","0","1"
"2227","source-file","বিষয়সূচি","'যা কষ্টে জয় করা যায়' - এক কথায় প্রকাশ কোনটি?","99","Excellent","CLEAN","0","0"
"2228","source-file","বিষয়সূচি","'ইঁদুর কপালে' বাগধারাটির সঠিক অর্থ কোনটি?","99","Excellent","CLEAN","0","0"
"2229","source-file","বিষয়সূচি","Who is considered the greatest playwright of the Elizabethan Age?","99","Excellent","CLEAN","0","0"
"2230","source-file","বিষয়সূচি","The highly influential modernist poem ""The Waste Land"" was written by:","99","Excellent","CLEAN","0","0"
"2231","source-file","বিষয়সূচি","The Romantic Age in English literature generally began in the year:","99","Excellent","CLEAN","0","0"
"2232","source-file","বিষয়সূচি","""To be, or not to be: that is the question"" is a famous quote from which of Shak","99","Excellent","CLEAN","0","0"
"2233","source-file","বিষয়সূচি","Who is widely considered the father of the English novel?","99","Excellent","CLEAN","0","0"
"2234","source-file","বিষয়সূচি","'Pride and Prejudice' is a famous novel written by:","99","Excellent","CLEAN","0","0"
"2235","source-file","বিষয়সূচি","""A thing of beauty is a joy forever"" is the opening line of a poem by:","99","Excellent","CLEAN","0","0"
"2236","source-file","বিষয়সূচি","Which of the following poets belongs to the Victorian Age?","99","Excellent","CLEAN","0","0"
"2237","source-file","বিষয়সূচি","The synonym of the word 'Candid' is:","99","Excellent","CLEAN","0","0"
"2238","source-file","বিষয়সূচি","The antonym of the word 'Diligent' is:","99","Excellent","CLEAN","0","0"
"2239","source-file","বিষয়সূচি","A person who compiles a dictionary is professionally called a:","99","Excellent","CLEAN","0","0"
"2240","source-file","বিষয়সূচি","Identify the correctly spelt word:","99","Excellent","CLEAN","0","0"
"2241","source-file","বিষয়সূচি","Choose the appropriate preposition: You must abide _____ the rules of the instit","99","Excellent","CLEAN","0","0"
"2242","source-file","বিষয়সূচি","""I know where he lives."" The underlined clause in this sentence is a/an:","99","Excellent","CLEAN","0","0"
"2243","source-file","বিষয়সূচি","Identify the correct passive voice of the sentence: ""Who broke the glass?""","99","Excellent","CLEAN","0","0"
"2244","source-file","বিষয়সূচি","Choose the correct indirect speech for: He said, ""Alas! I am undone.""","99","Excellent","CLEAN","0","0"
"2245","source-file","বিষয়সূচি","Fill in the blank with the right form of verb: It is high time you _____ your li","99","Excellent","CLEAN","0","0"
"2246","source-file","বিষয়সূচি","The idiom 'Nip in the bud' means:","99","Excellent","CLEAN","0","0"
"2247","source-file","বিষয়সূচি","Complete the conditional sentence: If I had known you were coming, I _____ you a","99","Excellent","CLEAN","0","0"
"2248","source-file","বিষয়সূচি","The phrase 'A white elephant' refers to:","99","Excellent","CLEAN","0","0"
"2249","source-file","বিষয়সূচি","প্রাচীন বাংলার সর্বপ্রাচীন জনপদ কোনটি?","99","Excellent","CLEAN","0","0"
"2250","source-file","বিষয়সূচি","বাঙালি জাতির মুক্তির সনদ ঐতিহাসিক 'ছয় দফা' দাবি কত সালে উত্থাপিত হয়?","99","Excellent","CLEAN","0","0"
"2251","source-file","বিষয়সূচি","১৯৭১ সালে গঠিত বাংলাদেশের প্রথম অস্থায়ী সরকার (মুজিবনগর সরকার) কবে শপথ গ্রহণ কর","99","Excellent","CLEAN","0","0"
"2252","source-file","বিষয়সূচি","মুক্তিযুদ্ধের সময় ঢাকা শহর কোন সামরিক সেক্টরের অধীনে ছিল?","99","Excellent","CLEAN","0","0"
"2253","source-file","বিষয়সূচি","গণপ্রজাতন্ত্রী বাংলাদেশের সংবিধান গণপরিষদে কবে গৃহীত হয়?","99","Excellent","CLEAN","0","0"
"2254","source-file","বিষয়সূচি","বাংলাদেশের সংবিধানে নাগরিকদের 'মৌলিক অধিকার' এর কথা উল্লেখ আছে কোন ভাগে?","99","Excellent","CLEAN","0","0"
"2255","source-file","বিষয়সূচি","সংবিধানে 'ন্যায়পাল' (Ombudsman) নিয়োগের বিধান সন্নিবেশিত আছে কত নম্বর অনুচ্ছেদ","99","Excellent","CLEAN","0","0"
"2256","source-file","বিষয়সূচি","আয়তনে বাংলাদেশের সবচেয়ে বড় হাওর কোনটি?","99","Excellent","CLEAN","0","0"
"2257","source-file","বিষয়সূচি","বাংলাদেশের প্রথম প্রাকৃতিক গ্যাসক্ষেত্র কোনটি?","99","Excellent","CLEAN","0","0"
"2258","source-file","বিষয়সূচি","বাংলাদেশের প্রথম কয়লাভিত্তিক বিদ্যুৎ কেন্দ্রটি কোথায় অবস্থিত?","99","Excellent","CLEAN","0","0"
"2259","source-file","বিষয়সূচি","বাংলাদেশের কোন জেলায় সর্বাধিক চা বাগান রয়েছে?","99","Excellent","CLEAN","0","0"
"2260","source-file","বিষয়সূচি","বাংলাদেশের রপ্তানি আয়ের প্রধান বা শীর্ষ খাত কোনটি?","99","Excellent","CLEAN","0","0"
"2261","source-file","বিষয়সূচি","বাংলাদেশের দীর্ঘতম সেতু 'পদ্মা বহুমুখী সেতু'র মূল অংশের দৈর্ঘ্য কত?","99","Excellent","CLEAN","0","0"
"2262","source-file","বিষয়সূচি","বাংলাদেশের প্রথম স্যাটেলাইট 'বঙ্গবন্ধু-১' কবে সফলভাবে উৎক্ষেপণ করা হয়?","99","Excellent","CLEAN","0","0"
"2263","source-file","বিষয়সূচি","বাংলাদেশের সর্বোচ্চ রাষ্ট্রীয় বীরত্বসূচক খেতাব কোনটি?","99","Excellent","CLEAN","0","0"
"2264","source-file","বিষয়সূচি","স্বাধীন বাংলাদেশের প্রথম অস্থায়ী রাষ্ট্রপতি কে ছিলেন?","99","Excellent","CLEAN","0","0"
"2265","source-file","বিষয়সূচি","'মারমা' ক্ষুদ্র নৃ-গোষ্ঠীর লোকেরা প্রধানত কোন জেলায় বসবাস করে?","99","Excellent","CLEAN","0","0"
"2266","source-file","বিষয়সূচি","বাংলাদেশের সংবিধানে এ পর্যন্ত (২০২৪ সাল বিবেচনায়) কতটি সংশোধনী আনা হয়েছে?","99","Excellent","CLEAN","0","0"
"2267","source-file","বিষয়সূচি","স্বাধীন বাংলাদেশের প্রথম প্রধান নির্বাচন কমিশনার কে ছিলেন?","99","Excellent","CLEAN","0","0"
"2268","source-file","বিষয়সূচি","বাংলাদেশের জিডিপি (GDP)-তে বর্তমানে কোন খাতের অবদান সবচেয়ে বেশি?","99","Excellent","CLEAN","0","0"
"2269","source-file","বিষয়সূচি","ঐতিহাসিক 'ফরাসি বিপ্লব' (French Revolution) কোন সালে শুরু হয়েছিল?","99","Excellent","CLEAN","0","0"
"2270","source-file","বিষয়সূচি","ব্রিটিশ রাজা জন নাগরিকদের অধিকার সম্বলিত ঐতিহাসিক 'ম্যাগনাকার্টা' চুক্তিতে কবে স","99","Excellent","CLEAN","0","0"
"2271","source-file","বিষয়সূচি","জাতিসংঘের (UN) সদর দপ্তর কোথায় অবস্থিত?","99","Excellent","CLEAN","0","0"
"2272","source-file","বিষয়সূচি","দক্ষিণ এশীয় আঞ্চলিক সহযোগিতা সংস্থা বা 'সার্ক' (SAARC) কত সালে প্রতিষ্ঠিত হয়?","99","Excellent","CLEAN","0","0"
"2273","source-file","বিষয়সূচি","জাতিসংঘের নিরাপত্তা পরিষদে স্থায়ী সদস্য হিসেবে 'ভেটো' (Veto) ক্ষমতা প্রয়োগ করত","99","Excellent","CLEAN","0","0"
"2274","source-file","বিষয়সূচি","বিশ্বব্যাংকের (World Bank) সদর দপ্তর কোথায় অবস্থিত?","99","Excellent","CLEAN","0","0"
"2275","source-file","বিষয়সূচি","সামরিক জোট ন্যাটোর (NATO) বর্তমান সদস্য রাষ্ট্রের সংখ্যা কত? (সুইডেনের যোগদান বি","99","Excellent","CLEAN","0","0"
"2276","source-file","বিষয়সূচি","অর্গানাইজেশন অব ইসলামিক কোঅপারেশন (OIC) এর সদর দপ্তর কোথায় অবস্থিত?","99","Excellent","CLEAN","0","0"
"2277","source-file","বিষয়সূচি","ইউরোপীয় ইউনিয়নের (EU) একক মুদ্রা 'ইউরো' কবে আনুষ্ঠানিকভাবে চালু হয়?","99","Excellent","CLEAN","0","0"
"2278","source-file","বিষয়সূচি","আন্তর্জাতিক রাজনীতিতে 'Cold War' বা স্নায়ুযুদ্ধ শব্দটি সর্বপ্রথম কে ব্যবহার করে","99","Excellent","CLEAN","0","0"
"2279","source-file","বিষয়সূচি","দক্ষিণ আফ্রিকার বর্ণবাদবিরোধী অবিসংবাদিত নেতা নেলসন ম্যান্ডেলা কত বছর কারাবরণ কর","99","Excellent","CLEAN","0","0"
"2280","source-file","বিষয়সূচি","আন্তর্জাতিক মানবাধিকার সংস্থা 'অ্যামনেস্টি ইন্টারন্যাশনাল' (Amnesty Internationa","99","Excellent","CLEAN","0","0"
"2281","source-file","বিষয়সূচি","দ্বিতীয় বিশ্বযুদ্ধ (World War II) আনুষ্ঠানিকভাবে কবে শেষ হয়?","99","Excellent","CLEAN","0","0"
"2282","source-file","বিষয়সূচি","জাতিসংঘের উদ্যোগে প্রথম ঐতিহাসিক 'ধরিত্রী সম্মেলন' (Earth Summit) ১৯৯২ সালে কোথা","99","Excellent","CLEAN","0","0"
"2283","source-file","বিষয়সূচি","আন্তর্জাতিক 'কিয়োটো প্রটোকল' (Kyoto Protocol) প্রধানত কীসের সাথে সম্পর্কিত?","99","Excellent","CLEAN","0","0"
"2284","source-file","বিষয়সূচি","'ডুরান্ড লাইন' (Durand Line) কোন দুটি দেশের মধ্যকার আন্তর্জাতিক সীমানা নির্ধারণ ","99","Excellent","CLEAN","0","0"
"2285","source-file","বিষয়সূচি","জাতিসংঘের প্রধান বিচারিক অঙ্গ 'আন্তর্জাতিক বিচার আদালত' (ICJ)-তে মোট কতজন বিচারক","99","Excellent","CLEAN","0","0"
"2286","source-file","বিষয়সূচি","প্রথম বিশ্বযুদ্ধ কোন সালে আনুষ্ঠানিকভাবে শুরু হয়েছিল?","99","Excellent","CLEAN","0","0"
"2287","source-file","বিষয়সূচি","বিশ্বের শীর্ষ শিল্পোন্নত দেশগুলোর জোট 'G-7' এর একমাত্র এশীয় সদস্য দেশ কোনটি?","99","Excellent","CLEAN","0","0"
"2288","source-file","বিষয়সূচি","আন্তর্জাতিক পুলিশ সংস্থা 'ইন্টারপোল' (INTERPOL) এর সদর দপ্তর কোথায় অবস্থিত?","99","Excellent","CLEAN","0","0"
"2289","source-file","বিষয়সূচি","বায়ুমণ্ডলের কোন স্তরে ক্ষতিকর অতিবেগুনি রশ্মি (UV rays) শোষিত হয়?","99","Excellent","CLEAN","0","0"
"2290","source-file","বিষয়সূচি","পৃথিবীর গভীরতম স্থান 'মারিয়ানা ট্রেঞ্চ' কোন মহাসাগরে অবস্থিত?","99","Excellent","CLEAN","0","0"
"2291","source-file","বিষয়সূচি","বাংলাদেশের কোন অঞ্চলে আকস্মিক বন্যা (Flash flood) বেশি দেখা যায়?","99","Excellent","CLEAN","0","0"
"2292","source-file","বিষয়সূচি","ভূতাত্ত্বিক দিক থেকে বাংলাদেশের 'বরেন্দ্র ভূমি' কোন যুগে গঠিত হয়েছিল?","99","Excellent","CLEAN","0","0"
"2293","source-file","বিষয়সূচি","বাংলাদেশের সাথে ভারতের মোট কয়টি রাজ্যের সীমান্ত রয়েছে?","97","Excellent","CLEAN","0","0"
"2294","source-file","বিষয়সূচি","বৈশ্বিক উষ্ণায়নের (Global Warming) জন্য সবচেয়ে বেশি দায়ী গ্রিনহাউস গ্যাস কোনট","99","Excellent","CLEAN","0","0"
"2295","source-file","বিষয়সূচি","'সুনামি' (Tsunami) সৃষ্টির প্রধান বা মূল কারণ কী?","99","Excellent","CLEAN","0","0"
"2296","source-file","বিষয়সূচি","রিকটার স্কেল (Richter scale) দিয়ে প্রধানত কী পরিমাপ করা হয়?","99","Excellent","CLEAN","0","0"
"2297","source-file","বিষয়সূচি","বাংলাদেশের দীর্ঘতম নদী কোনটি?","95","Excellent","CLEAN","0","0"
"2298","source-file","বিষয়সূচি","রেফ্রিজারেটর, এসি এবং অ্যারোসল থেকে নির্গত কোন গ্যাসটি ওজোন স্তর ক্ষয়ের জন্য প্","99","Excellent","CLEAN","0","0"
"2299","source-file","বিষয়সূচি","দুর্যোগ ঝুঁকি হ্রাস ও মোকাবেলার জন্য বাংলাদেশে 'দুর্যোগ ব্যবস্থাপনা আইন' কত সালে","99","Excellent","CLEAN","0","0"
"2300","source-file","বিষয়সূচি","দক্ষিণ গোলার্ধে বছরের সবচেয়ে বড় দিন কোনটি?","99","Excellent","CLEAN","0","0"
"2301","source-file","বিষয়সূচি","পৃথিবীর নিরক্ষীয় অঞ্চলে সারাবছর ধরে কোন ধরনের বৃষ্টিপাত সবচেয়ে বেশি হয়?","99","Excellent","CLEAN","0","0"
"2302","source-file","বিষয়সূচি","বাংলাদেশের সবচেয়ে দক্ষিণের উপজেলা কোনটি?","99","Excellent","CLEAN","0","0"
"2303","source-file","বিষয়সূচি","সুন্দরবনের প্রধান দুটি বৃক্ষ কী কী?","99","Excellent","CLEAN","0","0"
"2304","source-file","বিষয়সূচি","বায়ুমণ্ডলের কোন স্তরে উল্কাপিণ্ড পুড়ে ছাই হয়ে যায়?","99","Excellent","CLEAN","0","0"
"2305","source-file","বিষয়সূচি","ক্রান্তীয় ঘূর্ণিঝড় সৃষ্টির জন্য সমুদ্রপৃষ্ঠের ন্যূনতম তাপমাত্রা কত হওয়া প্রয়","99","Excellent","CLEAN","0","0"
"2306","source-file","বিষয়সূচি","বাংলাদেশের বৃহত্তম বিল 'চলন বিল' প্রধানত কোন জেলাগুলোর অংশবিশেষ জুড়ে বিস্তৃত?","99","Excellent","CLEAN","0","0"
"2307","source-file","বিষয়সূচি","নিচের কোনটিকে 'পৃথিবীর ছাদ' (Roof of the World) বলা হয়?","99","Excellent","CLEAN","0","0"
"2308","source-file","বিষয়সূচি","দিন ও রাত্রির হ্রাস-বৃদ্ধি এবং ঋতু পরিবর্তন ঘটে পৃথিবীর কোন গতির কারণে?","99","Excellent","CLEAN","0","0"
"2309","source-file","বিষয়সূচি","মানবদেহে ক্রোমোজোমের সংখ্যা কত জোড়া?","99","Excellent","CLEAN","0","0"
"2310","source-file","বিষয়সূচি","রক্ত শূন্যতা (Anemia) মূলত কিসের অভাবে দেখা দেয়?","99","Excellent","CLEAN","0","0"
"2311","source-file","বিষয়সূচি","বৈদ্যুতিক বাল্বের ফিলামেন্ট সাধারণত কোন ধাতু দিয়ে তৈরি হয়?","99","Excellent","CLEAN","0","0"
"2312","source-file","বিষয়সূচি","মানুষের মস্তিষ্কের স্মৃতি ধারণকারী প্রধান অংশের নাম কী?","99","Excellent","CLEAN","0","0"
"2313","source-file","বিষয়সূচি","নিচের কোনটি পানিবাহিত রোগ নয়?","99","Excellent","CLEAN","0","0"
"2314","source-file","বিষয়সূচি","শব্দের বেগ সবচেয়ে বেশি কোন মাধ্যমে?","99","Excellent","CLEAN","0","0"
"2315","source-file","বিষয়সূচি","কোন গ্রুপের রক্তকে 'সর্বজনীন দাতা' (Universal Donor) বলা হয়?","99","Excellent","CLEAN","0","0"
"2316","source-file","বিষয়সূচি","উদ্ভিদ তার খাদ্য তৈরি প্রক্রিয়ায় (সালোকসংশ্লেষণ) বাতাস থেকে কোন গ্যাস গ্রহণ কর","99","Excellent","CLEAN","0","0"
"2317","source-file","বিষয়সূচি","বৈদ্যুতিক প্রবাহ মাপার একক কোনটি?","99","Excellent","CLEAN","0","0"
"2318","source-file","বিষয়সূচি","ভিটামিন 'সি'-এর রাসায়নিক নাম কী?","99","Excellent","CLEAN","0","0"
"2319","source-file","বিষয়সূচি","লোহিত রক্তকণিকার আয়ুষ্কাল সাধারণত কত দিন?","99","Excellent","CLEAN","0","0"
"2320","source-file","বিষয়সূচি","মানুষের স্বাভাবিক রক্তচাপ (Blood Pressure) কত ধরা হয়?","99","Excellent","CLEAN","0","0"
"2321","source-file","বিষয়সূচি","সৌরজগতের সবচেয়ে বড় গ্রহ কোনটি?","99","Excellent","CLEAN","0","0"
"2322","source-file","বিষয়সূচি","নিচের কোনটি ভাইরাসজনিত রোগ নয়?","99","Excellent","CLEAN","0","0"
"2323","source-file","বিষয়সূচি","কোন আলোতে সালোকসংশ্লেষণ সবচেয়ে বেশি হয়?","99","Excellent","CLEAN","0","0"
"2324","source-file","বিষয়সূচি","মানবদেহের সবচেয়ে বড় গ্রন্থি বা অঙ্গ কোনটি?","99","Excellent","CLEAN","0","0"
"2325","source-file","বিষয়সূচি","নিউটন (Newton) কিসের একক?","99","Excellent","CLEAN","0","0"
"2326","source-file","বিষয়সূচি","ভূমিকম্প পরিমাপের যন্ত্রের নাম কী?","99","Excellent","CLEAN","0","0"
"2327","source-file","বিষয়সূচি","কোন ভিটামিনের অভাবে শিশুদের রিকেটস (Rickets) রোগ হয়?","99","Excellent","CLEAN","0","0"
"2328","source-file","বিষয়সূচি","বায়ুমণ্ডলে সবচেয়ে বেশি পরিমাণে থাকে কোন গ্যাস?","99","Excellent","CLEAN","0","0"
"2329","source-file","বিষয়সূচি","কম্পিউটারের 'মস্তিষ্ক' বা ব্রেইন বলা হয় কাকে?","99","Excellent","CLEAN","0","0"
"2330","source-file","বিষয়সূচি","নিচের কোনটি একটি ভোলাটাইল বা পরিবর্তনশীল মেমোরি?","99","Excellent","CLEAN","0","0"
"2331","source-file","বিষয়সূচি","ডেটা সংরক্ষণের ক্ষেত্রে ১ বাইট (Byte) সমান কত বিট (Bit)?","99","Excellent","CLEAN","0","0"
"2332","source-file","বিষয়সূচি","নিচের কোনটি একটি ইনপুট ডিভাইস নয়?","99","Excellent","CLEAN","0","0"
"2333","source-file","বিষয়সূচি","ওয়ার্ল্ড ওয়াইড ওয়েব (WWW) এর জনক কে?","99","Excellent","CLEAN","0","0"
"2334","source-file","বিষয়সূচি","(১০১০)₂ বাইনারি সংখ্যাটির সমতুল্য ডেসিমাল মান কত?","99","Excellent","CLEAN","0","0"
"2335","source-file","বিষয়সূচি","নিচের কোনটি একটি সিস্টেম সফটওয়্যার বা অপারেটিং সিস্টেমের উদাহরণ?","99","Excellent","CLEAN","0","0"
"2336","source-file","বিষয়সূচি","ইন্টারনেটে ওয়েব ঠিকানাকে সংক্ষেপে কী বলা হয়?","99","Excellent","CLEAN","0","0"
"2337","source-file","বিষয়সূচি","'ব্লুটুথ' প্রযুক্তি কোন ধরনের নেটওয়ার্কের একটি উদাহরণ?","99","Excellent","CLEAN","0","0"
"2338","source-file","বিষয়সূচি","ইমেইলের জনক কাকে বলা হয়?","99","Excellent","CLEAN","0","0"
"2339","source-file","বিষয়সূচি","ডেটাবেজ ম্যানেজমেন্ট সিস্টেমে ডেটার ক্ষুদ্রতম অর্থপূর্ণ একক কোনটি?","99","Excellent","CLEAN","0","0"
"2340","source-file","বিষয়সূচি","ওয়্যারলেস নেটওয়ার্কিং প্রযুক্তি Wi-Fi এর পূর্ণরূপ কী?","99","Excellent","CLEAN","0","0"
"2341","source-file","বিষয়সূচি","কম্পিউটার নেটওয়ার্কে অননুমোদিত প্রবেশ রোধ করার জন্য ব্যবহৃত সিকিউরিটি সিস্টেমকে","99","Excellent","CLEAN","0","0"
"2342","source-file","বিষয়সূচি","সাইবার নিরাপত্তার ক্ষেত্রে 'Phishing' বলতে কী বোঝায়?","99","Excellent","CLEAN","0","0"
"2343","source-file","বিষয়সূচি","বিশ্বের প্রথম ইলেকট্রনিক ডিজিটাল কম্পিউটারের নাম কী?","99","Excellent","CLEAN","0","0"
"2344","source-file","বিষয়সূচি","'HTTP' এর পূর্ণরূপ কী?","99","Excellent","CLEAN","0","0"
"2345","source-file","বিষয়সূচি","ডেটা কমিউনিকেশনে সবচেয়ে দ্রুতগতিতে ডেটা ট্রান্সফার হয় কোন ক্যাবলে?","99","Excellent","CLEAN","0","0"
"2346","source-file","বিষয়সূচি","'অক্টাল' সংখ্যা পদ্ধতির ভিত্তি (Base) কত?","99","Excellent","CLEAN","0","0"
"2347","source-file","বিষয়সূচি","ক্লাউড কম্পিউটিংয়ের একটি জনপ্রিয় স্টোরেজ সার্ভিসের উদাহরণ কোনটি?","99","Excellent","CLEAN","0","0"
"2348","source-file","বিষয়সূচি","ডোমেইন নেমকে আইপি (IP) অ্যাড্রেসে রূপান্তর করার কাজ করে কোন সিস্টেম?","99","Excellent","CLEAN","0","0"
"2349","source-file","বিষয়সূচি","a + b = 5 এবং a - b = 3 হলে, ab এর মান কত?","99","Excellent","CLEAN","0","0"
"2350","source-file","বিষয়সূচি","টাকায় ৩টি করে লেবু কিনে টাকায় ২টি করে বিক্রি করলে শতকরা কত লাভ হবে?","99","Excellent","CLEAN","0","0"
"2351","source-file","বিষয়সূচি","x + 1/x = 2 হলে x³ + 1/x³ এর মান কত?","99","Excellent","CLEAN","0","0"
"2352","source-file","বিষয়সূচি","পিতা ও পুত্রের বর্তমান বয়সের অনুপাত ৫:২। পিতার বর্তমান বয়স ৪০ বছর হলে পুত্রের ","99","Excellent","CLEAN","0","0"
"2353","source-file","বিষয়সূচি","দুটি সংখ্যার গ.সা.গু. ৫ এবং ল.সা.গু. ৬০। একটি সংখ্যা ১৫ হলে অপর সংখ্যাটি কত?","99","Excellent","CLEAN","0","0"
"2354","source-file","বিষয়সূচি","বার্ষিক ৫% সরল সুদে ৫০০ টাকার ৩ বছরের সুদ কত টাকা হবে?","99","Excellent","CLEAN","0","0"
"2355","source-file","বিষয়সূচি","১, ৩, ৫, ৭, ... সমান্তর ধারাটির ১০ম পদ কত?","97","Excellent","CLEAN","0","0"
"2356","source-file","বিষয়সূচি","একটি সমকোণী ত্রিভুজের ভূমি ৬ সেমি এবং লম্ব ৮ সেমি হলে এর অতিভুজের দৈর্ঘ্য কত?","99","Excellent","CLEAN","0","0"
"2357","source-file","বিষয়সূচি","একটি বৃত্তের ব্যাসার্ধ দ্বিগুণ করা হলে তার ক্ষেত্রফল কতগুণ বৃদ্ধি পাবে?","99","Excellent","CLEAN","0","0"
"2358","source-file","বিষয়সূচি","5P3 (পারমুটেশন) এর মান কত?","99","Excellent","CLEAN","0","0"
"2359","source-file","বিষয়সূচি","x² - 7x + 12 এর উৎপাদকে বিশ্লেষিত রূপ কোনটি?","99","Excellent","CLEAN","0","0"
"2360","source-file","বিষয়সূচি","২, ৪, ৮, ১৬, ... গুণোত্তর ধারাটির ৭ম পদ কত?","97","Excellent","CLEAN","0","0"
"2361","source-file","বিষয়সূচি","একটি নিরপেক্ষ মুদ্রা দুইবার নিক্ষেপ করলে কমপক্ষে একটি 'Head' আসার সম্ভাবনা কত?","99","Excellent","CLEAN","0","0"
"2362","source-file","বিষয়সূচি","3^(x+2) = 81 হলে x এর মান কত?","99","Excellent","CLEAN","0","0"
"2363","source-file","বিষয়সূচি","log₁₀ 0.001 এর মান কত?","99","Excellent","CLEAN","0","0"
"2364","source-file","বিষয়সূচি","'ক' একটি কাজ ১০ দিনে এবং 'খ' একই কাজ ১৫ দিনে করতে পারে। একত্রে তারা কাজটি কত দিন","99","Excellent","CLEAN","0","0"
"2365","source-file","বিষয়সূচি","A = {1, 2, 3, 4} সেটের মোট উপসেট সংখ্যা কত?","99","Excellent","CLEAN","0","0"
"2366","source-file","বিষয়সূচি","একটি রম্বসের কর্ণদ্বয়ের দৈর্ঘ্য যথাক্রমে ৪ সেমি এবং ৬ সেমি হলে এর ক্ষেত্রফল কত?","99","Excellent","CLEAN","0","0"
"2367","source-file","বিষয়সূচি","নিচের কোনটি অমূলদ সংখ্যা?","99","Excellent","CLEAN","0","0"
"2368","source-file","বিষয়সূচি","৫০০ টাকা মূল্যের একটি বই ২০% কমিশনে বিক্রি করা হলে বইটির বিক্রয়মূল্য কত হবে?","99","Excellent","CLEAN","0","0"
"2369","source-file","বিষয়সূচি","৩, ৬, ১২, ২৪, ... ধারাটির পরবর্তী সংখ্যা কত?","97","Excellent","CLEAN","0","0"
"2370","source-file","বিষয়সূচি","A, D, G, J, ... অক্ষর ধারার পরবর্তী অক্ষর কোনটি?","97","Excellent","CLEAN","0","0"
"2371","source-file","বিষয়সূচি","একটি ছবির দিকে নির্দেশ করে এক ব্যক্তি বলল, ""তার কোনো ভাই বা বোন নেই, কিন্তু তার ","99","Excellent","CLEAN","0","0"
"2372","source-file","বিষয়সূচি","সূর্যোদয়ের সময় একজন লোক পূর্ব দিকে মুখ করে হাঁটতে শুরু করল। কিছুক্ষণ পর সে ডান","99","Excellent","CLEAN","0","0"
"2373","source-file","বিষয়সূচি","সাংকেতিক ভাষায় CAT কে 3120 লেখা হলে, DOG কে কী লেখা হবে?","99","Excellent","CLEAN","0","0"
"2374","source-file","বিষয়সূচি","নিচের কোনটি অন্যগুলো থেকে বেমানান?","99","Excellent","CLEAN","0","0"
"2375","source-file","বিষয়সূচি","Tree : Forest :: Soldier : ?","99","Excellent","CLEAN","0","0"
"2376","source-file","বিষয়সূচি","ঘড়িতে ঠিক ৩টা ৩০ মিনিট বাজলে ঘণ্টা ও মিনিটের কাঁটার মধ্যবর্তী কোণ কত ডিগ্রি হবে","99","Excellent","CLEAN","0","0"
"2377","source-file","বিষয়সূচি","২০০৪ সালের ১ ফেব্রুয়ারি রবিবার হলে, ওই বছরের ১ মার্চ কী বার ছিল?","99","Excellent","CLEAN","0","0"
"2378","source-file","বিষয়সূচি","'COMPUTATION' শব্দটির বর্ণগুলো ব্যবহার করে নিচের কোন শব্দটি গঠন করা সম্ভব নয়?","99","Excellent","CLEAN","0","0"
"2379","source-file","বিষয়সূচি","""সকল পাখি উড়তে পারে। উটপাখি একটি পাখি। অতএব উটপাখি উড়তে পারে।"" - যৌক্তিক দৃষ্ট","99","Excellent","CLEAN","0","0"
"2380","source-file","বিষয়সূচি","আয়নায় ঘড়িতে ৯টা বাজতে দেখলে প্রকৃত সময় কত হবে?","99","Excellent","CLEAN","0","0"
"2381","source-file","বিষয়সূচি","নিচের কোন বানানটি শুদ্ধ?","99","Excellent","CLEAN","0","0"
"2382","source-file","বিষয়সূচি","গাণিতিক যুক্তিতে যদি ৫+৩ = ২৮ এবং ৯+১ = ৮১০ হয়, তবে ৭+৩ = কত?","99","Excellent","CLEAN","0","0"
"2383","source-file","বিষয়সূচি","নিচের শব্দগুলোকে একটি অর্থপূর্ণ ক্রমানুসারে সাজালে কোনটি সঠিক হবে? (১) ফল, (২) ব","99","Excellent","CLEAN","0","0"
"2384","source-file","বিষয়সূচি","'ক' হলো 'খ'-এর ভাই। 'গ' হলো 'ক'-এর বাবা। 'ঘ' হলো 'গ'-এর ভাই। তাহলে 'ঘ', 'খ'-এর ক","99","Excellent","CLEAN","0","0"
"2385","source-file","বিষয়সূচি","১, ৪, ৯, ১৬, ২৫, ... ধারাটির পরবর্তী সংখ্যা কত?","97","Excellent","CLEAN","0","0"
"2386","source-file","বিষয়সূচি","ঘড়িতে যখন দুপুর ১২টা বাজে, তখন ঘণ্টা ও মিনিটের কাঁটার মধ্যবর্তী কোণ কত ডিগ্রি?","99","Excellent","CLEAN","0","0"
"2387","source-file","বিষয়সূচি","একটি বাঁদরের ১৫ মিটার লম্বা পিচ্ছিল বাঁশে উঠতে ১ মিনিট লাগে ৩ মিটার এবং পরের ১ ম","99","Excellent","CLEAN","0","0"
"2388","source-file","বিষয়সূচি","Eye : See :: Ear : ?","99","Excellent","CLEAN","0","0"
"2389","source-file","বিষয়সূচি","মূল্যবোধ (Values) বলতে প্রধানত কী বোঝায়?","99","Excellent","CLEAN","0","0"
"2390","source-file","বিষয়সূচি","সুশাসন (Good Governance) এর অন্যতম প্রধান বৈশিষ্ট্য বা ভিত্তি কোনটি?","99","Excellent","CLEAN","0","0"
"2391","source-file","বিষয়সূচি","'Rule of Law' বা আইনের শাসন বলতে কী বোঝায়?","99","Excellent","CLEAN","0","0"
"2392","source-file","বিষয়সূচি","নিচের কোনটি একজন সুনাগরিকের (Good Citizen) নৈতিক দায়িত্ব?","99","Excellent","CLEAN","0","0"
"2393","source-file","বিষয়সূচি","পেশাগত নৈতিকতা (Professional Ethics) কেন গুরুত্বপূর্ণ?","99","Excellent","CLEAN","0","0"
"2394","source-file","বিষয়সূচি","'তথ্য অধিকার আইন' (Right to Information Act) সুশাসনের কোন উপাদানটিকে শক্তিশালী ক","99","Excellent","CLEAN","0","0"
"2395","source-file","বিষয়সূচি","নিচের কোনটি নৈতিক অবক্ষয়ের (Moral Degradation) উদাহরণ?","99","Excellent","CLEAN","0","0"
"2396","source-file","বিষয়সূচি","সুশাসনের ধারণাটি সর্বপ্রথম কোন আন্তর্জাতিক সংস্থা ব্যাপকভাবে জনপ্রিয় করে?","99","Excellent","CLEAN","0","0"
"2397","source-file","বিষয়সূচি","'ই-গভর্নেন্স' (E-governance) চালু করার মূল উদ্দেশ্য কী?","99","Excellent","CLEAN","0","0"
"2398","source-file","বিষয়সূচি","একজন সরকারি কর্মচারীর প্রধান নৈতিক দায়িত্ব কোনটি?","99","Excellent","CLEAN","0","0"
"2399","source-file","বিষয়সূচি","প্লেটোর মতে, একটি আদর্শ রাষ্ট্রের ভিত্তি কী হওয়া উচিত?","99","Excellent","CLEAN","0","0"
"2400","source-file","বিষয়সূচি","কোন দার্শনিক বলেছেন, ""Knowledge is virtue"" (জ্ঞানই পুণ্য)?","99","Excellent","CLEAN","0","0"
"2401","source-file","বিষয়সূচি","'স্বার্থান্বেষী গোষ্ঠী' বা Pressure group এর প্রধান কাজ কী?","99","Excellent","CLEAN","0","0"
"2402","source-file","বিষয়সূচি","নাগরিকের মতপ্রকাশের স্বাধীনতা কোন ধরনের অধিকার?","99","Excellent","CLEAN","0","0"
"2403","source-file","বিষয়সূচি","'Tolerance' বা পরমতসহিষ্ণুতা গণতান্ত্রিক ব্যবস্থায় কেন অপরিহার্য?","99","Excellent","CLEAN","0","0"
"2404","source-file","বিষয়সূচি","'সিভিক সেন্স' (Civic Sense) বলতে কী বোঝায়?","99","Excellent","CLEAN","0","0"
"2405","source-file","বিষয়সূচি","সুশাসনের জন্য কোনটি সবচেয়ে বেশি ক্ষতিকর?","99","Excellent","CLEAN","0","0"
"2406","source-file","বিষয়সূচি","নিচের কোনটি মানবাধিকারের (Human Rights) একটি সর্বজনীন বৈশিষ্ট্য?","99","Excellent","CLEAN","0","0"
"2407","source-file","বিষয়সূচি","'Whistleblower' বলতে সাধারণত কাকে বোঝানো হয়?","99","Excellent","CLEAN","0","0"
"2408","source-file","বিষয়সূচি","জন অংশগ্রহণ (Public Participation) সুশাসনের একটি পূর্বশর্ত, কারণ এটি—","99","Excellent","AUTO","0","1"
"2409","source-file","কম্পিউটার ও তথ্য প্রযুক্তি","কম্পিউটারের জনক (Father of Computer) হিসেবে কাকে স্বীকৃতি দেওয়া হয়?","99","Excellent","CLEAN","0","0"
"2410","source-file","কম্পিউটার ও তথ্য প্রযুক্তি","'সংরক্ষিত প্রোগ্রাম' বা Stored Program ধারণার প্রবর্তক কে?","99","Excellent","CLEAN","0","0"
"2411","source-file","কম্পিউটার ও তথ্য প্রযুক্তি","বিশ্বের প্রথম পূর্ণাঙ্গ ইলেকট্রনিক কম্পিউটার কোনটি?","99","Excellent","CLEAN","0","0"
"2412","source-file","কম্পিউটার ও তথ্য প্রযুক্তি","কম্পিউটারের প্রথম প্রজন্মের (First Generation) প্রধান উপাদান হিসেবে কোনটি ব্যবহৃ","99","Excellent","CLEAN","0","0"
"2413","source-file","কম্পিউটার ও তথ্য প্রযুক্তি","সেন্ট্রাল প্রসেসিং ইউনিট (CPU)-এর কোন অংশ গাণিতিক ও যৌক্তিক কাজ সম্পন্ন করে?","99","Excellent","CLEAN","0","0"
"2414","source-file","কম্পিউটার ও তথ্য প্রযুক্তি","প্রসেসর ও প্রধান মেমোরির (RAM) মধ্যে ডেটা আদান-প্রদানের গতি সমন্বয় করার জন্য কো","99","Excellent","CLEAN","0","0"
"2415","source-file","কম্পিউটার ও তথ্য প্রযুক্তি","নিচের কোনটি উদ্বায়ী (Volatile) মেমোরি?","99","Excellent","CLEAN","0","0"
"2416","source-file","কম্পিউটার ও তথ্য প্রযুক্তি","কম্পিউটারের বুটিং (Booting) এর জন্য প্রয়োজনীয় নির্দেশনাবলি কোথায় সংরক্ষিত থাক","99","Excellent","CLEAN","0","0"
"2417","source-file","কম্পিউটার ও তথ্য প্রযুক্তি","এক বাইট (Byte) সমান কত বিট (Bit)?","99","Excellent","CLEAN","0","0"
"2418","source-file","কম্পিউটার ও তথ্য প্রযুক্তি","হার্ড ডিস্ক ড্রাইভের (HDD) বিকল্প হিসেবে ব্যবহৃত আধুনিক ও দ্রুতগতির স্টোরেজ কোনট","99","Excellent","CLEAN","0","0"
"2419","source-file","কম্পিউটার ও তথ্য প্রযুক্তি","'MICR' প্রযুক্তি প্রধানত কোথায় ব্যবহৃত হয়?","99","Excellent","CLEAN","0","0"
"2420","source-file","কম্পিউটার ও তথ্য প্রযুক্তি","'OMR' এর পূর্ণরূপ কী?","99","Excellent","CLEAN","0","0"
"2421","source-file","কম্পিউটার ও তথ্য প্রযুক্তি","বারকোড রিডার (Barcode Reader) কোন ধরনের ডিভাইস?","99","Excellent","CLEAN","0","0"
"2422","source-file","কম্পিউটার ও তথ্য প্রযুক্তি","নিচের কোনটি একই সাথে ইনপুট ও আউটপুট ডিভাইস হিসেবে কাজ করে?","99","Excellent","CLEAN","0","0"
"2423","source-file","কম্পিউটার ও তথ্য প্রযুক্তি","মাদারবোর্ডের সাথে কম্পিউটারের অন্যান্য যন্ত্রাংশ সংযুক্ত করার জন্য কোন বাস (Bus)","99","Excellent","CLEAN","0","0"
"2424","source-file","কম্পিউটার ও তথ্য প্রযুক্তি","কম্পিউটারের ঘড়ির স্পিড বা ক্লক স্পিড (Clock Speed) পরিমাপ করা হয় কোন এককে?","99","Excellent","CLEAN","0","0"
"2425","source-file","কম্পিউটার ও তথ্য প্রযুক্তি","'Firmware' সাধারণত কোথায় সংরক্ষিত থাকে?","99","Excellent","CLEAN","0","0"
"2426","source-file","কম্পিউটার ও তথ্য প্রযুক্তি","স্ট্যান্ডার্ড 'QWERTY' কীবোর্ডে সাধারণত কতগুলো ফাংশন কী (Function keys) থাকে?","99","Excellent","CLEAN","0","0"
"2427","source-file","কম্পিউটার ও তথ্য প্রযুক্তি","প্রিন্টারের প্রিন্ট কোয়ালিটি বা রেজোলিউশন পরিমাপ করা হয় কোন এককে?","99","Excellent","CLEAN","0","0"
"2428","source-file","কম্পিউটার ও তথ্য প্রযুক্তি","নিচের কোনটি কম্পিউটারের মাদারবোর্ডের অপর নাম নয়?","99","Excellent","CLEAN","0","0"
"2429","source-file","কম্পিউটার ও তথ্য প্রযুক্তি","অপারেটিং সিস্টেম (OS) হলো মূলত এক ধরনের—","99","Excellent","AUTO","0","1"
"2430","source-file","কম্পিউটার ও তথ্য প্রযুক্তি","মাল্টিটাস্কিং (Multitasking) ও মাল্টিইউজার (Multiuser) সুবিধা সংবলিত প্রথম শক্তি","99","Excellent","CLEAN","0","0"
"2431","source-file","কম্পিউটার ও তথ্য প্রযুক্তি","নিচের কোনটি ওপেন সোর্স (Open Source) অপারেটিং সিস্টেম?","99","Excellent","CLEAN","0","0"
"2432","source-file","কম্পিউটার ও তথ্য প্রযুক্তি","'অ্যান্ড্রয়েড' (Android) অপারেটিং সিস্টেমটি কোন কোম্পানির তৈরি?","99","Excellent","CLEAN","0","0"
"2433","source-file","কম্পিউটার ও তথ্য প্রযুক্তি","কম্পিউটার বুট হওয়ার সময় অপারেটিং সিস্টেম মেমোরিতে (RAM) লোড হওয়ার প্রক্রিয়াক","99","Excellent","CLEAN","0","0"
"2434","source-file","কম্পিউটার ও তথ্য প্রযুক্তি","'MS-DOS' কোন ধরনের ইউজার ইন্টারফেস ব্যবহার করে?","99","Excellent","CLEAN","0","0"
"2435","source-file","কম্পিউটার ও তথ্য প্রযুক্তি","যে সফটওয়্যার কম্পিউটারকে ভাইরাস, স্পাইওয়্যার এবং ক্ষতিকর প্রোগ্রাম থেকে রক্ষা ","99","Excellent","CLEAN","0","0"
"2436","source-file","কম্পিউটার ও তথ্য প্রযুক্তি","হার্ডডিস্কের ডেটাগুলো সুবিন্যস্ত করে মেমোরির কার্যক্ষমতা বৃদ্ধি করার জন্য কোন ইউ","99","Excellent","CLEAN","0","0"
"2437","source-file","কম্পিউটার ও তথ্য প্রযুক্তি","উইন্ডোজ অপারেটিং সিস্টেমে কোনো ফাইল স্থায়ীভাবে মুছে ফেলার শর্টকাট কী কোনটি?","99","Excellent","CLEAN","0","0"
"2438","source-file","কম্পিউটার ও তথ্য প্রযুক্তি","কম্পিউটারে কাজ করার সময় বিদ্যুৎ চলে গেলে 'আনসেভ' (Unsaved) ডেটা কোথা থেকে মুছে ","99","Excellent","CLEAN","0","0"
"2439","source-file","কম্পিউটার ও তথ্য প্রযুক্তি","মাইক্রোসফট ওয়ার্ডে (MS Word) কোনো টেক্সট 'কপি' (Copy) করার শর্টকাট কমান্ড কোনটি","99","Excellent","CLEAN","0","0"
"2440","source-file","কম্পিউটার ও তথ্য প্রযুক্তি","মাইক্রোসফট এক্সেলে (MS Excel) কোনো ফর্মুলা বা গাণিতিক সূত্র লেখার আগে কোন চিহ্নট","99","Excellent","CLEAN","0","0"
"2441","source-file","কম্পিউটার ও তথ্য প্রযুক্তি","পাওয়ারপয়েন্ট (PowerPoint) প্রেজেন্টেশনে নতুন স্লাইড (New Slide) যুক্ত করার শর্","99","Excellent","CLEAN","0","0"
"2442","source-file","কম্পিউটার ও তথ্য প্রযুক্তি","'PDF' ফাইল ফরম্যাটের পূর্ণরূপ কী?","99","Excellent","CLEAN","0","0"
"2443","source-file","কম্পিউটার ও তথ্য প্রযুক্তি","'জিপ' (ZIP) বা রার (RAR) ফাইল মূলত কী ধরনের ফাইল?","99","Excellent","CLEAN","0","0"
"2444","source-file","কম্পিউটার ও তথ্য প্রযুক্তি","হাই লেভেল ল্যাঙ্গুয়েজে লেখা সম্পূর্ণ প্রোগ্রামকে একবারে মেশিন ল্যাঙ্গুয়েজে (০ ","99","Excellent","CLEAN","0","0"
"2445","source-file","কম্পিউটার ও তথ্য প্রযুক্তি","'জাভা' (Java) কোন ধরনের প্রোগ্রামিং ভাষা?","99","Excellent","CLEAN","0","0"
"2446","source-file","কম্পিউটার ও তথ্য প্রযুক্তি","প্রোগ্রামে 'বাগ' (Bug) বলতে কী বোঝায়?","99","Excellent","CLEAN","0","0"
"2447","source-file","কম্পিউটার ও তথ্য প্রযুক্তি","কোনটি ডেটাবেজ ম্যানেজমেন্ট সিস্টেম (DBMS) সফটওয়্যার নয়?","99","Excellent","CLEAN","0","0"
"2448","source-file","কম্পিউটার ও তথ্য প্রযুক্তি","ডেটাবেজে কোনো টেবিলের প্রতিটি রেকর্ডকে অদ্বিতীয়ভাবে (Uniquely) শনাক্ত করার জন্য","99","Excellent","CLEAN","0","0"
"2449","source-file","কম্পিউটার ও তথ্য প্রযুক্তি","বাইনারি সংখ্যা পদ্ধতিতে (Binary Number System) ভিত্তি বা বেস (Base) কত?","99","Excellent","CLEAN","0","0"
"2450","source-file","কম্পিউটার ও তথ্য প্রযুক্তি","(১০১০)২ বাইনারি সংখ্যাটির দশমিক (Decimal) মান কত?","99","Excellent","CLEAN","0","0"
"2451","source-file","কম্পিউটার ও তথ্য প্রযুক্তি","অক্টাল (Octal) সংখ্যা পদ্ধতিতে কোন অঙ্কটি ব্যবহৃত হয় না?","99","Excellent","CLEAN","0","0"
"2452","source-file","কম্পিউটার ও তথ্য প্রযুক্তি","হেক্সাডেসিমেল (Hexadecimal) সংখ্যা পদ্ধতিতে 'A' বলতে দশমিকের কত মান বোঝায়?","99","Excellent","CLEAN","0","0"
"2453","source-file","কম্পিউটার ও তথ্য প্রযুক্তি","১ + ১ বাইনারি যোগে ফলাফল কত হবে?","99","Excellent","CLEAN","0","0"
"2454","source-file","কম্পিউটার ও তথ্য প্রযুক্তি","BCD কোডের পূর্ণরূপ কী?","99","Excellent","CLEAN","0","0"
"2455","source-file","কম্পিউটার ও তথ্য প্রযুক্তি","ASCII (অ্যাসকি) কোড কত বিটের?","99","Excellent","CLEAN","0","0"
"2456","source-file","কম্পিউটার ও তথ্য প্রযুক্তি","বিশ্বের সকল ভাষার বর্ণ ও চিহ্নকে কম্পিউটারে কোড করার জন্য কোন সার্বজনীন কোড ব্যব","99","Excellent","CLEAN","0","0"
"2457","source-file","কম্পিউটার ও তথ্য প্রযুক্তি","বুলিয়ান অ্যালজেব্রায় (Boolean Algebra) যৌক্তিক গুণের (Logical AND) কাজ সম্পন্ন","99","Excellent","CLEAN","0","0"
"2458","source-file","কম্পিউটার ও তথ্য প্রযুক্তি","কোন লজিক গেটের ইনপুট যা দেওয়া হয়, আউটপুটে তার বিপরীত অবস্থা পাওয়া যায়?","99","Excellent","CLEAN","0","0"
"2459","source-file","কম্পিউটার ও তথ্য প্রযুক্তি","নিচের কোন দুটি গেটকে 'সার্বজনীন গেট' (Universal Gate) বলা হয়?","99","Excellent","CLEAN","0","0"
"2460","source-file","কম্পিউটার ও তথ্য প্রযুক্তি","হাফ অ্যাডার (Half Adder) লজিক সার্কিট মূলত কী কাজ করে?","99","Excellent","CLEAN","0","0"
"2461","source-file","কম্পিউটার ও তথ্য প্রযুক্তি","ফ্লিপ-ফ্লপ (Flip-flop) সার্কিট কম্পিউটারে কী কাজে ব্যবহৃত হয়?","99","Excellent","CLEAN","0","0"
"2462","source-file","কম্পিউটার ও তথ্য প্রযুক্তি","এনকোডার (Encoder) সার্কিটের কাজ কী?","99","Excellent","CLEAN","0","0"
"2463","source-file","কম্পিউটার ও তথ্য প্রযুক্তি","কম্পিউটার নেটওয়ার্কে ডেটা আদান-প্রদানের নিয়মাবলিকে (Set of Rules) একত্রে কী বল","99","Excellent","CLEAN","0","0"
"2464","source-file","কম্পিউটার ও তথ্য প্রযুক্তি","ডেটা কমিউনিকেশনে 'সিমপ্লেক্স' (Simplex) মোডের উদাহরণ কোনটি?","99","Excellent","CLEAN","0","0"
"2465","source-file","কম্পিউটার ও তথ্য প্রযুক্তি","ওয়্যারলেস কমিউনিকেশনে 'Bluetooth' প্রযুক্তি কোন নেটওয়ার্কের আওতাভুক্ত?","99","Excellent","CLEAN","0","0"
"2466","source-file","কম্পিউটার ও তথ্য প্রযুক্তি","'Wi-Fi' প্রযুক্তির আইইইই (IEEE) স্ট্যান্ডার্ড কত?","99","Excellent","CLEAN","0","0"
"2467","source-file","কম্পিউটার ও তথ্য প্রযুক্তি","অপটিক্যাল ফাইবার (Optical Fiber) ক্যাবল ডেটা ট্রান্সমিশনের জন্য কোন নীতি ব্যবহার","99","Excellent","CLEAN","0","0"
"2468","source-file","কম্পিউটার ও তথ্য প্রযুক্তি","একাধিক কম্পিউটারকে একটি কেন্দ্রীয় ডিভাইসের সাথে যুক্ত করে যে নেটওয়ার্ক টপোলজি ","99","Excellent","CLEAN","0","0"
"2469","source-file","কম্পিউটার ও তথ্য প্রযুক্তি","ইন্টারনেটের 'ট্রাফিক পুলিশ' বলা হয় কোন ডিভাইসকে?","99","Excellent","CLEAN","0","0"
"2470","source-file","কম্পিউটার ও তথ্য প্রযুক্তি","মডেম (Modem) মূলত কী কাজ করে?","99","Excellent","CLEAN","0","0"
"2471","source-file","কম্পিউটার ও তথ্য প্রযুক্তি","ওয়ার্ল্ড ওয়াইড ওয়েব (WWW) এর উদ্ভাবক কে?","99","Excellent","CLEAN","0","0"
"2472","source-file","কম্পিউটার ও তথ্য প্রযুক্তি","ইন্টারনেটে প্রতিটি ওয়েবপেজ বা রিসোর্সের একটি সুনির্দিষ্ট ঠিকানা থাকে, তাকে কী ব","99","Excellent","CLEAN","0","0"
"2473","source-file","কম্পিউটার ও তথ্য প্রযুক্তি","আইপি অ্যাড্রেস (IP Address) এর 'IPv4' ভার্সনটি কত বিটের?","99","Excellent","CLEAN","0","0"
"2474","source-file","কম্পিউটার ও তথ্য প্রযুক্তি","ডোমেইন নেম সিস্টেম (DNS) এর কাজ কী?","99","Excellent","CLEAN","0","0"
"2475","source-file","কম্পিউটার ও তথ্য প্রযুক্তি","ওয়েবপেজ তৈরির জন্য কোন মার্কআপ ল্যাঙ্গুয়েজ ব্যবহার করা হয়?","99","Excellent","CLEAN","0","0"
"2476","source-file","কম্পিউটার ও তথ্য প্রযুক্তি","ক্লায়েন্ট এবং ওয়েব সার্ভারের মধ্যে ওয়েবপেজ আদান-প্রদানের জন্য কোন প্রোটোকল ব্","99","Excellent","CLEAN","0","0"
"2477","source-file","কম্পিউটার ও তথ্য প্রযুক্তি","ইমেইল (E-mail) পাঠানোর জন্য কোন প্রোটোকল ব্যবহৃত হয়?","99","Excellent","CLEAN","0","0"
"2478","source-file","কম্পিউটার ও তথ্য প্রযুক্তি","ইন্টারনেটে ফাইল আপলোড এবং ডাউনলোড করার জন্য কোন প্রোটোকল ব্যবহৃত হয়?","99","Excellent","CLEAN","0","0"
"2479","source-file","কম্পিউটার ও তথ্য প্রযুক্তি","সার্চ ইঞ্জিন (Search Engine) নয় কোনটি?","99","Excellent","CLEAN","0","0"
"2480","source-file","কম্পিউটার ও তথ্য প্রযুক্তি","ক্লাউড কম্পিউটিং (Cloud Computing) এর প্রধান সুবিধা কী?","99","Excellent","CLEAN","0","0"
"2481","source-file","কম্পিউটার ও তথ্য প্রযুক্তি","কৃত্রিম বুদ্ধিমত্তা বা আর্টিফিশিয়াল ইন্টেলিজেন্স (AI) এর জনক কে?","99","Excellent","CLEAN","0","0"
"2482","source-file","কম্পিউটার ও তথ্য প্রযুক্তি","'মেশিন লার্নিং' (Machine Learning) মূলত কোন প্রযুক্তির একটি শাখা?","99","Excellent","CLEAN","0","0"
"2483","source-file","কম্পিউটার ও তথ্য প্রযুক্তি","মানুষের মতো কথোপকথন করতে সক্ষম 'ChatGPT' কোন কোম্পানির তৈরি একটি জেনারেটিভ এআই (","99","Excellent","CLEAN","0","0"
"2484","source-file","কম্পিউটার ও তথ্য প্রযুক্তি","ইন্টারনেট অব থিংস (IoT) বলতে কী বোঝায়?","99","Excellent","CLEAN","0","0"
"2485","source-file","কম্পিউটার ও তথ্য প্রযুক্তি","ক্রিপ্টোকারেন্সি (যেমন- বিটকয়েন) লেনদেনে স্বচ্ছতা ও নিরাপত্তা নিশ্চিত করার জন্য","99","Excellent","CLEAN","0","0"
"2486","source-file","কম্পিউটার ও তথ্য প্রযুক্তি","সাইবার নিরাপত্তার ক্ষেত্রে 'ফায়ারওয়াল' (Firewall) এর কাজ কী?","99","Excellent","CLEAN","0","0"
"2487","source-file","কম্পিউটার ও তথ্য প্রযুক্তি","'ফিশিং' (Phishing) সাইবার ক্রাইম বলতে কী বোঝায়?","99","Excellent","CLEAN","0","0"
"2488","source-file","কম্পিউটার ও তথ্য প্রযুক্তি","ক্ষতিকর সফটওয়্যার 'র‍্যানসমওয়্যার' (Ransomware) কম্পিউটারে আক্রমণ করার পর কী ক","99","Excellent","CLEAN","0","0"
"2489","source-file","কম্পিউটার ও তথ্য প্রযুক্তি","হ্যাকাররা যখন একসাথে অসংখ্য ভুয়া রিকোয়েস্ট পাঠিয়ে কোনো সার্ভার বা ওয়েবসাইটকে","99","Excellent","CLEAN","0","0"
"2490","source-file","কম্পিউটার ও তথ্য প্রযুক্তি","ডেটা সুরক্ষায় 'এনক্রিপশন' (Encryption) বলতে কী বোঝায়?","99","Excellent","CLEAN","0","0"
"2491","source-file","কম্পিউটার ও তথ্য প্রযুক্তি","'ক্যাপচা' (CAPTCHA) ওয়েবসাইটে কেন ব্যবহার করা হয়?","99","Excellent","CLEAN","0","0"
"2492","source-file","কম্পিউটার ও তথ্য প্রযুক্তি","বায়োমেট্রিক্স (Biometrics) পদ্ধতিতে ব্যক্তিকে শনাক্ত করার জন্য কোনটি ব্যবহৃত হয","99","Excellent","CLEAN","0","0"
"2493","source-file","কম্পিউটার ও তথ্য প্রযুক্তি","ভার্চুয়াল রিয়েলিটি (VR) প্রযুক্তির সাহায্যে মূলত কী তৈরি করা হয়?","99","Excellent","CLEAN","0","0"
"2494","source-file","কম্পিউটার ও তথ্য প্রযুক্তি","অগমেন্টেড রিয়েলিটি (AR) এবং ভার্চুয়াল রিয়েলিটি (VR) এর মধ্যে প্রধান পার্থক্য ","99","Excellent","CLEAN","0","0"
"2495","source-file","কম্পিউটার ও তথ্য প্রযুক্তি","'ন্যানোটেকনোলজি' (Nanotechnology) বিজ্ঞান ও প্রযুক্তির এমন একটি শাখা, যা কাজ করে","99","Excellent","AUTO","0","1"
"2496","source-file","কম্পিউটার ও তথ্য প্রযুক্তি","'জেনেটিক ইঞ্জিনিয়ারিং' (Genetic Engineering) বা রিকম্বিন্যান্ট ডিএনএ প্রযুক্তির","99","Excellent","CLEAN","0","0"
"2497","source-file","কম্পিউটার ও তথ্য প্রযুক্তি","'বায়োইনফরমেটিক্স' (Bioinformatics) বলতে কী বোঝায়?","99","Excellent","CLEAN","0","0"
"2498","source-file","কম্পিউটার ও তথ্য প্রযুক্তি","সুপার কম্পিউটার (Supercomputer) এর কাজের গতি পরিমাপ করা হয় কোন এককে?","99","Excellent","CLEAN","0","0"
"2499","source-file","কম্পিউটার ও তথ্য প্রযুক্তি","'কোয়ান্টাম কম্পিউটার' (Quantum Computer) সাধারণ কম্পিউটারের বিটের (Bit) পরিবর্ত","99","Excellent","CLEAN","0","0"
"2500","source-file","কম্পিউটার ও তথ্য প্রযুক্তি","ডেটা কমিউনিকেশনে 'ব্যান্ডউইথ' (Bandwidth) বলতে কী বোঝায়?","99","Excellent","CLEAN","0","0"
"2501","source-file","কম্পিউটার ও তথ্য প্রযুক্তি","ব্রডব্যান্ড ইন্টারনেটে 'ন্যারোব্যান্ড', 'ভয়েসব্যান্ড' এবং 'ব্রডব্যান্ড'— এই তিন","99","Excellent","AUTO","0","1"
"2502","source-file","কম্পিউটার ও তথ্য প্রযুক্তি","মোবাইল যোগাযোগের 'ফাইভ-জি' (5G) প্রযুক্তির প্রধান বৈশিষ্ট্য কোনটি?","99","Excellent","CLEAN","0","0"
"2503","source-file","কম্পিউটার ও তথ্য প্রযুক্তি","'GSM' (Global System for Mobile Communications) এবং 'CDMA' মূলত কীসের উদাহরণ?","99","Excellent","CLEAN","0","0"
"2504","source-file","কম্পিউটার ও তথ্য প্রযুক্তি","জিপিএস (GPS) এর পূর্ণরূপ কী?","99","Excellent","CLEAN","0","0"
"2505","source-file","কম্পিউটার ও তথ্য প্রযুক্তি","'ডেটা ওয়্যারহাউজিং' (Data Warehousing) বলতে কী বোঝায়?","99","Excellent","CLEAN","0","0"
"2506","source-file","কম্পিউটার ও তথ্য প্রযুক্তি","'বিগ ডেটা' (Big Data) বলতে মূলত কী ধরনের ডেটাকে বোঝায়?","99","Excellent","CLEAN","0","0"
"2507","source-file","কম্পিউটার ও তথ্য প্রযুক্তি","বাংলাদেশের তৈরি প্রথম কৃত্রিম উপগ্রহ বা স্যাটেলাইটের নাম কী?","99","Excellent","CLEAN","0","0"
"2508","source-file","কম্পিউটার ও তথ্য প্রযুক্তি","'ডিপ ওয়েব' (Deep Web) এবং 'ডার্ক ওয়েব' (Dark Web) এর মধ্যে সাধারণ পার্থক্য কী?","99","Excellent","CLEAN","0","0"
"2509","source-file","কম্পিউটার ও তথ্য প্রযুক্তি","প্রথম ওয়েব ব্রাউজার (Web Browser) কোনটি?","99","Excellent","CLEAN","0","0"
"2510","source-file","কম্পিউটার ও তথ্য প্রযুক্তি","কম্পিউটারের 'Motherboard'-এ থাকা 'CMOS' ব্যাটারির প্রধান কাজ কী?","99","Excellent","CLEAN","0","0"
"2511","source-file","কম্পিউটার ও তথ্য প্রযুক্তি","'USB' পোর্টের পূর্ণরূপ কী?","99","Excellent","CLEAN","0","0"
"2512","source-file","কম্পিউটার ও তথ্য প্রযুক্তি","হার্ডডিস্কের সেক্টর এবং ট্র্যাকগুলো নষ্ট হয়ে গেলে তাকে কী বলে?","99","Excellent","CLEAN","0","0"
"2513","source-file","কম্পিউটার ও তথ্য প্রযুক্তি","কোন প্রিন্টারে কালি হিসেবে 'টোনার' (Toner) বা শুকনো পাউডার ব্যবহৃত হয়?","99","Excellent","CLEAN","0","0"
"2514","source-file","কম্পিউটার ও তথ্য প্রযুক্তি","'প্লটার' (Plotter) কী ধরনের ডিভাইস এবং এর কাজ কী?","99","Excellent","CLEAN","0","0"
"2515","source-file","কম্পিউটার ও তথ্য প্রযুক্তি","'VGA' পোর্টের পূর্ণরূপ কী এবং এটি কী কাজে লাগে?","99","Excellent","CLEAN","0","0"
"2516","source-file","কম্পিউটার ও তথ্য প্রযুক্তি","'মাল্টিমিডিয়া' (Multimedia) বলতে কী বোঝায়?","99","Excellent","CLEAN","0","0"
"2517","source-file","কম্পিউটার ও তথ্য প্রযুক্তি","অপারেটিং সিস্টেমে 'গ্রাফিক্যাল ইউজার ইন্টারফেস' (GUI) এর প্রধান উপাদানগুলো কী কী","99","Excellent","CLEAN","0","0"
"2518","source-file","কম্পিউটার ও তথ্য প্রযুক্তি","'লিনাক্স' (Linux) অপারেটিং সিস্টেমের কার্নেল (Kernel) কে তৈরি করেছিলেন?","99","Excellent","CLEAN","0","0"
"2519","source-file","কম্পিউটার ও তথ্য প্রযুক্তি","'ইউটিলিটি সফটওয়্যার' (Utility Software) এর প্রধান কাজ কী?","99","Excellent","CLEAN","0","0"
"2520","source-file","কম্পিউটার ও তথ্য প্রযুক্তি","মাইক্রোসফট এক্সেলে (MS Excel) সারি (Row) এবং কলামের (Column) পরস্পর ছেদকারী অংশক","99","Excellent","CLEAN","0","0"
"2521","source-file","কম্পিউটার ও তথ্য প্রযুক্তি","ডেটাবেজে 'SQL' এর পূর্ণরূপ কী?","99","Excellent","CLEAN","0","0"
"2522","source-file","কম্পিউটার ও তথ্য প্রযুক্তি","রিলেশনাল ডেটাবেজ মডেলে (RDBMS) ডেটা কীভাবে সংরক্ষিত থাকে?","99","Excellent","CLEAN","0","0"
"2523","source-file","কম্পিউটার ও তথ্য প্রযুক্তি","'C' (সি) প্রোগ্রামিং ভাষার জনক কে?","99","Excellent","CLEAN","0","0"
"2524","source-file","কম্পিউটার ও তথ্য প্রযুক্তি","অবজেক্ট ওরিয়েন্টেড প্রোগ্রামিং (OOP) এর প্রধান বৈশিষ্ট্যগুলো কী কী?","99","Excellent","CLEAN","0","0"
"2525","source-file","কম্পিউটার ও তথ্য প্রযুক্তি","'অ্যালগরিদম' (Algorithm) কী?","99","Excellent","CLEAN","0","0"
"2526","source-file","কম্পিউটার ও তথ্য প্রযুক্তি","দশমিক সংখ্যা '২৫' এর সমতুল্য বাইনারি মান কত?","99","Excellent","CLEAN","0","0"
"2527","source-file","কম্পিউটার ও তথ্য প্রযুক্তি","(F)১৬ হেক্সাডেসিমেল সংখ্যাটির বাইনারি মান কত?","99","Excellent","CLEAN","0","0"
"2528","source-file","কম্পিউটার ও তথ্য প্রযুক্তি","'EBCDIC' কোড প্রধানত কোন কম্পিউটারে ব্যবহৃত হতো?","99","Excellent","CLEAN","0","0"
"2529","source-file","কম্পিউটার ও তথ্য প্রযুক্তি","বুলিয়ান অ্যালজেব্রায় '1 + 1 = 1' হওয়ার কারণ কী?","99","Excellent","CLEAN","0","0"
"2530","source-file","কম্পিউটার ও তথ্য প্রযুক্তি","'De Morgan's Theorems' (ডি মরগ্যানের উপপাদ্য) অনুযায়ী, (A+B)' = ?","99","Excellent","CLEAN","0","0"
"2531","source-file","কম্পিউটার ও তথ্য প্রযুক্তি","লজিক গেট 'XOR' (Exclusive OR) এর আউটপুট কখন '১' (True) হয়?","99","Excellent","CLEAN","0","0"
"2532","source-file","কম্পিউটার ও তথ্য প্রযুক্তি","'মাল্টিপ্লেক্সার' (Multiplexer বা MUX) এর কাজ কী?","99","Excellent","CLEAN","0","0"
"2533","source-file","কম্পিউটার ও তথ্য প্রযুক্তি","ডেটা ট্রান্সমিশনের 'সিনক্রোনাস' (Synchronous) মোডের বৈশিষ্ট্য কী?","99","Excellent","CLEAN","0","0"
"2534","source-file","কম্পিউটার ও তথ্য প্রযুক্তি","'টুইস্টেড পেয়ার ক্যাবল' (Twisted Pair Cable)-এ তারগুলোকে পেঁচিয়ে রাখা হয় কেন?","99","Excellent","CLEAN","0","0"
"2535","source-file","কম্পিউটার ও তথ্য প্রযুক্তি","অপটিক্যাল ফাইবারের 'কোর' (Core) এবং 'ক্ল্যাডিং' (Cladding) এর প্রতিসরাঙ্কের মধ্য","99","Excellent","CLEAN","0","0"
"2536","source-file","কম্পিউটার ও তথ্য প্রযুক্তি","'মাইক্রোওয়েভ' (Microwave) ট্রান্সমিশন সাধারণত কীভাবে কাজ করে?","99","Excellent","CLEAN","0","0"
"2537","source-file","কম্পিউটার ও তথ্য প্রযুক্তি","কৃত্রিম উপগ্রহ বা 'স্যাটেলাইট' কমিউনিকেশনে আর্থ স্টেশন থেকে স্যাটেলাইটে সিগন্যাল","99","Excellent","CLEAN","0","0"
"2538","source-file","কম্পিউটার ও তথ্য প্রযুক্তি","'ইন্টারনেট' (Internet) মূলত কী?","99","Excellent","CLEAN","0","0"
"2539","source-file","কম্পিউটার ও তথ্য প্রযুক্তি","ইন্টারনেটের আদি রূপ বা পূর্বসূরি হিসেবে কাকে বিবেচনা করা হয়?","99","Excellent","CLEAN","0","0"
"2540","source-file","কম্পিউটার ও তথ্য প্রযুক্তি","'ম্যাক অ্যাড্রেস' (MAC Address) বা মিডিয়া অ্যাক্সেস কন্ট্রোল অ্যাড্রেস কী?","99","Excellent","CLEAN","0","0"
"2541","source-file","কম্পিউটার ও তথ্য প্রযুক্তি","'সাবনেট মাস্ক' (Subnet Mask) আইপি অ্যাড্রেসকে কোন দুটি অংশে ভাগ করে?","99","Excellent","CLEAN","0","0"
"2542","source-file","কম্পিউটার ও তথ্য প্রযুক্তি","OSI মডেলে (Open Systems Interconnection) মোট কয়টি লেয়ার (Layer) বা স্তর থাকে?","99","Excellent","CLEAN","0","0"
"2543","source-file","কম্পিউটার ও তথ্য প্রযুক্তি","OSI মডেলের কোন লেয়ারে রাউটার (Router) কাজ করে এবং আইপি অ্যাড্রেস যুক্ত থাকে?","99","Excellent","CLEAN","0","0"
"2544","source-file","কম্পিউটার ও তথ্য প্রযুক্তি","'টিসিপি/আইপি' (TCP/IP) প্রোটোকল স্যুটে 'TCP' এর কাজ কী?","99","Excellent","CLEAN","0","0"
"2545","source-file","কম্পিউটার ও তথ্য প্রযুক্তি","'ক্লায়েন্ট-সার্ভার' (Client-Server) আর্কিটেকচারে 'সার্ভার' এর প্রধান ভূমিকা কী?","99","Excellent","CLEAN","0","0"
"2546","source-file","কম্পিউটার ও তথ্য প্রযুক্তি","'বটনেট' (Botnet) মূলত কী কাজে ব্যবহৃত হয়?","99","Excellent","CLEAN","0","0"
"2547","source-file","কম্পিউটার ও তথ্য প্রযুক্তি","'জিরো-ডে এক্সপ্লয়েট' (Zero-day Exploit) বলতে সাইবার সিকিউরিটিতে কী বোঝায়?","99","Excellent","CLEAN","0","0"
"2548","source-file","কম্পিউটার ও তথ্য প্রযুক্তি","তথ্য প্রযুক্তিতে 'সোশ্যাল ইঞ্জিনিয়ারিং' (Social Engineering) বলতে কী বোঝায়?","99","Excellent","AUTO","0","1"
"2549","source-file","কম্পিউটার ও তথ্য প্রযুক্তি","'টু-ফ্যাক্টর অথেনটিকেশন' (2FA) অনলাইন অ্যাকাউন্টের নিরাপত্তা কীভাবে বাড়ায়?","99","Excellent","CLEAN","0","0"
"2550","source-file","কম্পিউটার ও তথ্য প্রযুক্তি","'ভিপিএন' (VPN - Virtual Private Network) এর মূল কাজ কী?","99","Excellent","CLEAN","0","0"
"2551","source-file","কম্পিউটার ও তথ্য প্রযুক্তি","'সিম্যাট্রিক এনক্রিপশন' (Symmetric Encryption) এবং 'অ্যাসিম্যাট্রিক এনক্রিপশন' (","99","Excellent","CLEAN","0","0"
"2552","source-file","কম্পিউটার ও তথ্য প্রযুক্তি","'এসএসএল' (SSL - Secure Sockets Layer) সার্টিফিকেট ওয়েবসাইটে কী কাজ করে?","99","Excellent","CLEAN","0","0"
"2553","source-file","কম্পিউটার ও তথ্য প্রযুক্তি","ক্লাউড কম্পিউটিং সার্ভিসের 'SaaS' (Software as a Service) মডেলের উদাহরণ কোনটি?","99","Excellent","CLEAN","0","0"
"2554","source-file","কম্পিউটার ও তথ্য প্রযুক্তি","আইওটি (IoT) ডিভাইসগুলোর একটি বড় চ্যালেঞ্জ বা সমস্যা কী?","99","Excellent","CLEAN","0","0"
"2555","source-file","কম্পিউটার ও তথ্য প্রযুক্তি","'স্মার্ট হোম' (Smart Home) কোন প্রযুক্তির একটি বাস্তব প্রয়োগ?","99","Excellent","CLEAN","0","0"
"2556","source-file","কম্পিউটার ও তথ্য প্রযুক্তি","'ডিপ লার্নিং' (Deep Learning) বলতে কী বোঝায়?","99","Excellent","CLEAN","0","0"
"2557","source-file","কম্পিউটার ও তথ্য প্রযুক্তি","'অ্যালগরিদমিক বায়াস' (Algorithmic Bias) বলতে এআই (AI) এর ক্ষেত্রে কী বোঝায়?","99","Excellent","CLEAN","0","0"
"2558","source-file","কম্পিউটার ও তথ্য প্রযুক্তি","'ব্লকচেইন' প্রযুক্তিতে 'মাইনিং' (Mining) এর কাজ কী?","99","Excellent","CLEAN","0","0"
"2559","source-file","কম্পিউটার ও তথ্য প্রযুক্তি","'স্মার্ট কন্ট্রাক্ট' (Smart Contract) কোন প্রযুক্তির সাথে সম্পর্কিত?","99","Excellent","CLEAN","0","0"
"2560","source-file","কম্পিউটার ও তথ্য প্রযুক্তি","'মেটাভার্স' (Metaverse) বলতে কী বোঝায়?","99","Excellent","CLEAN","0","0"
"2561","source-file","কম্পিউটার ও তথ্য প্রযুক্তি","'কোয়ান্টাম এন্ট্যাঙ্গলমেন্ট' (Quantum Entanglement) কোয়ান্টাম কম্পিউটিংয়ে কী ","99","Excellent","CLEAN","0","0"
"2562","source-file","কম্পিউটার ও তথ্য প্রযুক্তি","'বায়োমেট্রিক' সুরক্ষায় 'এফএআর' (FAR - False Acceptance Rate) বলতে কী বোঝায়?","99","Excellent","CLEAN","0","0"
"2563","source-file","কম্পিউটার ও তথ্য প্রযুক্তি","'থ্রিডি প্রিন্টিং' (3D Printing) প্রযুক্তির মূল কাজ কী?","99","Excellent","CLEAN","0","0"
"2564","source-file","কম্পিউটার ও তথ্য প্রযুক্তি","'রোবোটিক্স'-এ 'অ্যাকচুয়েটর' (Actuator) এর কাজ কী?","99","Excellent","CLEAN","0","0"
"2565","source-file","কম্পিউটার ও তথ্য প্রযুক্তি","'ড্রোন' (Drone) এর প্রযুক্তিগত নাম কী?","99","Excellent","CLEAN","0","0"
"2566","source-file","কম্পিউটার ও তথ্য প্রযুক্তি","ই-কমার্স (E-commerce) মডেলে 'B2C' (Business-to-Consumer) বলতে কী বোঝায়?","99","Excellent","CLEAN","0","0"
"2567","source-file","কম্পিউটার ও তথ্য প্রযুক্তি","১৫۹. 'ডিজিটাল সিগনেচার' (Digital Signature) কী কাজে ব্যবহৃত হয়?","99","Excellent","CLEAN","0","0"
"2568","source-file","কম্পিউটার ও তথ্য প্রযুক্তি","'ডেটা মাইনিং' (Data Mining) প্রক্রিয়ার প্রধান উদ্দেশ্য কী?","99","Excellent","CLEAN","0","0"
"2569","source-file","কম্পিউটার ও তথ্য প্রযুক্তি","ইন্টারনেটে 'ব্যান্ডউইথ চোকিং' বা 'থ্রটলিং' (Throttling) বলতে কী বোঝায়?","99","Excellent","CLEAN","0","0"
"2570","source-file","কম্পিউটার ও তথ্য প্রযুক্তি","'ল্যান' (LAN - Local Area Network) তৈরিতে সাধারণত কোন কেবলটি সবচেয়ে বেশি ব্যবহৃ","99","Excellent","CLEAN","0","0"
"2571","source-file","কম্পিউটার ও তথ্য প্রযুক্তি","'ব্রডকাস্ট' (Broadcast) এবং 'মাল্টিকাস্ট' (Multicast) ট্রান্সমিশনের মধ্যে পার্থক","99","Excellent","CLEAN","0","0"
"2572","source-file","কম্পিউটার ও তথ্য প্রযুক্তি","নেটওয়ার্ক টপোলজিতে 'রিং' (Ring) টপোলজির একটি বড় অসুবিধা কী?","99","Excellent","CLEAN","0","0"
"2573","source-file","কম্পিউটার ও তথ্য প্রযুক্তি","'প্যাকেট সুইচিং' (Packet Switching) বলতে ইন্টারনেটে কী বোঝায়?","99","Excellent","CLEAN","0","0"
"2574","source-file","কম্পিউটার ও তথ্য প্রযুক্তি","'ম্যাক অ্যাড্রেস' (MAC Address) কতগুলো হেক্সাডেসিমেল অঙ্ক দিয়ে লেখা হয়?","99","Excellent","CLEAN","0","0"
"2575","source-file","কম্পিউটার ও তথ্য প্রযুক্তি","'গেটওয়ে' (Gateway) ডিভাইসটি নেটওয়ার্কে কী কাজ করে?","99","Excellent","CLEAN","0","0"
"2576","source-file","কম্পিউটার ও তথ্য প্রযুক্তি","'WiMAX' প্রযুক্তির পূর্ণরূপ কী?","99","Excellent","CLEAN","0","0"
"2577","source-file","কম্পিউটার ও তথ্য প্রযুক্তি","অপটিক্যাল ফাইবার কেবলে ডেটা ট্রান্সমিশন রেট কমানো বা সিগন্যাল দুর্বল হয়ে যাওয়া","99","Excellent","CLEAN","0","0"
"2578","source-file","কম্পিউটার ও তথ্য প্রযুক্তি","'VSAT' (Very Small Aperture Terminal) কী?","99","Excellent","CLEAN","0","0"
"2579","source-file","কম্পিউটার ও তথ্য প্রযুক্তি","এইচটিএমএল (HTML) এ সবচেয়ে বড় সাইজের হেডিং (Heading) লেখার জন্য কোন ট্যাগটি ব্য","99","Excellent","CLEAN","0","0"
"2580","source-file","কম্পিউটার ও তথ্য প্রযুক্তি","এইচটিএমএল এ হাইপারলিংক (Hyperlink) তৈরি করার জন্য কোন ট্যাগ এবং অ্যাট্রিবিউট ব্য","99","Excellent","CLEAN","0","0"
"2581","source-file","কম্পিউটার ও তথ্য প্রযুক্তি","'সিএসএস' (CSS) এর পূর্ণরূপ কী এবং এটি ওয়েব ডিজাইনে কেন ব্যবহৃত হয়?","99","Excellent","CLEAN","0","0"
"2582","source-file","কম্পিউটার ও তথ্য প্রযুক্তি","ওয়েবপেজে ডাইনামিক বা ইন্টারঅ্যাক্টিভ (Interactive) ফিচার (যেমন- পপ-আপ, ফর্ম ভ্য","99","Excellent","CLEAN","0","0"
"2583","source-file","কম্পিউটার ও তথ্য প্রযুক্তি","'PHP' এবং 'ASP.NET' মূলত কী কাজে ব্যবহৃত হয়?","99","Excellent","CLEAN","0","0"
"2584","source-file","কম্পিউটার ও তথ্য প্রযুক্তি","রিলেশনাল ডেটাবেজে (RDBMS) দুটি টেবিলের মধ্যে সম্পর্ক (Relationship) তৈরি করতে প্","99","Excellent","CLEAN","0","0"
"2585","source-file","কম্পিউটার ও তথ্য প্রযুক্তি","ডেটাবেজে 'SQL' এর 'SELECT' স্টেটমেন্টের কাজ কী?","99","Excellent","CLEAN","0","0"
"2586","source-file","কম্পিউটার ও তথ্য প্রযুক্তি","'ডেটা রিডানডেন্সি' (Data Redundancy) বলতে ডেটাবেজে কী বোঝায় এবং এটি দূর করার প্","99","Excellent","CLEAN","0","0"
"2587","source-file","কম্পিউটার ও তথ্য প্রযুক্তি","'C' (সি) প্রোগ্রামিং ভাষায় 'printf()' ফাংশনের কাজ কী?","99","Excellent","CLEAN","0","0"
"2588","source-file","কম্পিউটার ও তথ্য প্রযুক্তি","প্রোগ্রামে বারবার একই কাজ করার জন্য (Iteration) কোন কন্ট্রোল স্টেটমেন্ট ব্যবহার ","99","Excellent","CLEAN","0","0"
"2589","source-file","কম্পিউটার ও তথ্য প্রযুক্তি","'অ্যারে' (Array) বলতে প্রোগ্রামিংয়ে কী বোঝায়?","99","Excellent","CLEAN","0","0"
"2590","source-file","কম্পিউটার ও তথ্য প্রযুক্তি","হাই লেভেল ভাষার সোর্স কোডকে মেশিন কোডে রূপান্তরের ক্ষেত্রে 'কম্পাইলার' এবং 'ইন্ট","99","Excellent","CLEAN","0","0"
"2591","source-file","কম্পিউটার ও তথ্য প্রযুক্তি","বুলিয়ান অ্যালজেব্রায় 'A + A' এর মান কত?","99","Excellent","CLEAN","0","0"
"2592","source-file","কম্পিউটার ও তথ্য প্রযুক্তি","(১০১১)২ এবং (০১০১)২ বাইনারি সংখ্যা দুটির যোগফল কত?","96","Excellent","CLEAN","0","0"
"2593","source-file","কম্পিউটার ও তথ্য প্রযুক্তি","বাইনারি বিয়োগে '০ থেকে ১ বিয়োগ (০ - ১)' করলে ফলাফল এবং ধার (Borrow) কত হয়?","99","Excellent","CLEAN","0","0"
"2594","source-file","কম্পিউটার ও তথ্য প্রযুক্তি","২-এর পরিপূরক (2's Complement) পদ্ধতি কম্পিউটারে কেন ব্যবহৃত হয়?","99","Excellent","CLEAN","0","0"
"2595","source-file","কম্পিউটার ও তথ্য প্রযুক্তি","লজিক সার্কিটে 'ডিকোডার' (Decoder) এর কাজ কী?","99","Excellent","CLEAN","0","0"
"2596","source-file","কম্পিউটার ও তথ্য প্রযুক্তি","'রেজিস্টার' (Register) মূলত কী দিয়ে গঠিত এবং এর কাজ কী?","99","Excellent","CLEAN","0","0"
"2597","source-file","কম্পিউটার ও তথ্য প্রযুক্তি","ক্লাউড কম্পিউটিং সার্ভিসের 'IaaS' (Infrastructure as a Service) মডেলে ব্যবহারকার","99","Excellent","CLEAN","0","0"
"2598","source-file","কম্পিউটার ও তথ্য প্রযুক্তি","'এজ কম্পিউটিং' (Edge Computing) এবং ক্লাউড কম্পিউটিংয়ের মধ্যে প্রধান পার্থক্য ক","99","Excellent","CLEAN","0","0"
"2599","source-file","কম্পিউটার ও তথ্য প্রযুক্তি","'স্পুফিং' (Spoofing) সাইবার ক্রাইম বলতে কী বোঝায়?","99","Excellent","CLEAN","0","0"
"2600","source-file","কম্পিউটার ও তথ্য প্রযুক্তি","সাইবার সিকিউরিটিতে 'পেনিট্রেশন টেস্টিং' (Penetration Testing) বা 'ইথিক্যাল হ্যাক","99","Excellent","CLEAN","0","0"
"2601","source-file","কম্পিউটার ও তথ্য প্রযুক্তি","এআই (AI) এর 'টুরিং টেস্ট' (Turing Test) কী এবং কেন করা হয়?","99","Excellent","CLEAN","0","0"
"2602","source-file","কম্পিউটার ও তথ্য প্রযুক্তি","'সুপারভাইজড লার্নিং' (Supervised Learning) এবং 'আনসুপারভাইজড লার্নিং' (Unsupervi","99","Excellent","CLEAN","0","0"
"2603","source-file","কম্পিউটার ও তথ্য প্রযুক্তি","ব্লকচেইন প্রযুক্তিতে 'হ্যাশ' (Hash) ফাংশনের গুরুত্ব কী?","99","Excellent","CLEAN","0","0"
"2604","source-file","কম্পিউটার ও তথ্য প্রযুক্তি","থ্রিডি প্রিন্টিংয়ে 'FDM' (Fused Deposition Modeling) প্রযুক্তি কীভাবে কাজ করে?","99","Excellent","CLEAN","0","0"
"2605","source-file","কম্পিউটার ও তথ্য প্রযুক্তি","বায়োইনফরমেটিক্স (Bioinformatics) এবং জেনেটিক ইঞ্জিনিয়ারিংয়ের সমন্বয়ে 'CRISPR","99","Excellent","CLEAN","0","0"
"2606","source-file","কম্পিউটার ও তথ্য প্রযুক্তি","ই-কমার্সে 'ড্রপশিপিং' (Dropshipping) মডেল বলতে কী বোঝায়?","99","Excellent","CLEAN","0","0"
"2607","source-file","কম্পিউটার ও তথ্য প্রযুক্তি","'ন্যানোটিউব' (Carbon Nanotube) ন্যানোটেকনোলজির একটি যুগান্তকারী আবিষ্কার। এর প্র","99","Excellent","CLEAN","0","0"
"2608","source-file","ভূগোল, পরিবেশ ও দুর্যোগ ব্যবস্থাপনা","বাংলাদেশের ভৌগোলিক অবস্থান এশিয়া মহাদেশের কোন অংশে?","99","Excellent","CLEAN","0","0"
"2609","source-file","ভূগোল, পরিবেশ ও দুর্যোগ ব্যবস্থাপনা","বাংলাদেশের মাঝখান দিয়ে কোন ভৌগোলিক রেখাটি অতিক্রম করেছে?","99","Excellent","CLEAN","0","0"
"2610","source-file","ভূগোল, পরিবেশ ও দুর্যোগ ব্যবস্থাপনা","বাংলাদেশের মোট সীমান্ত দৈর্ঘ্য কত?","99","Excellent","CLEAN","0","0"
"2611","source-file","ভূগোল, পরিবেশ ও দুর্যোগ ব্যবস্থাপনা","ভারতের কয়টি রাজ্যের সাথে বাংলাদেশের সীমান্ত রয়েছে?","97","Excellent","CLEAN","0","0"
"2612","source-file","ভূগোল, পরিবেশ ও দুর্যোগ ব্যবস্থাপনা","মিয়ানমারের সাথে বাংলাদেশের কয়টি জেলার সীমান্ত রয়েছে?","99","Excellent","CLEAN","0","0"
"2613","source-file","ভূগোল, পরিবেশ ও দুর্যোগ ব্যবস্থাপনা","বাংলাদেশের সর্বদক্ষিণের স্থান কোনটি?","99","Excellent","CLEAN","0","0"
"2614","source-file","ভূগোল, পরিবেশ ও দুর্যোগ ব্যবস্থাপনা","বাংলাদেশের রাজনৈতিক সমুদ্রসীমা (Territorial Sea) উপকূল থেকে কত নটিক্যাল মাইল পর্","99","Excellent","CLEAN","0","0"
"2615","source-file","ভূগোল, পরিবেশ ও দুর্যোগ ব্যবস্থাপনা","বাংলাদেশের একচ্ছত্র অর্থনৈতিক অঞ্চল (Exclusive Economic Zone - EEZ) উপকূল থেকে ক","99","Excellent","CLEAN","0","0"
"2616","source-file","ভূগোল, পরিবেশ ও দুর্যোগ ব্যবস্থাপনা","'সোয়াচ অব নো গ্রাউন্ড' (Swatch of No Ground) কোথায় অবস্থিত?","99","Excellent","CLEAN","0","0"
"2617","source-file","ভূগোল, পরিবেশ ও দুর্যোগ ব্যবস্থাপনা","ভূ-প্রকৃতি অনুসারে বাংলাদেশকে প্রধানত কয়টি ভাগে ভাগ করা যায়?","99","Excellent","CLEAN","0","0"
"2618","source-file","ভূগোল, পরিবেশ ও দুর্যোগ ব্যবস্থাপনা","বাংলাদেশের দক্ষিণ-পূর্ব ও উত্তর-পূর্ব অঞ্চলের পাহাড়গুলো কোন যুগের ভূমিরূপ?","99","Excellent","CLEAN","0","0"
"2619","source-file","ভূগোল, পরিবেশ ও দুর্যোগ ব্যবস্থাপনা","বাংলাদেশের সর্বোচ্চ পর্বতশৃঙ্গ কোনটি?","99","Excellent","CLEAN","0","0"
"2620","source-file","ভূগোল, পরিবেশ ও দুর্যোগ ব্যবস্থাপনা","ভাওয়াল ও মধুপুরের গড় কোন যুগের ভূমিরূপের অন্তর্গত?","99","Excellent","CLEAN","0","0"
"2621","source-file","ভূগোল, পরিবেশ ও দুর্যোগ ব্যবস্থাপনা","'বরেন্দ্র ভূমি' (Varendra Tract) বাংলাদেশের কোন অঞ্চলে অবস্থিত?","99","Excellent","CLEAN","0","0"
"2622","source-file","ভূগোল, পরিবেশ ও দুর্যোগ ব্যবস্থাপনা","কুমিল্লার 'লালমাই পাহাড়' এর মাটি মূলত কোন রঙের?","99","Excellent","CLEAN","0","0"
"2623","source-file","ভূগোল, পরিবেশ ও দুর্যোগ ব্যবস্থাপনা","বাংলাদেশের মোট আয়তনের প্রায় কত শতাংশ এলাকা সাম্প্রতিক কালের প্লাবনভূমি দ্বারা ","99","Excellent","CLEAN","0","0"
"2624","source-file","ভূগোল, পরিবেশ ও দুর্যোগ ব্যবস্থাপনা","পৃথিবীর মূল মধ্যরেখা (Prime Meridian) কোন শহরের ওপর দিয়ে অতিক্রম করেছে?","99","Excellent","CLEAN","0","0"
"2625","source-file","ভূগোল, পরিবেশ ও দুর্যোগ ব্যবস্থাপনা","আন্তর্জাতিক তারিখ রেখা (International Date Line) মূলত কোন মহাসাগরের ওপর দিয়ে কল","99","Excellent","CLEAN","0","0"
"2626","source-file","ভূগোল, পরিবেশ ও দুর্যোগ ব্যবস্থাপনা","বাংলাদেশের প্রমাণ সময় (Standard Time) গ্রিনিচ মান সময় (GMT) থেকে কত ঘণ্টা এগিয","99","Excellent","CLEAN","0","0"
"2627","source-file","ভূগোল, পরিবেশ ও দুর্যোগ ব্যবস্থাপনা","গ্রিনিচে যখন সকাল ৬টা বাজে, তখন ঢাকায় সময় কত?","99","Excellent","CLEAN","0","0"
"2628","source-file","ভূগোল, পরিবেশ ও দুর্যোগ ব্যবস্থাপনা","বাংলাদেশের জলবায়ু মূলত কোন প্রকৃতির?","99","Excellent","CLEAN","0","0"
"2629","source-file","ভূগোল, পরিবেশ ও দুর্যোগ ব্যবস্থাপনা","বাংলাদেশের গড় বার্ষিক বৃষ্টিপাতের প্রায় শতকরা কত ভাগ বর্ষাকালে হয়ে থাকে?","99","Excellent","CLEAN","0","0"
"2630","source-file","ভূগোল, পরিবেশ ও দুর্যোগ ব্যবস্থাপনা","বাংলাদেশের কোন অঞ্চলে সবচেয়ে বেশি বৃষ্টিপাত হয়?","99","Excellent","CLEAN","0","0"
"2631","source-file","ভূগোল, পরিবেশ ও দুর্যোগ ব্যবস্থাপনা","বাংলাদেশের কোন অঞ্চলে সবচেয়ে কম বৃষ্টিপাত হয়?","99","Excellent","CLEAN","0","0"
"2632","source-file","ভূগোল, পরিবেশ ও দুর্যোগ ব্যবস্থাপনা","বাংলাদেশের উষ্ণতম মাস কোনটি?","99","Excellent","CLEAN","0","0"
"2633","source-file","ভূগোল, পরিবেশ ও দুর্যোগ ব্যবস্থাপনা","'কালবৈশাখী' ঝড় সাধারণত কোন ঋতুতে হয়ে থাকে?","99","Excellent","CLEAN","0","0"
"2634","source-file","ভূগোল, পরিবেশ ও দুর্যোগ ব্যবস্থাপনা","শীতকালে বাংলাদেশে কোন বায়ু প্রবাহিত হয়?","99","Excellent","CLEAN","0","0"
"2635","source-file","ভূগোল, পরিবেশ ও দুর্যোগ ব্যবস্থাপনা","বাংলাদেশের প্রধান নদীগুলোর উৎপত্তি মূলত কোথায়?","99","Excellent","CLEAN","0","0"
"2636","source-file","ভূগোল, পরিবেশ ও দুর্যোগ ব্যবস্থাপনা","ব্রহ্মপুত্র নদ তিব্বতের মানস সরোবর থেকে উৎপন্ন হয়ে কোন দিক দিয়ে বাংলাদেশে প্রব","99","Excellent","CLEAN","0","0"
"2637","source-file","ভূগোল, পরিবেশ ও দুর্যোগ ব্যবস্থাপনা","গঙ্গা নদী বাংলাদেশে প্রবেশ করে কী নাম ধারণ করেছে?","99","Excellent","CLEAN","0","0"
"2638","source-file","ভূগোল, পরিবেশ ও দুর্যোগ ব্যবস্থাপনা","সুরমা ও কুশিয়ারা নদীর মিলিত স্রোতের নাম কী?","99","Excellent","CLEAN","0","0"
"2639","source-file","ভূগোল, পরিবেশ ও দুর্যোগ ব্যবস্থাপনা","বাংলাদেশের দীর্ঘতম নদী কোনটি?","95","Excellent","CLEAN","0","0"
"2640","source-file","ভূগোল, পরিবেশ ও দুর্যোগ ব্যবস্থাপনা","'যমুনা' নদীর উৎপত্তি কোথায়?","99","Excellent","CLEAN","0","0"
"2641","source-file","ভূগোল, পরিবেশ ও দুর্যোগ ব্যবস্থাপনা","পদ্মা ও যমুনা নদী কোথায় মিলিত হয়েছে?","99","Excellent","CLEAN","0","0"
"2642","source-file","ভূগোল, পরিবেশ ও দুর্যোগ ব্যবস্থাপনা","পদ্মা ও মেঘনা নদী কোথায় মিলিত হয়েছে?","99","Excellent","CLEAN","0","0"
"2643","source-file","ভূগোল, পরিবেশ ও দুর্যোগ ব্যবস্থাপনা","বাংলাদেশের কোন নদীটি 'দুঃখ' (Sorrow) নামে পরিচিত ছিল?","99","Excellent","CLEAN","0","0"
"2644","source-file","ভূগোল, পরিবেশ ও দুর্যোগ ব্যবস্থাপনা","'হালদা' ভ্যালি কোথায় অবস্থিত?","99","Excellent","CLEAN","0","0"
"2645","source-file","ভূগোল, পরিবেশ ও দুর্যোগ ব্যবস্থাপনা","কাপ্তাই লেক (Kaptai Lake) কোন নদীর ওপর বাঁধ দিয়ে তৈরি করা হয়েছে?","99","Excellent","CLEAN","0","0"
"2646","source-file","ভূগোল, পরিবেশ ও দুর্যোগ ব্যবস্থাপনা","বাংলাদেশের একমাত্র পাহাড়ি দ্বীপ কোনটি?","99","Excellent","CLEAN","0","0"
"2647","source-file","ভূগোল, পরিবেশ ও দুর্যোগ ব্যবস্থাপনা","'সেন্টমার্টিন' (St. Martin's) দ্বীপের প্রধান বৈশিষ্ট্য কী?","99","Excellent","CLEAN","0","0"
"2648","source-file","ভূগোল, পরিবেশ ও দুর্যোগ ব্যবস্থাপনা","বায়ুমণ্ডলের কোন স্তরে আবহাওয়া ও জলবায়ুর যাবতীয় পরিবর্তন (যেমন- ঝড়, বৃষ্টি, ","99","Excellent","CLEAN","0","0"
"2649","source-file","ভূগোল, পরিবেশ ও দুর্যোগ ব্যবস্থাপনা","বায়ুমণ্ডলের কোন স্তরটি সূর্য থেকে আগত ক্ষতিকর অতিবেগুনি রশ্মি (Ultraviolet rays","99","Excellent","CLEAN","0","0"
"2650","source-file","ভূগোল, পরিবেশ ও দুর্যোগ ব্যবস্থাপনা","বায়ুমণ্ডলের উপাদানগুলোর মধ্যে কোন গ্যাসের পরিমাণ সবচেয়ে বেশি?","99","Excellent","CLEAN","0","0"
"2651","source-file","ভূগোল, পরিবেশ ও দুর্যোগ ব্যবস্থাপনা","'নিরক্ষীয় শান্ত বলয়' (Doldrums) পৃথিবীর কোন অঞ্চলে অবস্থিত?","99","Excellent","CLEAN","0","0"
"2652","source-file","ভূগোল, পরিবেশ ও দুর্যোগ ব্যবস্থাপনা","অশ্ব অক্ষাংশ (Horse Latitude) বলতে কোন অঞ্চলকে বোঝায়?","99","Excellent","CLEAN","0","0"
"2653","source-file","ভূগোল, পরিবেশ ও দুর্যোগ ব্যবস্থাপনা","পৃথিবীর ঘূর্ণন গতির (Rotation) ফলে সৃষ্ট যে বলের কারণে বায়ুপ্রবাহ ও সমুদ্রস্রোত","99","Excellent","CLEAN","0","0"
"2654","source-file","ভূগোল, পরিবেশ ও দুর্যোগ ব্যবস্থাপনা","সমুদ্রস্রোত (Ocean Currents) সৃষ্টির প্রধান কারণ কোনটি?","99","Excellent","CLEAN","0","0"
"2655","source-file","ভূগোল, পরিবেশ ও দুর্যোগ ব্যবস্থাপনা","'এল নিনো' (El Nino) বলতে মূলত কী বোঝায়?","99","Excellent","CLEAN","0","0"
"2656","source-file","ভূগোল, পরিবেশ ও দুর্যোগ ব্যবস্থাপনা","'লা নিনা' (La Nina) এল নিনোর বিপরীত অবস্থা। এর ফলে আবহাওয়ায় কী ধরনের পরিবর্তন ","99","Excellent","CLEAN","0","0"
"2657","source-file","ভূগোল, পরিবেশ ও দুর্যোগ ব্যবস্থাপনা","অমাবস্যা ও পূর্ণিমা তিথিতে চাঁদ, সূর্য ও পৃথিবী এক সরলরেখায় অবস্থান করলে যে প্র","99","Excellent","CLEAN","0","0"
"2658","source-file","ভূগোল, পরিবেশ ও দুর্যোগ ব্যবস্থাপনা","পৃথিবীর কোন অঞ্চলে জীববৈচিত্র্য (Biodiversity) সবচেয়ে বেশি সমৃদ্ধ?","99","Excellent","CLEAN","0","0"
"2659","source-file","ভূগোল, পরিবেশ ও দুর্যোগ ব্যবস্থাপনা","পরিবেশের একটি বাস্তুতন্ত্রে (Ecosystem) উৎপাদক (Producer) কারা?","99","Excellent","CLEAN","0","0"
"2660","source-file","ভূগোল, পরিবেশ ও দুর্যোগ ব্যবস্থাপনা","শক্তির পিরামিড বা খাদ্যশৃঙ্খলে (Food Chain) শক্তি এক স্তর থেকে পরবর্তী স্তরে স্থ","99","Excellent","CLEAN","0","0"
"2661","source-file","ভূগোল, পরিবেশ ও দুর্যোগ ব্যবস্থাপনা","গ্রিনহাউস প্রতিক্রিয়া (Greenhouse Effect) বলতে মূলত কী বোঝায়?","99","Excellent","CLEAN","0","0"
"2662","source-file","ভূগোল, পরিবেশ ও দুর্যোগ ব্যবস্থাপনা","নিচের কোন গ্যাসটি গ্রিনহাউস গ্যাস (Greenhouse Gas) নয়?","99","Excellent","CLEAN","0","0"
"2663","source-file","ভূগোল, পরিবেশ ও দুর্যোগ ব্যবস্থাপনা","বিশ্ব উষ্ণায়নের (Global Warming) ফলে সবচেয়ে ভয়াবহ প্রভাব কোনটি?","99","Excellent","CLEAN","0","0"
"2664","source-file","ভূগোল, পরিবেশ ও দুর্যোগ ব্যবস্থাপনা","'ওজোন স্তর ক্ষয়' (Ozone Layer Depletion) এর প্রধান কারণ কোন গ্যাস?","99","Excellent","CLEAN","0","0"
"2665","source-file","ভূগোল, পরিবেশ ও দুর্যোগ ব্যবস্থাপনা","পরিবেশে কার্বন নিঃসরণ কমানোর জন্য 'কার্বন ট্রেডিং' (Carbon Trading) বা কার্বন ক্","99","Excellent","CLEAN","0","0"
"2666","source-file","ভূগোল, পরিবেশ ও দুর্যোগ ব্যবস্থাপনা","জলবায়ু পরিবর্তন মোকাবিলায় ঐতিহাসিক 'প্যারিস চুক্তি' (Paris Agreement) কবে স্বা","99","Excellent","CLEAN","0","0"
"2667","source-file","ভূগোল, পরিবেশ ও দুর্যোগ ব্যবস্থাপনা","আইপিসিসি (IPCC - Intergovernmental Panel on Climate Change) কী?","99","Excellent","CLEAN","0","0"
"2668","source-file","ভূগোল, পরিবেশ ও দুর্যোগ ব্যবস্থাপনা","বাংলাদেশের কোন অঞ্চলকে রামসার সাইট (Ramsar Site) বা আন্তর্জাতিক গুরুত্বপূর্ণ জলা","99","Excellent","CLEAN","0","0"
"2669","source-file","ভূগোল, পরিবেশ ও দুর্যোগ ব্যবস্থাপনা","'রামসার কনভেনশন' (Ramsar Convention) মূলত কী সংরক্ষণের জন্য স্বাক্ষরিত হয়েছিল?","99","Excellent","CLEAN","0","0"
"2670","source-file","ভূগোল, পরিবেশ ও দুর্যোগ ব্যবস্থাপনা","সুন্দরবনের প্রধান উদ্ভিদ প্রজাতি কোনটি?","99","Excellent","CLEAN","0","0"
"2671","source-file","ভূগোল, পরিবেশ ও দুর্যোগ ব্যবস্থাপনা","সুন্দরবনের মাটি কোন প্রকৃতির?","99","Excellent","CLEAN","0","0"
"2672","source-file","ভূগোল, পরিবেশ ও দুর্যোগ ব্যবস্থাপনা","বাংলাদেশের কোন বনভূমিকে 'মধুপুর ভাওয়ালের গড়' বলা হয়?","99","Excellent","CLEAN","0","0"
"2673","source-file","ভূগোল, পরিবেশ ও দুর্যোগ ব্যবস্থাপনা","'ইকো-ট্যুরিজম' (Eco-tourism) বলতে কী বোঝায়?","99","Excellent","CLEAN","0","0"
"2674","source-file","ভূগোল, পরিবেশ ও দুর্যোগ ব্যবস্থাপনা","'অ্যাসিড বৃষ্টি' (Acid Rain) এর প্রধান কারণ বায়ুমণ্ডলে কোন গ্যাসগুলোর আধিক্য?","99","Excellent","CLEAN","0","0"
"2675","source-file","ভূগোল, পরিবেশ ও দুর্যোগ ব্যবস্থাপনা","আর্সেনিক দূষণের (Arsenic Pollution) ফলে মানবদেহে কোন রোগের প্রাদুর্ভাব ঘটে?","99","Excellent","CLEAN","0","0"
"2676","source-file","ভূগোল, পরিবেশ ও দুর্যোগ ব্যবস্থাপনা","বাংলাদেশের ভূ-গর্ভস্থ পানিতে আর্সেনিকের নিরাপদ মাত্রা (Safe limit) বিশ্ব স্বাস্থ","99","Excellent","CLEAN","0","0"
"2677","source-file","ভূগোল, পরিবেশ ও দুর্যোগ ব্যবস্থাপনা","'ব্লু ইকোনমি' (Blue Economy) বা সুনীল অর্থনীতি বলতে কী বোঝায়?","99","Excellent","CLEAN","0","0"
"2678","source-file","ভূগোল, পরিবেশ ও দুর্যোগ ব্যবস্থাপনা","দুর্যোগ ব্যবস্থাপনার প্রধান উদ্দেশ্য কয়টি?","99","Excellent","CLEAN","0","0"
"2679","source-file","ভূগোল, পরিবেশ ও দুর্যোগ ব্যবস্থাপনা","দুর্যোগ ব্যবস্থাপনার চক্রে (Disaster Management Cycle) দুর্যোগ আঘাত হানার ঠিক পূ","99","Excellent","CLEAN","0","0"
"2680","source-file","ভূগোল, পরিবেশ ও দুর্যোগ ব্যবস্থাপনা","'সাড়া প্রদান' (Response) দুর্যোগ ব্যবস্থাপনার কোন পর্যায়ের কাজ?","99","Excellent","CLEAN","0","0"
"2681","source-file","ভূগোল, পরিবেশ ও দুর্যোগ ব্যবস্থাপনা","'প্রশমন' (Mitigation) বলতে দুর্যোগ ব্যবস্থাপনায় কী বোঝায়?","99","Excellent","CLEAN","0","0"
"2682","source-file","ভূগোল, পরিবেশ ও দুর্যোগ ব্যবস্থাপনা","বাংলাদেশ পৃথিবীর কোন দুর্যোগপ্রবণ অঞ্চলে অবস্থিত?","99","Excellent","CLEAN","0","0"
"2683","source-file","ভূগোল, পরিবেশ ও দুর্যোগ ব্যবস্থাপনা","বাংলাদেশের কোন দুর্যোগটি সবচেয়ে বেশি এবং প্রায় প্রতি বছরই ঘটে?","99","Excellent","CLEAN","0","0"
"2684","source-file","ভূগোল, পরিবেশ ও দুর্যোগ ব্যবস্থাপনা","'ফ্লাশ ফ্লাড' (Flash Flood) বা আকস্মিক বন্যা সাধারণত বাংলাদেশের কোন অঞ্চলে বেশি ","99","Excellent","CLEAN","0","0"
"2685","source-file","ভূগোল, পরিবেশ ও দুর্যোগ ব্যবস্থাপনা","ক্রান্তীয় ঘূর্ণিঝড় (Tropical Cyclone) সৃষ্টির জন্য সমুদ্রপৃষ্ঠের পানির তাপমাত্","99","Excellent","CLEAN","0","0"
"2686","source-file","ভূগোল, পরিবেশ ও দুর্যোগ ব্যবস্থাপনা","বঙ্গোপসাগরে সৃষ্ট ঘূর্ণিঝড়গুলো সাধারণত কোন দিকে অগ্রসর হয়?","99","Excellent","CLEAN","0","0"
"2687","source-file","ভূগোল, পরিবেশ ও দুর্যোগ ব্যবস্থাপনা","ঘূর্ণিঝড়ের 'চোখ' (Eye of the Cyclone) বলতে কী বোঝায়?","99","Excellent","CLEAN","0","0"
"2688","source-file","ভূগোল, পরিবেশ ও দুর্যোগ ব্যবস্থাপনা","ঘূর্ণিঝড়ের সময় যে প্রবল জলোচ্ছ্বাস উপকূলকে প্লাবিত করে, তাকে কী বলে?","99","Excellent","CLEAN","0","0"
"2689","source-file","ভূগোল, পরিবেশ ও দুর্যোগ ব্যবস্থাপনা","বাংলাদেশের ইতিহাসে সবচেয়ে ভয়াবহ ও প্রাণঘাতী ঘূর্ণিঝড় 'গোর্কি' কত সালে আঘাত হে","99","Excellent","CLEAN","0","0"
"2690","source-file","ভূগোল, পরিবেশ ও দুর্যোগ ব্যবস্থাপনা","'সিডর' (Sidr) নামক প্রলয়ঙ্কারী ঘূর্ণিঝড় বাংলাদেশে কবে আঘাত হানে?","99","Excellent","CLEAN","0","0"
"2691","source-file","ভূগোল, পরিবেশ ও দুর্যোগ ব্যবস্থাপনা","ভূমিকম্প (Earthquake) মাপার যন্ত্রের নাম কী?","99","Excellent","CLEAN","0","0"
"2692","source-file","ভূগোল, পরিবেশ ও দুর্যোগ ব্যবস্থাপনা","ভূমিকম্পের শক্তি বা মাত্রা (Magnitude) প্রকাশের জন্য কোন স্কেল ব্যবহার করা হয়?","99","Excellent","CLEAN","0","0"
"2693","source-file","ভূগোল, পরিবেশ ও দুর্যোগ ব্যবস্থাপনা","বাংলাদেশের কোন অঞ্চলটি ভূমিকম্পের সর্বোচ্চ ঝুঁকির (Seismic Zone I) মধ্যে অবস্থিত","99","Excellent","CLEAN","0","0"
"2694","source-file","ভূগোল, পরিবেশ ও দুর্যোগ ব্যবস্থাপনা","'ডাউকি ফল্ট' (Dauki Fault) বাংলাদেশের কোন সীমান্তের কাছে অবস্থিত?","99","Excellent","CLEAN","0","0"
"2695","source-file","ভূগোল, পরিবেশ ও দুর্যোগ ব্যবস্থাপনা","'সুনামি' (Tsunami) শব্দটি কোন ভাষার শব্দ এবং এর অর্থ কী?","99","Excellent","CLEAN","0","0"
"2696","source-file","ভূগোল, পরিবেশ ও দুর্যোগ ব্যবস্থাপনা","বাংলাদেশে খরা (Drought) পরিস্থিতি সাধারণত কোন অঞ্চলে এবং কখন বেশি দেখা যায়?","99","Excellent","CLEAN","0","0"
"2697","source-file","ভূগোল, পরিবেশ ও দুর্যোগ ব্যবস্থাপনা","'নদীভাঙন' (Riverbank erosion) বাংলাদেশের একটি নিত্যনৈমিত্তিক দুর্যোগ। এর প্রধান ","99","Excellent","CLEAN","0","0"
"2698","source-file","ভূগোল, পরিবেশ ও দুর্যোগ ব্যবস্থাপনা","দুর্যোগ ব্যবস্থাপনায় 'SPARRSO' (স্পারসো) কী ধরনের কাজ করে?","99","Excellent","CLEAN","0","0"
"2699","source-file","ভূগোল, পরিবেশ ও দুর্যোগ ব্যবস্থাপনা","বাংলাদেশের দুর্যোগ ব্যবস্থাপনার সর্বোচ্চ জাতীয় প্রতিষ্ঠান বা কমিটি কোনটি?","99","Excellent","CLEAN","0","0"
"2700","source-file","ভূগোল, পরিবেশ ও দুর্যোগ ব্যবস্থাপনা","ঘূর্ণিঝড়ের পূর্বাভাস ও সতর্ক সংকেত প্রদানের দায়িত্ব কোন প্রতিষ্ঠানের?","99","Excellent","CLEAN","0","0"
"2701","source-file","ভূগোল, পরিবেশ ও দুর্যোগ ব্যবস্থাপনা","সমুদ্রবন্দরের জন্য ঘূর্ণিঝড়ের 'মহাবিপদ সংকেত' (Great Danger Signal) হিসেবে কত ন","99","Excellent","CLEAN","0","0"
"2702","source-file","ভূগোল, পরিবেশ ও দুর্যোগ ব্যবস্থাপনা","'স্ট্যান্ডিং অর্ডার অন ডিজাস্টার' (SOD) বা দুর্যোগ বিষয়ক স্থায়ী আদেশাবলি কী?","99","Excellent","CLEAN","0","0"
"2703","source-file","ভূগোল, পরিবেশ ও দুর্যোগ ব্যবস্থাপনা","'ঘূর্ণিঝড় প্রস্তুতি কর্মসূচি' (CPP - Cyclone Preparedness Programme) কাদের যৌথ ","99","Excellent","CLEAN","0","0"
"2704","source-file","ভূগোল, পরিবেশ ও দুর্যোগ ব্যবস্থাপনা","দুর্যোগ ব্যবস্থাপনায় 'স্থিতিস্থাপকতা' (Resilience) বলতে কী বোঝায়?","99","Excellent","CLEAN","0","0"
"2705","source-file","ভূগোল, পরিবেশ ও দুর্যোগ ব্যবস্থাপনা","'ভূমিধস' (Landslide) দুর্যোগটি বাংলাদেশের কোন অঞ্চলে বেশি ঘটে?","99","Excellent","CLEAN","0","0"
"2706","source-file","ভূগোল, পরিবেশ ও দুর্যোগ ব্যবস্থাপনা","লবণাক্ততা বৃদ্ধি (Salinity intrusion) বাংলাদেশের কোন অঞ্চলের প্রধান পরিবেশগত দুর","99","Excellent","CLEAN","0","0"
"2707","source-file","ভূগোল, পরিবেশ ও দুর্যোগ ব্যবস্থাপনা","পরিবেশে কার্বন ডাই-অক্সাইড (CO2) শোষণ করে বৈশ্বিক উষ্ণতা রোধে সবচেয়ে বেশি ভূমিক","99","Excellent","CLEAN","0","0"
"2708","source-file","ভূগোল, পরিবেশ ও দুর্যোগ ব্যবস্থাপনা","বাংলাদেশের 'হাওর' অঞ্চল কোন ভৌগোলিক বৈশিষ্ট্যের জন্য পরিচিত?","99","Excellent","CLEAN","0","0"
"2709","source-file","ভূগোল, পরিবেশ ও দুর্যোগ ব্যবস্থাপনা","'টাঙ্গুয়ার হাওর' কোন জেলায় অবস্থিত?","99","Excellent","CLEAN","0","0"
"2710","source-file","ভূগোল, পরিবেশ ও দুর্যোগ ব্যবস্থাপনা","'হাকালুকি হাওর' কোথায় অবস্থিত?","99","Excellent","CLEAN","0","0"
"2711","source-file","ভূগোল, পরিবেশ ও দুর্যোগ ব্যবস্থাপনা","বাংলাদেশের বিলগুলোর মধ্যে সবচেয়ে বড় বিল কোনটি?","99","Excellent","CLEAN","0","0"
"2712","source-file","ভূগোল, পরিবেশ ও দুর্যোগ ব্যবস্থাপনা","বাংলাদেশের একমাত্র জলপ্রপাত 'মাধবকুণ্ড' কোন জেলায় অবস্থিত?","99","Excellent","CLEAN","0","0"
"2713","source-file","ভূগোল, পরিবেশ ও দুর্যোগ ব্যবস্থাপনা","'নাফ' নদী বাংলাদেশের কোন সীমান্তে অবস্থিত এবং কোন দেশের সাথে সীমানা নির্ধারণ করে","99","Excellent","CLEAN","0","0"
"2714","source-file","ভূগোল, পরিবেশ ও দুর্যোগ ব্যবস্থাপনা","'সাঙ্গু' নদী বাংলাদেশের কোন অঞ্চলে প্রবাহিত?","99","Excellent","CLEAN","0","0"
"2715","source-file","ভূগোল, পরিবেশ ও দুর্যোগ ব্যবস্থাপনা","'কর্নফুলী' নদীর উৎপত্তিস্থল কোথায়?","99","Excellent","CLEAN","0","0"
"2716","source-file","ভূগোল, পরিবেশ ও দুর্যোগ ব্যবস্থাপনা","বাংলাদেশের প্রধান সমুদ্রবন্দর চট্টগ্রাম বন্দর কোন নদীর তীরে অবস্থিত?","99","Excellent","CLEAN","0","0"
"2717","source-file","ভূগোল, পরিবেশ ও দুর্যোগ ব্যবস্থাপনা","বাংলাদেশের দ্বিতীয় সমুদ্রবন্দর মোংলা বন্দর কোন নদীর তীরে অবস্থিত?","99","Excellent","CLEAN","0","0"
"2718","source-file","ভূগোল, পরিবেশ ও দুর্যোগ ব্যবস্থাপনা","'পায়রা সমুদ্রবন্দর' কোন জেলায় অবস্থিত?","99","Excellent","CLEAN","0","0"
"2719","source-file","ভূগোল, পরিবেশ ও দুর্যোগ ব্যবস্থাপনা","বাংলাদেশের কোন নদীটি সরাসরি বঙ্গোপসাগরে পতিত হয়নি?","99","Excellent","CLEAN","0","0"
"2720","source-file","ভূগোল, পরিবেশ ও দুর্যোগ ব্যবস্থাপনা","'মাতামুহুরী' নদীর একটি বিশেষ ভৌগোলিক বৈশিষ্ট্য কী?","99","Excellent","CLEAN","0","0"
"2721","source-file","ভূগোল, পরিবেশ ও দুর্যোগ ব্যবস্থাপনা","বাংলাদেশের জলবায়ুকে সমভাবাপন্ন (Equable) বলা হয় কেন?","99","Excellent","CLEAN","0","0"
"2722","source-file","ভূগোল, পরিবেশ ও দুর্যোগ ব্যবস্থাপনা","'গ্রীষ্মকালীন মৌসুমি বায়ু' বা দক্ষিণ-পশ্চিম মৌসুমি বায়ু কোথা থেকে জলীয় বাষ্প ","99","Excellent","CLEAN","0","0"
"2723","source-file","ভূগোল, পরিবেশ ও দুর্যোগ ব্যবস্থাপনা","'শৈলোৎক্ষেপ বৃষ্টিপাত' (Orographic rainfall) বলতে কী বোঝায়?","99","Excellent","CLEAN","0","0"
"2724","source-file","ভূগোল, পরিবেশ ও দুর্যোগ ব্যবস্থাপনা","বাংলাদেশের কোন ঋতুকে 'প্রাক-মৌসুমি ঋতু' (Pre-monsoon season) বলা হয়?","99","Excellent","CLEAN","0","0"
"2725","source-file","ভূগোল, পরিবেশ ও দুর্যোগ ব্যবস্থাপনা","'মৌসুমি বায়ুর প্রত্যাবর্তন' (Retreating Monsoon) কাল বলতে কোন সময়কে বোঝায়?","99","Excellent","CLEAN","0","0"
"2726","source-file","ভূগোল, পরিবেশ ও দুর্যোগ ব্যবস্থাপনা","বাংলাদেশের বার্ষিক গড় বৃষ্টিপাত প্রায় কত মিলিমিটার?","99","Excellent","CLEAN","0","0"
"2727","source-file","ভূগোল, পরিবেশ ও দুর্যোগ ব্যবস্থাপনা","পৃথিবীর ভূতক (Crust) প্রধানত কোন উপাদানগুলো দ্বারা গঠিত?","99","Excellent","CLEAN","0","0"
"2728","source-file","ভূগোল, পরিবেশ ও দুর্যোগ ব্যবস্থাপনা","পৃথিবীর কেন্দ্রস্থলের স্তরটিকে কী বলা হয়?","99","Excellent","CLEAN","0","0"
"2729","source-file","ভূগোল, পরিবেশ ও দুর্যোগ ব্যবস্থাপনা","পৃথিবীর ভূত্বকীয় প্লেটগুলো (Tectonic Plates) যে ভাসমান ও উত্তপ্ত আধা-তরল স্তরের","99","Excellent","CLEAN","0","0"
"2730","source-file","ভূগোল, পরিবেশ ও দুর্যোগ ব্যবস্থাপনা","প্লেট টেকটোনিক্স (Plate Tectonics) তত্ত্ব অনুসারে, ভূমিকম্প ও আগ্নেয়গিরির অগ্ন্","99","Excellent","CLEAN","0","0"
"2731","source-file","ভূগোল, পরিবেশ ও দুর্যোগ ব্যবস্থাপনা","'প্যাঞ্জিয়া' (Pangea) কী?","99","Excellent","CLEAN","0","0"
"2732","source-file","ভূগোল, পরিবেশ ও দুর্যোগ ব্যবস্থাপনা","হিমালয় পর্বতমালা কোন ধরনের পর্বতের উদাহরণ?","99","Excellent","CLEAN","0","0"
"2733","source-file","ভূগোল, পরিবেশ ও দুর্যোগ ব্যবস্থাপনা","'রিং অব ফায়ার' (Ring of Fire) কোন মহাসাগরকে বেষ্টন করে রয়েছে?","99","Excellent","CLEAN","0","0"
"2734","source-file","ভূগোল, পরিবেশ ও দুর্যোগ ব্যবস্থাপনা","মারিয়ানা ট্রেঞ্চ (Mariana Trench) কী এবং এটি কোথায় অবস্থিত?","99","Excellent","CLEAN","0","0"
"2735","source-file","ভূগোল, পরিবেশ ও দুর্যোগ ব্যবস্থাপনা","গ্রিনল্যান্ড (Greenland) দ্বীপটি ভৌগোলিকভাবে কোন মহাদেশের অন্তর্গত?","99","Excellent","CLEAN","0","0"
"2736","source-file","ভূগোল, পরিবেশ ও দুর্যোগ ব্যবস্থাপনা","পৃথিবীর বৃহত্তম মরুভূমি কোনটি?","99","Excellent","CLEAN","0","0"
"2737","source-file","ভূগোল, পরিবেশ ও দুর্যোগ ব্যবস্থাপনা","'গ্রেট ব্যারিয়ার রিফ' (Great Barrier Reef) পৃথিবীর বৃহত্তম প্রবাল প্রাচীর, এটি ","99","Excellent","CLEAN","0","0"
"2738","source-file","ভূগোল, পরিবেশ ও দুর্যোগ ব্যবস্থাপনা","আমাজন রেইনফরেস্ট (Amazon Rainforest) মূলত কোন মহাদেশে অবস্থিত?","99","Excellent","CLEAN","0","0"
"2739","source-file","ভূগোল, পরিবেশ ও দুর্যোগ ব্যবস্থাপনা","লোহিত সাগর (Red Sea) এবং ভূমধ্যসাগরকে (Mediterranean Sea) যুক্ত করেছে কোন মানবসৃ","99","Excellent","CLEAN","0","0"
"2740","source-file","ভূগোল, পরিবেশ ও দুর্যোগ ব্যবস্থাপনা","পানামা খাল (Panama Canal) কোন দুটি মহাসাগরকে যুক্ত করেছে?","99","Excellent","CLEAN","0","0"
"2741","source-file","ভূগোল, পরিবেশ ও দুর্যোগ ব্যবস্থাপনা","জিব্রাল্টার প্রণালি (Strait of Gibraltar) কোন দুটি মহাদেশকে পৃথক করেছে?","99","Excellent","CLEAN","0","0"
"2742","source-file","ভূগোল, পরিবেশ ও দুর্যোগ ব্যবস্থাপনা","'বসফরাস প্রণালি' (Bosphorus Strait) কোন দুটি সাগরকে যুক্ত করেছে?","99","Excellent","CLEAN","0","0"
"2743","source-file","ভূগোল, পরিবেশ ও দুর্যোগ ব্যবস্থাপনা","পৃথিবীর বৃহত্তম মিঠা পানির (Freshwater) হ্রদ কোনটি?","99","Excellent","CLEAN","0","0"
"2744","source-file","ভূগোল, পরিবেশ ও দুর্যোগ ব্যবস্থাপনা","কাস্পিয়ান সাগর (Caspian Sea) মূলত কী?","99","Excellent","CLEAN","0","0"
"2745","source-file","ভূগোল, পরিবেশ ও দুর্যোগ ব্যবস্থাপনা","নীল নদ (Nile River) কোন মহাদেশে অবস্থিত এবং এটি কোন সাগরে পতিত হয়েছে?","99","Excellent","CLEAN","0","0"
"2746","source-file","ভূগোল, পরিবেশ ও দুর্যোগ ব্যবস্থাপনা","পৃথিবীর আয়তনের দিক থেকে বৃহত্তম দেশ কোনটি?","99","Excellent","CLEAN","0","0"
"2747","source-file","ভূগোল, পরিবেশ ও দুর্যোগ ব্যবস্থাপনা","জলবায়ুর পরিবর্তনের কারণে 'মরু বিস্তৃতি' বা ডেজার্টিফিকেশন (Desertification) সবচ","99","Excellent","CLEAN","0","0"
"2748","source-file","ভূগোল, পরিবেশ ও দুর্যোগ ব্যবস্থাপনা","'কিয়োটো প্রটোকল' (Kyoto Protocol) এর মেয়াদ কত সালে শেষ হয়েছে?","99","Excellent","CLEAN","0","0"
"2749","source-file","ভূগোল, পরিবেশ ও দুর্যোগ ব্যবস্থাপনা","'কপ' (COP - Conference of the Parties) বলতে জলবায়ু কূটনীতিতে কী বোঝায়?","99","Excellent","CLEAN","0","0"
"2750","source-file","ভূগোল, পরিবেশ ও দুর্যোগ ব্যবস্থাপনা","'ক্লাইমেট ভালনারেবিলিটি ইনডেক্স' বা জলবায়ু ঝুঁকি সূচক অনুযায়ী পৃথিবীর সবচেয়ে ","99","Excellent","CLEAN","0","0"
"2751","source-file","ভূগোল, পরিবেশ ও দুর্যোগ ব্যবস্থাপনা","জলবায়ু পরিবর্তনের ফলে সমুদ্রপৃষ্ঠের উচ্চতা (Sea Level Rise) মাত্র ১ মিটার বৃদ্ধ","99","Excellent","CLEAN","0","0"
"2752","source-file","ভূগোল, পরিবেশ ও দুর্যোগ ব্যবস্থাপনা","'জলবায়ু উদ্বাস্তু' (Climate Refugee) বলতে কাদের বোঝায়?","99","Excellent","CLEAN","0","0"
"2753","source-file","ভূগোল, পরিবেশ ও দুর্যোগ ব্যবস্থাপনা","বাংলাদেশের উপকূলে 'লবণাক্ততা বৃদ্ধি' (Salinity Intrusion) এর ফলে কৃষি খাতে কী নে","99","Excellent","CLEAN","0","0"
"2754","source-file","ভূগোল, পরিবেশ ও দুর্যোগ ব্যবস্থাপনা","'ক্লিন ডেভেলপমেন্ট মেকানিজম' (CDM) কোন চুক্তির অধীনে প্রস্তাবিত একটি পদ্ধতি?","99","Excellent","CLEAN","0","0"
"2755","source-file","ভূগোল, পরিবেশ ও দুর্যোগ ব্যবস্থাপনা","গ্রিন ক্লাইমেট ফান্ড (GCF - Green Climate Fund) কী?","99","Excellent","CLEAN","0","0"
"2756","source-file","ভূগোল, পরিবেশ ও দুর্যোগ ব্যবস্থাপনা","'মিটিগেশন' (Mitigation) এবং 'অ্যাডাপটেশন' (Adaptation)-এর মধ্যে জলবায়ু পরিবর্তন","99","Excellent","CLEAN","0","0"
"2757","source-file","ভূগোল, পরিবেশ ও দুর্যোগ ব্যবস্থাপনা","বাংলাদেশের 'বদ্বীপ পরিকল্পনা ২১০০' (Delta Plan 2100) এর মূল উদ্দেশ্য কী?","99","Excellent","CLEAN","0","0"
"2758","source-file","ভূগোল, পরিবেশ ও দুর্যোগ ব্যবস্থাপনা","'মুজিব ক্লাইমেট প্রসপারিটি প্ল্যান' (Mujib Climate Prosperity Plan) এর মূল লক্ষ্","99","Excellent","CLEAN","0","0"
"2759","source-file","ভূগোল, পরিবেশ ও দুর্যোগ ব্যবস্থাপনা","'কার্বন পদচিহ্ন' বা Carbon Footprint বলতে কী বোঝায়?","99","Excellent","CLEAN","0","0"
"2760","source-file","ভূগোল, পরিবেশ ও দুর্যোগ ব্যবস্থাপনা","'বাসেল কনভেনশন' (Basel Convention) কীসের সাথে সম্পর্কিত?","99","Excellent","CLEAN","0","0"
"2761","source-file","ভূগোল, পরিবেশ ও দুর্যোগ ব্যবস্থাপনা","'মিনামাটা কনভেনশন' (Minamata Convention) কোন বিষাক্ত পদার্থের ব্যবহার ও দূষণ নিয","99","Excellent","CLEAN","0","0"
"2762","source-file","ভূগোল, পরিবেশ ও দুর্যোগ ব্যবস্থাপনা","'স্টকহোম কনভেনশন' (Stockholm Convention) কিসের সাথে সম্পর্কিত?","99","Excellent","CLEAN","0","0"
"2763","source-file","ভূগোল, পরিবেশ ও দুর্যোগ ব্যবস্থাপনা","'বায়োডাইভার্সিটি' (Biodiversity) বা জীববৈচিত্র্য রক্ষায় 'কনভেনশন অন বায়োলজিক্","99","Excellent","CLEAN","0","0"
"2764","source-file","ভূগোল, পরিবেশ ও দুর্যোগ ব্যবস্থাপনা","'রেড ডাটা বুক' (Red Data Book) বা রেড লিস্ট প্রকাশ করে কোন আন্তর্জাতিক সংস্থা এব","99","Excellent","CLEAN","0","0"
"2765","source-file","ভূগোল, পরিবেশ ও দুর্যোগ ব্যবস্থাপনা","'সুন্দরবন' কে বিশ্ব ঐতিহ্যবাহী স্থান (World Heritage Site) হিসেবে কবে ঘোষণা করা ","99","Excellent","CLEAN","0","0"
"2766","source-file","ভূগোল, পরিবেশ ও দুর্যোগ ব্যবস্থাপনা","বাংলাদেশের কোন আইনটির মাধ্যমে পরিবেশ দূষণ রোধ ও পরিবেশ সংরক্ষণ নিশ্চিত করা হয়?","99","Excellent","CLEAN","0","0"
"2767","source-file","ভূগোল, পরিবেশ ও দুর্যোগ ব্যবস্থাপনা","'ECA' (Ecologically Critical Area) বা পরিবেশগত সংকটাপন্ন এলাকা বলতে কী বোঝায়?","99","Excellent","CLEAN","0","0"
"2768","source-file","ভূগোল, পরিবেশ ও দুর্যোগ ব্যবস্থাপনা","দুর্যোগ ব্যবস্থাপনায় 'আগাম সতর্কবার্তা' (Early Warning System) ব্যবস্থার সবচেয়","99","Excellent","CLEAN","0","0"
"2769","source-file","ভূগোল, পরিবেশ ও দুর্যোগ ব্যবস্থাপনা","দুর্যোগে সবচেয়ে বেশি ক্ষতিগ্রস্ত বা 'Vulnerable' (ঝুঁকিপূর্ণ) গোষ্ঠী কারা?","99","Excellent","CLEAN","0","0"
"2770","source-file","ভূগোল, পরিবেশ ও দুর্যোগ ব্যবস্থাপনা","'দুর্যোগ পরবর্তী পুনর্বাসন' (Post-disaster Rehabilitation) পর্যায়ের একটি প্রধান","99","Excellent","CLEAN","0","0"
"2771","source-file","ভূগোল, পরিবেশ ও দুর্যোগ ব্যবস্থাপনা","বাংলাদেশে 'ঘূর্ণিঝড় আশ্রয়কেন্দ্র' (Cyclone Shelter) নির্মাণের নকশায় কোন বিষয়","99","Excellent","CLEAN","0","0"
"2772","source-file","ভূগোল, পরিবেশ ও দুর্যোগ ব্যবস্থাপনা","ভূমিকম্পের সময় আত্মরক্ষার প্রাথমিক নিয়ম কোনটি (Drop, Cover, Hold on)?","99","Excellent","CLEAN","0","0"
"2773","source-file","ভূগোল, পরিবেশ ও দুর্যোগ ব্যবস্থাপনা","'ভবন নির্মাণ বিধিমালা' বা Building Code (BNBC) মানা ভূমিকম্প প্রশমনে কেন অত্যাবশ","99","Excellent","CLEAN","0","0"
"2774","source-file","ভূগোল, পরিবেশ ও দুর্যোগ ব্যবস্থাপনা","খরার (Drought) দীর্ঘমেয়াদি প্রশমন বা অভিযোজন (Adaptation) কৌশল কোনটি?","99","Excellent","CLEAN","0","0"
"2775","source-file","ভূগোল, পরিবেশ ও দুর্যোগ ব্যবস্থাপনা","'নদী খনন' বা ড্রেজিং (Dredging) কেন বন্যা প্রশমনে গুরুত্বপূর্ণ?","99","Excellent","CLEAN","0","0"
"2776","source-file","ভূগোল, পরিবেশ ও দুর্যোগ ব্যবস্থাপনা","'ম্যানগ্রোভ বনায়ন' বা উপকূলীয় সবুজ বেষ্টনী (Green Belt) জলোচ্ছ্বাস প্রশমনে কীভ","99","Excellent","CLEAN","0","0"
"2777","source-file","ভূগোল, পরিবেশ ও দুর্যোগ ব্যবস্থাপনা","দুর্যোগ ব্যবস্থাপনায় 'কমিউনিটি রেডিও' (Community Radio) বা স্থানীয় রেডিওর ভূমি","99","Excellent","CLEAN","0","0"
"2778","source-file","ভূগোল, পরিবেশ ও দুর্যোগ ব্যবস্থাপনা","'জিওআইএস' বা GIS (Geographic Information System) প্রযুক্তি দুর্যোগ ব্যবস্থাপনায়","99","Excellent","CLEAN","0","0"
"2779","source-file","ভূগোল, পরিবেশ ও দুর্যোগ ব্যবস্থাপনা","'বজ্রপাত' (Lightning) থেকে বাঁচতে খোলা মাঠে থাকলে কী করা উচিত?","99","Excellent","CLEAN","0","0"
"2780","source-file","ভূগোল, পরিবেশ ও দুর্যোগ ব্যবস্থাপনা","'শৈত্যপ্রবাহ' (Cold Wave) বাংলাদেশের কোন দুর্যোগের আওতায় পড়ে?","99","Excellent","CLEAN","0","0"
"2781","source-file","ভূগোল, পরিবেশ ও দুর্যোগ ব্যবস্থাপনা","'তাপদাহ' বা হিটওয়েভ (Heat Wave) প্রশমনে দীর্ঘমেয়াদি পদক্ষেপ কোনটি?","99","Excellent","CLEAN","0","0"
"2782","source-file","ভূগোল, পরিবেশ ও দুর্যোগ ব্যবস্থাপনা","'ভূমিকম্পের উপকেন্দ্র' বা এপিসেন্টার (Epicenter) বলতে কী বোঝায়?","99","Excellent","CLEAN","0","0"
"2783","source-file","ভূগোল, পরিবেশ ও দুর্যোগ ব্যবস্থাপনা","'সুনামি' তৈরি হলে সমুদ্রে কী পরিবর্তন দেখা যায়?","99","Excellent","CLEAN","0","0"
"2784","source-file","ভূগোল, পরিবেশ ও দুর্যোগ ব্যবস্থাপনা","দুর্যোগে 'প্রাথমিক চিকিৎসা' বা ফার্স্ট এইড (First Aid) জানা কেন জরুরি?","99","Excellent","CLEAN","0","0"
"2785","source-file","ভূগোল, পরিবেশ ও দুর্যোগ ব্যবস্থাপনা","'দুর্যোগের মহড়া' বা মক ড্রিল (Mock Drill) করার মূল উদ্দেশ্য কী?","99","Excellent","CLEAN","0","0"
"2786","source-file","ভূগোল, পরিবেশ ও দুর্যোগ ব্যবস্থাপনা","'অগ্নিকাণ্ড' (Fire Disaster) প্রধানত কোন ধরনের দুর্যোগ?","99","Excellent","CLEAN","0","0"
"2787","source-file","ভূগোল, পরিবেশ ও দুর্যোগ ব্যবস্থাপনা","রাসায়নিক কারখানায় বা গুদামে আগুন লাগলে পানি ব্যবহার করা উচিত নয় কেন?","99","Excellent","CLEAN","0","0"
"2788","source-file","ভূগোল, পরিবেশ ও দুর্যোগ ব্যবস্থাপনা","'প্লাস্টিক দূষণ' (Plastic Pollution) বর্তমান বিশ্বের অন্যতম পরিবেশগত বিপর্যয়। এ","99","Excellent","CLEAN","0","0"
"2789","source-file","ভূগোল, পরিবেশ ও দুর্যোগ ব্যবস্থাপনা","'ই-বর্জ্য' (E-waste) বা ইলেকট্রনিক বর্জ্য কীভাবে পরিবেশের ক্ষতি করে?","99","Excellent","CLEAN","0","0"
"2790","source-file","ভূগোল, পরিবেশ ও দুর্যোগ ব্যবস্থাপনা","'শব্দ দূষণ' (Noise Pollution) মানুষের কী ধরনের স্বাস্থ্যগত ক্ষতি করে?","99","Excellent","CLEAN","0","0"
"2791","source-file","ভূগোল, পরিবেশ ও দুর্যোগ ব্যবস্থাপনা","'বায়ু দূষণ' এর ফলে সৃষ্ট ধোঁয়াশা বা স্মগ (Smog) বলতে কী বোঝায়?","99","Excellent","CLEAN","0","0"
"2792","source-file","ভূগোল, পরিবেশ ও দুর্যোগ ব্যবস্থাপনা","'নবায়নযোগ্য জ্বালানি' (Renewable Energy) ব্যবহারের প্রধান সুবিধা কী?","99","Excellent","CLEAN","0","0"
"2793","source-file","ভূগোল, পরিবেশ ও দুর্যোগ ব্যবস্থাপনা","'হিমবাহ' বা গ্লেসিয়ার (Glacier) গলে যাওয়ার ফলে নদীর প্রবাহে দীর্ঘমেয়াদে কী প্","99","Excellent","CLEAN","0","0"
"2794","source-file","ভূগোল, পরিবেশ ও দুর্যোগ ব্যবস্থাপনা","বাংলাদেশে 'উপকূলীয় সবুজ বেষ্টনী প্রকল্প' (Coastal Green Belt Project) কবে শুরু ","99","Excellent","CLEAN","0","0"
"2795","source-file","ভূগোল, পরিবেশ ও দুর্যোগ ব্যবস্থাপনা","'সেন্টমার্টিন' দ্বীপকে কেন 'পরিবেশগত সংকটাপন্ন এলাকা' (ECA) ঘোষণা করা হয়েছে?","99","Excellent","CLEAN","0","0"
"2796","source-file","ভূগোল, পরিবেশ ও দুর্যোগ ব্যবস্থাপনা","'হালদা নদী' দূষণের প্রধান কারণ কী, যা মৎস্য প্রজননকে বাধাগ্রস্ত করছে?","99","Excellent","CLEAN","0","0"
"2797","source-file","ভূগোল, পরিবেশ ও দুর্যোগ ব্যবস্থাপনা","'জীববৈচিত্র্য হটস্পট' (Biodiversity Hotspot) বলতে কী বোঝায়?","99","Excellent","CLEAN","0","0"
"2798","source-file","ভূগোল, পরিবেশ ও দুর্যোগ ব্যবস্থাপনা","'বন্যা নিয়ন্ত্রণ' ও পানি ব্যবস্থাপনার জন্য বাংলাদেশে সর্বপ্রথম কোন প্রতিষ্ঠান গ","99","Excellent","CLEAN","0","0"
"2799","source-file","ভূগোল, পরিবেশ ও দুর্যোগ ব্যবস্থাপনা","'ক্রুগ মিশন' (Krug Mission) মূলত কোন দুর্যোগের পর বাংলাদেশে (তৎকালীন পূর্ব পাকিস","99","Excellent","CLEAN","0","0"
"2800","source-file","ভূগোল, পরিবেশ ও দুর্যোগ ব্যবস্থাপনা","'ক্লাইমেট ফান্ডিং' বা জলবায়ু তহবিলের অর্থ কোন দুটি মূল খাতে ব্যয় করা উচিত?","99","Excellent","CLEAN","0","0"
"2801","source-file","ভূগোল, পরিবেশ ও দুর্যোগ ব্যবস্থাপনা","'সার্ক দুর্যোগ ব্যবস্থাপনা কেন্দ্র' (SAARC Disaster Management Centre - SDMC) কো","99","Excellent","CLEAN","0","0"
"2802","source-file","ভূগোল, পরিবেশ ও দুর্যোগ ব্যবস্থাপনা","'সিভিয়ার সাইক্লোনিক স্টর্ম' (Severe Cyclonic Storm) বলতে ঘূর্ণিঝড়ের বাতাসের গত","99","Excellent","CLEAN","0","0"
"2803","source-file","ভূগোল, পরিবেশ ও দুর্যোগ ব্যবস্থাপনা","'ফায়ার রিং' বা রিং অব ফায়ারে অবস্থিত দেশগুলোর বাড়িঘর সাধারণত কোন উপাদান দিয়ে","99","Excellent","CLEAN","0","0"
"2804","source-file","ভূগোল, পরিবেশ ও দুর্যোগ ব্যবস্থাপনা","'সমুদ্রপৃষ্ঠের উচ্চতা বৃদ্ধি' মাপার জন্য কোন প্রযুক্তি সবচেয়ে বেশি কার্যকর?","99","Excellent","CLEAN","0","0"
"2805","source-file","ভূগোল, পরিবেশ ও দুর্যোগ ব্যবস্থাপনা","'কার্বন কর' বা Carbon Tax কী?","99","Excellent","CLEAN","0","0"
"2806","source-file","ভূগোল, পরিবেশ ও দুর্যোগ ব্যবস্থাপনা","বাংলাদেশে পরিবেশগত ছাড়পত্র বা 'Environment Clearance Certificate' প্রদান করে কো","99","Excellent","CLEAN","0","0"
"2807","source-file","ভূগোল, পরিবেশ ও দুর্যোগ ব্যবস্থাপনা","'টেকসই উন্নয়ন' (Sustainable Development) ধারণার মূল প্রবক্তা বা এই ধারণাকে বিশ্","99","Excellent","CLEAN","0","0"
"2808","source-file","বাংলা ভাষা ও সাহিত্য","ব্যাখ্যা: তারাশন্কর বন্দ্যোপাধ্যায়ের 'কবি' উপন্যাসে বেদে ও ডোম সম্প্রদায়ের জীব","94","Good","CLEAN","1","0"
"2809","source-file","বাংলা ভাষা ও সাহিত্য","ব্যাখ্যা: বর্ণের মাত্রার উপরের আহশকে চৈতন বা উষ্ভীষ বলা হয়। . বাংলা পুঁথি সাহিত","94","Good","CLEAN","1","0"
"2810","source-file","বাংলা ভাষা ও সাহিত্য","কোনটি কাজী নজরুল ইসলামের প্রবন্ধ গ্রন্থঃ","99","Excellent","CLEAN","0","0"
"2811","source-file","বাংলা ভাষা ও সাহিত্য","জসীমউদ্দিনের 'কবর' কবিতাটি কোন্‌ পত্রিকায় প্রথম প্রকাশিত হয়ঃ","94","Good","CLEAN","1","0"
"2812","source-file","বাংলা ভাষা ও সাহিত্য","ব্যাখ্যা: জসীমউদ্দীনের বিখ্যাত 'কবর' কবিতাটি কল্লোল পত্রিকায় প্রথম প্রকাশিত হয়","99","Excellent","CLEAN","0","0"
"2813","source-file","বাংলাদেশ বিষয়াবলি","স্বরসঙ্গতি বলে (যেমন: দেশি-দিশি)। ১৬.""ফিকা কমলা রৎ'- এখানে ফিকা আর্থকী?","98","Excellent","CLEAN","0","0"
"2814","source-file","বাংলাদেশ বিষয়াবলি","ব্যাখ্যা: প্রশ্নে টাইপ ক্রটি থাকতে পারে। তবে 'প্রমাণ, অঙ্গন, দর্পণ' সঠিক বানান গ","93","Good","CLEAN","1","0"
"2815","source-file","বাংলাদেশ বিষয়াবলি","ব্যাখ্যা: 'রাজপথ'-এর ব্যাসবাক্য'পথের রাজা', অর্থাৎ প্রধান বা বড পথ। ২১.১৩এ০ বঙ্গ","98","Excellent","CLEAN","0","0"
"2816","source-file","বাংলাদেশ বিষয়াবলি","কোন্বানানটি শুদ্ধ?","98","Excellent","CLEAN","0","0"
"2817","source-file","বাংলাদেশ বিষয়াবলি","কোন সংস্থা বাংলাদেশের 207 হিসাব করে?","98","Excellent","CLEAN","0","0"
"2818","source-file","বাংলা ভাষা ও সাহিত্য","মধুসুদন দত্তের পুর্ববর্তী গুরুত্বপূর্ণ কাবি কে?","98","Excellent","CLEAN","0","0"
"2819","source-file","বাংলা ভাষা ও সাহিত্য","ব্যাখ্যা: 'সংগীত' থেকে 'গীতিকা' কোনো ধ্বনি পরিবর্তনের নিয়মে গঠিত তপশনগুলো (ক্রন","98","Excellent","CLEAN","0","0"
"2820","source-file","বাংলাদেশ বিষয়াবলি","কোন শব্দটি প্রত্যয়যোগে গঠিত?","98","Excellent","CLEAN","0","0"
"2821","source-file","বাংলাদেশ বিষয়াবলি","'ঘৃগয়া' শব্দের মৃগ বলতে কি বোঝানো হয়?","98","Excellent","AUTO","0","1"
"2822","source-file","বাংলাদেশ বিষয়াবলি","কোন শব্দটি বিসর্গসন্ধির মাধ্যমে গঠিত?","98","Excellent","CLEAN","0","0"
"2823","source-file","বাংলাদেশ বিষয়াবলি","ধ্বনি ও বর্ণের পার্থক্য কোথায়?","98","Excellent","CLEAN","0","0"
"2824","source-file","বাংলাদেশ বিষয়াবলি","ফররুখ আহমদের গ্রন্থ কোনটি","93","Good","CLEAN","1","0"
"2825","source-file","বাংলা ভাষা ও সাহিত্য","ফররুখ আহমদের 'সাত সাগরের মাঝি' কত সালে প্রকাশিত হয়?","93","Good","CLEAN","1","0"
"2826","source-file","বাংলা ভাষা ও সাহিত্য","ব্যাখ্যা: 'কৌমুদী' শব্দের অর্থ টাদের আলো বা জ্যোৎক্সা। যেহেতু কুমুদ বা শাপলা ফুল","98","Excellent","CLEAN","0","0"
"2827","source-file","বাংলা ভাষা ও সাহিত্য","প্রত্যয়যোগে গঠিত-ব্দ কোনটি?","93","Good","AUTO","1","1"
"2828","source-file","বাংলা ভাষা ও সাহিত্য","ব্যাখ্যা: আক্ষর (51901) হলো নিঃশ্বাসের এক ঝৌকে উচ্চারিত ধ্বনিগুচ্ছ। 'আন্তুক্তিমূ","93","Good","CLEAN","1","0"
"2829","source-file","বাংলা ভাষা ও সাহিত্য","ব্যাখ্যা: 'সারা' এবং 'ব্যাপী' দুটি শব্দই সমগ্র বা পুরো আর্থ প্রকাশ করে, তাই একসা","93","Good","CLEAN","1","0"
"2830","source-file","বাংলা ভাষা ও সাহিত্য","ব্যাখ্যা: বাংলা সাহিত্যের মধ্যযুগের মুসলমান কবি শাহ মুহম্মদ সগীর পঞ্চদশ শতকে 'ইউ","93","Good","CLEAN","1","0"
"2831","source-file","বাংলাদেশ বিষয়াবলি","বাক্যের তান্তর্গত শব্দের পারস্পরিক সম্পর্ক ব্যাকরণের কোন আশে ত্যালোচিত হয়?","98","Excellent","CLEAN","0","0"
"2832","source-file","বাংলাদেশ বিষয়াবলি","কোনটি বিশেষণ?","93","Good","CLEAN","1","0"
"2833","source-file","বাংলাদেশ বিষয়াবলি","ব্যাখ্যা: যে পদ অন্য পদের দোষ, গুণ, আবস্থা, সংখ্যা, পরিমাণ ইত্যাদি প্রকাশ করে তা","98","Excellent","CLEAN","0","0"
"2834","source-file","বাংলাদেশ বিষয়াবলি","শ্রীকৃষ্ণকীর্তন' কাব্যের প্রথন খণ্ডের নান কী?","93","Good","CLEAN","1","0"
"2835","source-file","বাংলা ভাষা ও সাহিত্য","লুই ভণই গুরু পুছিত্ম জান।'- এখানে 'ভণই'শব্দের আর্থকী?","99","Excellent","CLEAN","0","0"
"2836","source-file","বাংলা ভাষা ও সাহিত্য","মনোয়েল দ্যা আসসুম্প্সীও আভিধান প্রকাশের আগে কত বছর ধরে শব্দ সংগ্রহ করেনঃ","94","Good","CLEAN","1","0"
"2837","source-file","বাংলা ভাষা ও সাহিত্য","ব্যাখ্যা: মনোএল ভাওয়ালের একটি গির্জায় ধর্মযাজকের দায়িত্ব পালনকালে ১৭৩৪-৪২ খ্র","99","Excellent","AUTO","0","1"
"2838","source-file","বাংলাদেশ বিষয়াবলি","বহয়ের অনুবাদ","98","Excellent","CLEAN","0","0"
"2839","source-file","বাংলাদেশ বিষয়াবলি","হলে অশুদ্ধ নয়। এটি 'একই মতামত"" বা“""মতৈক্য' বোঝায়। ১২.১৯৩৬ সালে কলিকাতা বিশ্ববি","98","Excellent","AUTO","0","1"
"2840","source-file","বাংলাদেশ বিষয়াবলি","তভিধানে ::২, :৪,:,- এই বর্ণশুলোর ত্যবস্থান কোথায়?","98","Excellent","CLEAN","0","0"
"2841","source-file","বাংলাদেশ বিষয়াবলি","ব্যাখ্যা: ফোর্ট উইলিয়াম কলেজ পর্বে (৮০১-১৮১) রচিত বাংলা গদ্যপুস্তকগুলোর অধিকাৎশ","98","Excellent","AUTO","0","1"
"2842","source-file","বাংলাদেশ বিষয়াবলি","'বিরাট গরু-ছাগলের হাট' - ব্যানারে লেখা এই শিরোনামকে অপপ্রয়োগ বলা যায়না কেন?","93","Good","CLEAN","1","0"
"2843","source-file","বাংলাদেশ বিষয়াবলি","ব্যাখ্যা: এখানে ""বিরাট' বিশেষণটি 'হাট' বিশেষ্যকে বিশেষিত করছে। আর্থাথ হাটটি বিরা","98","Excellent","AUTO","0","1"
"2844","source-file","বাংলাদেশ বিষয়াবলি","'নিত্য তোমার যে ফুল ফোটে ফুলবনে'-এখানে 'নিত্য' শব্দের প্রতিশব্দ কোনটি?","98","Excellent","CLEAN","0","0"
"2845","source-file","বাংলাদেশ বিষয়াবলি","একটি গুণোত্তর ধারার প্রথম ও দ্বিতীয় পদ যথাক্রমে ২৭ এব ৯, তাহলে ধারাটির দশম পদ ক","98","Excellent","CLEAN","0","0"
"2846","source-file","বাংলাদেশ বিষয়াবলি","ব্যাখ্যা: বৃতস্থ বর্গের কণই বৃত্তের ব্যাস। কর্ণ-২৮২ ব্যাসার্ঘ'-২/২/২-২। ক্ষেত্রফ","98","Excellent","CLEAN","0","0"
"2847","source-file","বাংলাদেশ বিষয়াবলি","একটি ব্যাগে ২টি লাল, ওটি সবুজ এব ২টি নীল বল তআছে। ঘদি দৈবভাবে ২টি বল নেওয়া হয়,","98","Excellent","CLEAN","0","0"
"2848","source-file","মানসিক দক্ষতা","ব্যাখ্যা: কোডটি প্রাতিটি আক্ষরের পুর্ববর্তী অক্ষর দ্বারা তৈরি। $-১-/, ৪-১-%, ০0-","98","Excellent","CLEAN","0","0"
"2849","source-file","মানসিক দক্ষতা","পৃথিবীর কন্ষপথের বিভিন্ন বিন্দু থেকে দেখলে কোন ঘটনার কারণে একটি নক্ষত্রের অবস্থা","98","Excellent","CLEAN","0","0"
"2850","source-file","বাংলাদেশ বিষয়াবলি","পাহাডপুরের 'সোমপুর মহাবিহার' বাংলার কোন শাসন আমলের স্থাপত্য কীতিরনিদর্শনঃ","98","Excellent","CLEAN","0","0"
"2851","source-file","বাংলাদেশ বিষয়াবলি","বাহলার প্রাচীন জনপথ হরিকেল-এর বর্তমান নাম কী?","93","Good","CLEAN","1","0"
"2852","source-file","বাংলাদেশ বিষয়াবলি","ব্যাখ্যা: প্রাচীন পুর্ববঙ্গের জনপদ হরিকেল আধুনিক সিলেট, চট্টগ্রাম ও পার্বত্য চট্","98","Excellent","CLEAN","0","0"
"2853","source-file","বাংলাদেশ বিষয়াবলি","ব্যাখ্যা: সাওগ্রাই মারমা সম্প্রদায়ের প্রধান সানাজিক ও ধর্মীয় উৎসব। এটি বাংলা ন","93","Good","CLEAN","1","0"
"2854","source-file","বাংলাদেশ বিষয়াবলি","একজন মহিলা বলছেন, 'ত্যাপনি যদি আমার নিজের বয়সকে উল্টে দেন তাহলে তা আমার স্বামীর","98","Excellent","CLEAN","0","0"
"2855","source-file","বাংলাদেশ বিষয়াবলি","একটি কম্পিউটার নেটওয়ার্কে একটি 1ঞাখএর একাধিক ডিভাইসকে একটি ॥॥/$-এর সাথে সংযুক্ত","98","Excellent","CLEAN","0","0"
"2856","source-file","বাংলাদেশ বিষয়াবলি","চিকিতসা ক্ষেত্রে কম্পিউটার-এর কাজ কোনটি?","93","Good","CLEAN","1","0"
"2857","source-file","মানসিক দক্ষতা","কোন সহখ্যাটি পরে আসবে? ৮, ৪, ২, ১, ১/২, ১/৪,2","92","Good","CLEAN","1","0"
"2858","source-file","মানসিক দক্ষতা","মনে কর প্রথম দুটি উক্তি সত্য। তবে শেষের উক্তিটি- [উক্তি: সকল মাছ পানিতে ভাসে। রু","98","Excellent","CLEAN","0","0"
"2859","source-file","মানসিক দক্ষতা","কোন সংখ্যাটি নিম্নের শ্রেণিতে সবচাইতে স্বল্প পরিলাণ উপস্থাপন করে?","98","Excellent","CLEAN","0","0"
"2860","source-file","মানসিক দক্ষতা","যখন প্রতি ফুট দড়ি ১০ টাকায় বিক্রি হয়, তখন ৬০ টাকায় তুমি কত ফুট দড়ি ক্রয় কর","98","Excellent","CLEAN","0","0"
"2861","source-file","বাংলাদেশ বিষয়াবলি","ব্যাখ্যা: ধারাঢর পদগুলোর মধ্যে পার্থক্য ক্রমান্বয়ে বাড়ছে: +১, +২, +৩, +81 পরবর","98","Excellent","CLEAN","0","0"
"2862","source-file","বাংলাদেশ বিষয়াবলি","যদিচ%+5-৪২হয়তবে1*ট-?","92","Good","CLEAN","1","0"
"2863","source-file","বাংলাদেশ বিষয়াবলি","একটি ট্রেন ১/৩ সেকেন্ডে চলে ২০ ফুট। একই দ্রুততায় ট্রেনটি ও সেকেন্ডে কত ফুট চলবে","98","Excellent","CLEAN","0","0"
"2864","source-file","বাংলাদেশ বিষয়াবলি","যাদের বুদ্ধ্ন্ক ১৪০ বা তার উধের্ব তাদের বলা হয়_","98","Excellent","CLEAN","0","0"
"2865","source-file","বাংলাদেশ বিষয়াবলি","""ভারত ছাড' আন্দোলন শুরু হয়_","98","Excellent","CLEAN","0","0"
"2866","source-file","বাংলাদেশ বিষয়াবলি","বাংলাদেশের জাতীয় সসদের অধিবেশন আহ্বান করেন কেহ","98","Excellent","CLEAN","0","0"
"2867","source-file","মানসিক দক্ষতা","প্রশ্ন বোধক চিনের স্থানে কোন চিত্রটি বসবে? [চিত্রভিত্তিক প্রশ্ন] 51851 (). (0 (0","98","Excellent","CLEAN","0","0"
"2868","source-file","মানসিক দক্ষতা","ব্যাখ্যা: 11725 (71/09109১6719105181010609001 58006) হলো 117117-এর একটি নিরাপদ স","98","Excellent","CLEAN","0","0"
"2869","source-file","বাংলাদেশ বিষয়াবলি","বিসিএস প্রশ্ন ব্যাক ও সমাধান","94","Good","CLEAN","0","0"
"2870","source-file","বাংলাদেশ বিষয়াবলি","ব্যাখ্যা: লিভারের নীতি ত্বনুযায়ী, বাম দিকের ওজন * বাম দিকের দুরত্ব ডান দিকের ওজ","98","Excellent","CLEAN","0","0"
"2871","source-file","বাংলাদেশ বিষয়াবলি","3, ৭, ১০, ১৪,.....২৩ ধারার শুন্যস্থানের সহখ্যাটি কত?","91","Good","AUTO","1","1"
"2872","source-file","বাংলাদেশ বিষয়াবলি","ব্যাখ্যা: ধারাটির পদগুলোর মধ্যে পার্থক্য ক্রমান্বয়ে বাড়ছে: +২, +৩, +81 পরবর্তী","93","Good","AUTO","1","1"
"2873","source-file","বাংলা ভাষা ও সাহিত্য","আধিত্যকা এর বিপরীতার্থক শব্দ কোনটি?","93","Good","CLEAN","1","0"
"2874","source-file","বাংলা ভাষা ও সাহিত্য","ব্যাখ্যা: বাংলা বানানের নিয়ম ত্বনুযায়ী সঠিক বানানটি হলোণ্যন্ত্রণা (ঘূর্ঘন্য-ণ ","98","Excellent","CLEAN","0","0"
"2875","source-file","বাংলা ভাষা ও সাহিত্য","ইচ্ছা ৯.দ্বারা, দিয়া, কর্তৃক- বাংলা ব্যাকরণ আনুষায়ী কোন বিভক্তি?","93","Good","CLEAN","1","0"
"2876","source-file","বাংলা ভাষা ও সাহিত্য","'অআভিরান' শব্দের আর্থ কী?","98","Excellent","CLEAN","0","0"
"2877","source-file","বাংলা ভাষা ও সাহিত্য","বাহলা কৃৎ -প্রত্যয় সাধিত শব্দ কোনটি?","93","Good","CLEAN","1","0"
"2878","source-file","বাংলা ভাষা ও সাহিত্য","ব্যাখ্যা: যে-সব সংস্কৃত শব্দ কিছুটা পরিবতিত হয়ে বাংলায় ব্যবহৃত হয়, তাদের আর্-","93","Good","CLEAN","1","0"
"2879","source-file","বাংলা ভাষা ও সাহিত্য","'উর্ণনাভ' শব্দটি দিয়ে বোঝায়-","98","Excellent","CLEAN","0","0"
"2880","source-file","বাংলা ভাষা ও সাহিত্য","কিন্তু আরম্ত্ের পূর্বেও ত্যারন্্র ত্যাছে। সন্ধ্যা বেলায় দ্বীপ স্বালার আগে সকাল ","98","Excellent","CLEAN","0","0"
"2881","source-file","বাংলাদেশ বিষয়াবলি","ব্যাখ্যা: 'একটি কালো মেয়ের কথা' তারাশক্কর বন্দ্যোপাধ্যায় রচিত মুক্তিযুদ্ধাভিন্","98","Excellent","CLEAN","0","0"
"2882","source-file","বাংলাদেশ বিষয়াবলি","'ঢাকা প্রকাশ"" সাপ্তাহিক পত্রিকাটির সম্পাদক কে?","93","Good","CLEAN","1","0"
"2883","source-file","বাংলাদেশ বিষয়াবলি","ব্যাখ্যা: ""ডাকা প্রকাশ"" (১৮৬১) ছিল ঢাকার প্রথম বাংলা পত্রিকা। এর সম্পাদক ছিলেন ক","98","Excellent","CLEAN","0","0"
"2884","source-file","বাংলাদেশ বিষয়াবলি","জীবনীকাব্য রচনার জন্য বিখ্যাত :","93","Good","CLEAN","1","0"
"2885","source-file","বাংলাদেশ বিষয়াবলি","ব্যাখ্যা: বৃন্দাবন দাস রচিত'শ্রীচৈতন্যভাগবত""হলো শ্রীচৈতন্যদেবের জীবনকে কেন্দ্র ক","98","Excellent","CLEAN","0","0"
"2886","source-file","বাংলাদেশ বিষয়াবলি","জসীম উদ্দীনের রচনা কোনটি?","93","Good","CLEAN","1","0"
"2887","source-file","বাংলাদেশ বিষয়াবলি","ব্যাখ্যা: ""যাদের দেখেছি"" (১৯৫২) পল্লীকবি জসীমউদ্দীনের লেখা একটি স্মৃতিচারণমূলক গ","98","Excellent","CLEAN","0","0"
"2888","source-file","বাংলাদেশ বিষয়াবলি","শিব রাত্রির সলতে - বাগধারটির আর্থ কী?","95","Excellent","CLEAN","0","0"
"2889","source-file","বাংলাদেশ বিষয়াবলি","এতিহাসিক ছয় দফা ঘোষণা করা হয় ১৯৬৬ সালের-_","93","Good","CLEAN","1","0"
"2890","source-file","বাংলাদেশ বিষয়াবলি","ব্যাখ্যা: জুন চাষ এক ধরনের স্থানান্তরিত পাহাড়ি কৃষি পদ্ধাতি। এটি বাংলাদেশের পাব","93","Good","CLEAN","1","0"
"2891","source-file","বাংলাদেশ বিষয়াবলি","বাংলাদেশে মোট দেশজ উৎপাদনে কৃষিখাতের আবদান-_-","98","Excellent","CLEAN","0","0"
"2892","source-file","বাংলাদেশ বিষয়াবলি","গণপ্রজাতন্ত্রী বাংলাদেশের সগবিধানের কোন ধারায় সকল নাগরিককে আইনের দৃষ্টিতে সসতার","98","Excellent","AUTO","0","1"
"2893","source-file","বাংলাদেশ বিষয়াবলি","ব্যাখ্যা: 'প্রধান নির্বাচন কমিশনার এবৎ নির্বাচন কমিশনার (পারিতোষিক ও করেন?","93","Good","CLEAN","1","0"
"2894","source-file","বাংলাদেশ বিষয়াবলি","একটি কোণেরমানতার পুরক কোণের মানের আর্ধেকের সমান। কোনটির মানকত?","98","Excellent","CLEAN","0","0"
"2895","source-file","বাংলাদেশ বিষয়াবলি","/80 এ 48-৯১০*, ঘদি /১০-২/%৪ হয় তবে, এ এর মান কত?","98","Excellent","CLEAN","0","0"
"2896","source-file","মানসিক দক্ষতা","আগামী পরশুর পরের দিন যদি রবিবার হয় তবে, গতকালের আগের দিন কি বার ছিল?","98","Excellent","CLEAN","0","0"
"2897","source-file","মানসিক দক্ষতা","১৯৯৪ সালের ১ ডিসেম্বর বৃহস্পতিবার হলে ১৯৯ সালের একই তারিখ কি বার হবে?","98","Excellent","CLEAN","0","0"
"2898","source-file","মানসিক দক্ষতা","কোন সংখ্যাটি নিম্নোক্ত ধারায় আন্ত্ভূক্ত নয় ১-২-৫- ১০-১৩-২৬-২৯-৪ট","93","Good","CLEAN","1","0"
"2899","source-file","মানসিক দক্ষতা","কিলোমিটার পুর্ব দিকে গেল। যাত্রা শেষে সে & ত্বস্থান থেকে কত দুরে থাকবে? 153","93","Good","CLEAN","1","0"
"2900","source-file","মানসিক দক্ষতা","প্রশ্নবোধক চিন্কের স্থানে কি বসবে? [চিত্রভি টি ভিক প্রশ্থ]","98","Excellent","CLEAN","0","0"
"2901","source-file","মানসিক দক্ষতা","একটি ঘড়ির দর্পণ প্রতিবিষ্ব নিম্নরুপ। বাস্তবে এই ঘড়িতে কটা বাজে?","98","Excellent","CLEAN","0","0"
"2902","source-file","বাংলাদেশ বিষয়াবলি","বিসিএস প্রশ্ন ব্যাক ও সমাধান","94","Good","CLEAN","0","0"
"2903","source-file","বাংলাদেশ বিষয়াবলি","নিচের চিত্রে মোট কয়টি ত্রিভুজ ত্যাছে? [চিত্রভি দি ভ্তিক]","93","Good","CLEAN","1","0"
"2904","source-file","বাংলাদেশ বিষয়াবলি","প্রশ্নবোধক স্থানে কোন সহখ্যাটি বসবে? [চিত্রভিন্তিক] ০","98","Excellent","CLEAN","0","0"
"2905","source-file","সাধারণ বিজ্ঞান","কোনটি এন্টিবায়োটিক?","93","Good","CLEAN","1","0"
"2906","source-file","সাধারণ বিজ্ঞান","ব্যাখ্যা: পেনিসিলিন হলো একটি ত্যান্টিবায়োটিক যা পেনিসিলিয়াম নামক ছত্রাক থেকে ত","98","Excellent","CLEAN","0","0"
"2907","source-file","সাধারণ বিজ্ঞান","কোনটি বিদ্যুৎ পরিবাহী নয়?","98","Excellent","CLEAN","0","0"
"2908","source-file","সাধারণ বিজ্ঞান","কোনটি নবায়নযোগ্য শক্তির উৎস?","93","Good","CLEAN","1","0"
"2909","source-file","সাধারণ বিজ্ঞান","ব্যাখ্যা: নবায়নযোগ্য শাক্তি হলো সেহ শক্তি যা পুনরায় ব্যবহার করা যায় এবং যা সহ","98","Excellent","CLEAN","0","0"
"2910","source-file","আন্তর্জাতিক বিষয়াবলী","কোনটি মৌলিক পদার্থ?","98","Excellent","CLEAN","0","0"
"2911","source-file","আন্তর্জাতিক বিষয়াবলী","কোন ধাতু স্বাভাবিক তাপমাত্রায় তরল থাকে?","98","Excellent","CLEAN","0","0"
"2912","source-file","বাংলা ভাষা ও সাহিত্য","'শাহনামা' মৌলিক গ্রন্থটি কার?","98","Excellent","CLEAN","0","0"
"2913","source-file","বাংলা ভাষা ও সাহিত্য","ব্যাখ্যা: নাট্যকার নুরুল মোমেন রচিত 'নেমেসিস' একটি একান্কিকা। ১৯৪৩ সালের দুর্ভিক","93","Good","CLEAN","1","0"
"2914","source-file","বাংলা ভাষা ও সাহিত্য","'ঘা কিছু হারায় গিনী বলে, কেষ্টা বেটাই চোর'- এখানে","98","Excellent","AUTO","0","1"
"2915","source-file","বাংলা ভাষা ও সাহিত্য","'মনুয়া' পালাটির রচিয়তা-","98","Excellent","CLEAN","0","0"
"2916","source-file","বাংলা ভাষা ও সাহিত্য","ব্যাখ্যা: বাঙ্গালা ভাষার ইতিবৃত্ত' (১৯৩৯) একটি বিখ্যাত ভাষাতান্ত্িক গ্রন্থ। এর র","93","Good","CLEAN","1","0"
"2917","source-file","বাংলা ভাষা ও সাহিত্য","কোন বানানটি শুদ্ধ?","93","Good","CLEAN","1","0"
"2918","source-file","বাংলা ভাষা ও সাহিত্য","ব্যাখ্যা: কর্মে যাহার ক্লান্তি নাই'- এই বাক্যটির এককথায় প্রকাশ হলো আক্রান্ত কর্","98","Excellent","CLEAN","0","0"
"2919","source-file","বাংলা ভাষা ও সাহিত্য","""জ্ঞান যেখানে সীমাবদ্ধ, বুদ্ধি সেখানে ত্যাডষ্ট, মুক্তি সেখানে তসন্তব।”- এ উক্তিট","98","Excellent","AUTO","0","1"
"2920","source-file","বাংলা ভাষা ও সাহিত্য","কোন নগরীতে মোঘল আমলে সুবে বাংলাররাজঘানী ছিল?","93","Good","CLEAN","1","0"
"2921","source-file","বাংলা ভাষা ও সাহিত্য","ব্যাখ্যা; ১৬১০ সালে মুঘল সুবাদার হসলাম খান চিশতি বাহলার রাভাধানা রাজমহল থেকে ঢাক","93","Good","CLEAN","1","0"
"2922","source-file","বাংলা ভাষা ও সাহিত্য","ব্যাখ্যা: 175150919"" শব্দের যথার্থ বাঙলা পরিভাষা হলো 'বুদ্ধিজীবী'| যদিও বুদ্ধিনা","93","Good","CLEAN","1","0"
"2923","source-file","বাংলা ভাষা ও সাহিত্য","কোন গ্রন্থুটি ঢাকা হতে প্রথম প্রকাশিত হয়েছিল?","98","Excellent","CLEAN","0","0"
"2924","source-file","বাংলা ভাষা ও সাহিত্য","কোন দুটি আঘোষ ধ্বনি?","98","Excellent","CLEAN","0","0"
"2925","source-file","বাংলা ভাষা ও সাহিত্য","কোন বাক্যে সমুচ্চয়ী ত্যব্যয় ব্যবহৃত হয়েছে?","98","Excellent","CLEAN","0","0"
"2926","source-file","বাংলা ভাষা ও সাহিত্য","কোন সালে রবীন্দ্রনাথ ঠাকুরের জন্ম-শতবাধিকী পা হয়ঃ","93","Good","CLEAN","1","0"
"2927","source-file","বাংলা ভাষা ও সাহিত্য","'ত্যনল প্রবাহ' রচনা করেন-","98","Excellent","CLEAN","0","0"